Hours_Studied,Attendance,Previous_Scores,Sleep_Hours,Tutoring_Sessions,Physical_Activity,Gender_Female,Gender_Male,School_Type_Private,School_Type_Public,Extracurricular_Activities_No,Extracurricular_Activities_Yes,Internet_Access_No,Internet_Access_Yes,Learning_Disabilities_No,Learning_Disabilities_Yes,Peer_Influence_Negative,Peer_Influence_Neutral,Peer_Influence_Positive,Parental_Involvement,Access_to_Resources,Motivation_Level,Family_Income,Teacher_Quality,Parental_Education_Level,Distance_from_Home
-1.0200596606158,0.69690614890547,-0.6302312624590697,-0.011497897746499092,2.045735286083975,0.028626206786179966,1,0,0,1,0,1,0,1,1,0,0,0,1,1,1,1,1,2,0,0
0.5069476356499242,1.3934440780291084,1.6609921836388715,1.3478671949191148,-1.2179049679093814,-0.9383447523158153,1,0,1,0,1,0,0,1,1,0,0,1,0,1,0,1,2,1,1,0
1.185617545101357,-0.08669902135862327,-0.8385243030134281,0.6681846485863079,0.4139151590872966,1.9625681249901703,1,0,0,1,0,1,0,1,1,0,1,0,0,0,2,2,0,1,1,1
-0.5110572285272252,-0.6961697093418069,-0.07478315431411428,-0.011497897746499092,0.4139151590872966,0.9955971658881752,0,1,0,1,0,1,0,1,1,0,0,0,1,1,2,0,2,1,2,2
-0.6807247058900834,-0.609102468201352,1.3832681295663938,-0.011497897746499092,-0.40199490441104246,0.9955971658881752,0,1,0,1,1,0,0,1,1,0,1,0,0,1,1,1,0,1,1,0
-0.002054796438650507,0.17450270206274113,-1.0468173435677863,0.6681846485863079,1.2298252225856356,0.9955971658881752,0,1,0,1,0,1,0,1,1,0,0,0,1,0,0,1,1,2,0,1
-0.5110572285272252,-0.609102468201352,1.5221301566026326,-0.691180444079306,-0.40199490441104246,0.028626206786179966,0,1,0,1,0,1,0,1,1,0,0,0,1,1,1,2,1,2,0,0
0.5069476356499242,-0.08669902135862327,0.133509886240244,1.3478671949191148,-0.40199490441104246,0.028626206786179966,0,1,0,1,1,0,0,1,1,0,0,1,0,1,2,1,0,2,0,0
-0.341389751164367,1.567578560310018,-1.5328344381946224,1.3478671949191148,-1.2179049679093814,-1.9053157114178105,0,1,0,1,1,0,0,1,1,0,0,1,0,0,1,1,2,1,0,1
-0.17172227380150873,-0.08669902135862327,0.06407887272212458,-2.05054553674492,-0.40199490441104246,0.028626206786179966,0,1,1,0,1,0,0,1,1,0,0,1,0,1,1,2,1,1,0,0
-1.3593946153415164,-1.3056403973249906,-0.6996622759771891,-0.011497897746499092,0.4139151590872966,-0.9383447523158153,0,1,0,1,1,0,0,1,1,0,0,1,0,0,1,1,1,1,0,0
1.3552850224642152,-0.5220352270608973,-0.9079553165315475,-2.05054553674492,-0.40199490441104246,0.028626206786179966,0,1,1,0,0,1,0,1,1,0,0,1,0,1,0,1,0,1,0,1
0.8462825903756406,-0.2608335036395329,0.6889579943851994,0.6681846485863079,0.4139151590872966,-1.9053157114178105,0,1,0,1,1,0,0,1,1,0,0,0,1,2,2,1,1,1,1,0
0.3372801582870659,1.132242354607744,1.5221301566026326,1.3478671949191148,0.4139151590872966,0.028626206786179966,0,1,0,1,0,1,0,1,0,1,0,1,0,2,0,1,1,1,0,0
-0.6807247058900834,-0.34790074477998767,0.8278200214214383,-0.691180444079306,1.2298252225856356,0.9955971658881752,1,0,1,0,1,0,0,1,1,0,0,1,0,0,1,1,0,1,1,0
0.8462825903756406,-0.9573714327631713,1.591561170120752,1.3478671949191148,-0.40199490441104246,0.028626206786179966,1,0,0,1,0,1,0,1,0,1,1,0,0,2,1,1,0,1,1,1
-0.5110572285272252,1.3934440780291084,0.8972510349395577,0.6681846485863079,2.045735286083975,0.9955971658881752,0,1,1,0,0,1,0,1,1,0,0,0,1,2,2,1,0,0,2,0
1.015950067738499,1.2193095957481987,-1.4634034246765029,2.0275497412519217,0.4139151590872966,1.9625681249901703,0,1,0,1,0,1,0,1,1,0,0,1,0,2,1,0,2,1,0,0
1.8642874545527899,-1.566842120746355,-1.6716964652308612,-0.011497897746499092,0.4139151590872966,-1.9053157114178105,1,0,0,1,0,1,0,1,1,0,0,1,0,1,1,1,1,1,1,2
-1.5290620927043745,0.9581078723268344,-1.5328344381946224,-1.370862990412113,-1.2179049679093814,-0.9383447523158153,1,0,1,0,1,0,0,1,1,0,0,1,0,1,1,1,0,1,2,0
0.5069476356499242,-1.4797748796059,0.27237191327648286,1.3478671949191148,-1.2179049679093814,0.9955971658881752,1,0,1,0,0,1,0,1,1,0,1,0,0,1,1,2,0,1,0,2
-0.6807247058900834,1.2193095957481987,0.27237191327648286,1.3478671949191148,0.4139151590872966,1.9625681249901703,1,0,0,1,1,0,0,1,1,0,0,0,1,1,2,2,2,1,0,1
0.5069476356499242,0.8710406311863795,-0.9079553165315475,-0.011497897746499092,1.2298252225856356,-0.9383447523158153,0,1,1,0,0,1,0,1,1,0,0,0,1,2,1,1,1,0,2,1
-0.341389751164367,-1.4797748796059,0.4806649538308412,0.6681846485863079,-0.40199490441104246,-1.9053157114178105,0,1,1,0,1,0,0,1,1,0,1,0,0,2,2,1,2,1,0,0
-1.0200596606158,0.26156994320319593,0.4112339403127217,-2.05054553674492,-0.40199490441104246,0.9955971658881752,0,1,0,1,1,0,0,1,0,1,1,0,0,0,0,0,0,1,0,1
1.5249524998270736,0.08743546092228634,-0.49136923542283084,-0.011497897746499092,0.4139151590872966,0.9955971658881752,0,1,0,1,1,0,0,1,1,0,0,1,0,2,1,1,1,1,2,0
0.8462825903756406,1.4805113191695631,0.4806649538308412,-1.370862990412113,-0.40199490441104246,1.9625681249901703,0,1,0,1,0,1,0,1,1,0,1,0,0,1,2,2,0,2,1,1
-0.6807247058900834,0.43570442548410554,0.7583890079033189,0.6681846485863079,0.4139151590872966,0.9955971658881752,1,0,1,0,0,1,0,1,1,0,0,1,0,0,2,0,2,1,0,0
-0.341389751164367,0.17450270206274113,-1.6022654517127417,-0.011497897746499092,-0.40199490441104246,0.9955971658881752,1,0,0,1,1,0,0,1,1,0,1,0,0,2,0,0,0,1,0,0
-0.5110572285272252,0.6098389077650151,1.6609921836388715,1.3478671949191148,-0.40199490441104246,0.028626206786179966,0,1,1,0,1,0,0,1,1,0,0,1,0,1,1,1,1,0,0,1
-0.341389751164367,-1.2185731561845357,-1.1162483570859056,1.3478671949191148,-1.2179049679093814,0.028626206786179966,0,1,1,0,0,1,1,0,1,0,0,0,1,1,2,1,0,1,0,0
0.8462825903756406,-0.8703041916227164,-1.324541397640264,1.3478671949191148,-1.2179049679093814,-1.9053157114178105,0,1,0,1,0,1,0,1,1,0,0,0,1,1,1,2,0,1,0,2
-0.341389751164367,-0.2608335036395329,1.3832681295663938,-0.691180444079306,-1.2179049679093814,-0.9383447523158153,1,0,1,0,0,1,0,1,1,0,0,0,1,1,1,2,1,2,2,1
-1.0200596606158,-1.4797748796059,-0.07478315431411428,0.6681846485863079,-0.40199490441104246,0.9955971658881752,1,0,1,0,1,0,0,1,1,0,0,1,0,2,2,1,0,1,2,1
0.5069476356499242,-1.4797748796059,0.06407887272212458,-0.011497897746499092,0.4139151590872966,-1.9053157114178105,0,1,0,1,1,0,0,1,1,0,0,0,1,2,1,1,1,2,0,2
1.015950067738499,-0.08669902135862327,-0.8385243030134281,-1.370862990412113,-1.2179049679093814,-0.9383447523158153,0,1,0,1,0,1,0,1,1,0,0,0,1,1,0,1,0,1,0,0
0.16761268092420772,1.567578560310018,1.3832681295663938,2.0275497412519217,-1.2179049679093814,-1.9053157114178105,0,1,0,1,0,1,0,1,1,0,0,1,0,2,1,1,1,1,0,0
-0.002054796438650507,-0.4349679859204425,-1.1162483570859056,-0.691180444079306,0.4139151590872966,-1.9053157114178105,0,1,0,1,0,1,0,1,1,0,1,0,0,1,0,1,1,1,2,1
-0.5110572285272252,-1.044438673903626,0.20294089975836344,-1.370862990412113,2.045735286083975,-0.9383447523158153,0,1,0,1,0,1,0,1,1,0,0,0,1,1,0,1,0,0,1,0
0.5069476356499242,-0.34790074477998767,0.20294089975836344,-0.691180444079306,0.4139151590872966,-0.9383447523158153,1,0,0,1,0,1,0,1,1,0,0,0,1,0,1,0,2,1,0,1
1.3552850224642152,-0.5220352270608973,1.0361130619757966,0.6681846485863079,0.4139151590872966,0.028626206786179966,0,1,0,1,1,0,0,1,1,0,0,0,1,1,2,2,1,1,2,0
-0.002054796438650507,-1.131505915044081,-1.1162483570859056,-0.691180444079306,-0.40199490441104246,0.9955971658881752,1,0,1,0,1,0,0,1,1,0,1,0,0,2,2,0,1,1,1,0
1.3552850224642152,-0.6961697093418069,-0.8385243030134281,0.6681846485863079,-0.40199490441104246,-0.9383447523158153,0,1,0,1,1,0,0,1,1,0,0,1,0,0,2,0,0,2,0,0
0.16761268092420772,-0.34790074477998767,0.3418029267946023,-0.011497897746499092,1.2298252225856356,-0.9383447523158153,0,1,0,1,0,1,0,1,0,1,1,0,0,0,1,2,0,1,1,0
0.3372801582870659,-0.34790074477998767,1.1749750890120354,0.6681846485863079,-0.40199490441104246,0.9955971658881752,1,0,0,1,0,1,0,1,1,0,0,1,0,1,1,1,0,2,0,0
0.16761268092420772,-0.7832369504822617,-1.1162483570859056,0.6681846485863079,1.2298252225856356,0.028626206786179966,0,1,0,1,0,1,0,1,1,0,0,1,0,0,1,1,0,1,1,1
-1.5290620927043745,-0.9573714327631713,1.244406102530155,-1.370862990412113,-1.2179049679093814,0.9955971658881752,0,1,0,1,1,0,0,1,1,0,1,0,0,1,1,1,1,2,1,0
-0.002054796438650507,0.7839733900459247,-0.07478315431411428,-0.691180444079306,-0.40199490441104246,-0.9383447523158153,0,1,1,0,0,1,0,1,1,0,0,1,0,2,1,1,0,2,0,1
-2.0380645247929494,0.0003682197818315326,-1.6022654517127417,-0.691180444079306,0.4139151590872966,-1.9053157114178105,1,0,0,1,1,0,0,1,1,0,0,0,1,2,0,2,1,1,0,0
1.8642874545527899,0.8710406311863795,-0.9773863300496669,-0.011497897746499092,-1.2179049679093814,0.028626206786179966,0,1,0,1,1,0,0,1,1,0,0,0,1,2,2,0,0,1,0,0
-0.17172227380150873,-1.3927076384654453,0.4112339403127217,1.3478671949191148,-1.2179049679093814,0.028626206786179966,0,1,0,1,0,1,0,1,0,1,0,1,0,0,1,2,1,2,0,0
-1.6987295700672327,-0.6961697093418069,0.5500959673489606,-0.691180444079306,-1.2179049679093814,0.9955971658881752,0,1,0,1,0,1,0,1,1,0,0,0,1,1,1,1,1,1,0,0
0.8462825903756406,0.43570442548410554,-1.7411274787489806,0.6681846485863079,-0.40199490441104246,-1.9053157114178105,1,0,0,1,1,0,0,1,1,0,0,1,0,2,2,2,2,1,1,1
-1.5290620927043745,0.43570442548410554,0.3418029267946023,2.0275497412519217,-1.2179049679093814,0.028626206786179966,1,0,0,1,1,0,1,0,1,0,0,0,1,1,0,0,0,2,1,0
0.16761268092420772,-0.609102468201352,1.591561170120752,-0.011497897746499092,-1.2179049679093814,0.9955971658881752,0,1,0,1,1,0,0,1,0,1,0,0,1,2,1,2,2,2,2,0
0.6766151130127824,0.8710406311863795,1.6609921836388715,0.6681846485863079,-1.2179049679093814,0.028626206786179966,1,0,0,1,1,0,0,1,1,0,0,1,0,2,2,2,0,1,1,1
-1.0200596606158,1.3063768368886535,0.8972510349395577,-0.691180444079306,0.4139151590872966,-0.9383447523158153,0,1,0,1,0,1,0,1,1,0,0,1,0,2,1,1,0,0,0,2
0.6766151130127824,0.17450270206274113,-0.21364518135035315,-0.011497897746499092,-1.2179049679093814,-0.9383447523158153,1,0,0,1,0,1,0,1,1,0,0,0,1,0,1,1,1,2,2,1
0.6766151130127824,0.34863718434365076,0.4806649538308412,-0.691180444079306,-0.40199490441104246,-0.9383447523158153,0,1,0,1,1,0,0,1,1,0,1,0,0,1,1,1,1,1,0,0
0.16761268092420772,-0.9573714327631713,1.1749750890120354,2.0275497412519217,0.4139151590872966,0.028626206786179966,0,1,1,0,0,1,0,1,1,0,0,1,0,1,1,0,0,1,0,0
1.5249524998270736,0.9581078723268344,-1.4634034246765029,-1.370862990412113,0.4139151590872966,0.028626206786179966,0,1,0,1,1,0,0,1,1,0,0,1,0,1,2,0,0,1,2,1
1.3552850224642152,1.045175113467289,1.452699143084513,-1.370862990412113,-0.40199490441104246,0.028626206786179966,0,1,0,1,1,0,0,1,1,0,0,1,0,0,2,2,1,0,1,1
0.3372801582870659,-1.7409766030272644,-1.6022654517127417,-1.370862990412113,-1.2179049679093814,-0.9383447523158153,1,0,0,1,0,1,0,1,1,0,1,0,0,1,1,1,0,1,0,0
0.6766151130127824,1.045175113467289,0.06407887272212458,1.3478671949191148,0.4139151590872966,-0.9383447523158153,1,0,0,1,1,0,0,1,1,0,0,0,1,1,2,1,2,1,0,0
1.3552850224642152,0.6098389077650151,-0.9079553165315475,-2.05054553674492,0.4139151590872966,0.9955971658881752,1,0,0,1,0,1,0,1,1,0,0,0,1,2,1,2,0,2,0,0
1.015950067738499,-1.044438673903626,-0.9079553165315475,2.0275497412519217,2.045735286083975,-0.9383447523158153,1,0,0,1,0,1,0,1,1,0,0,1,0,1,1,2,1,1,2,0
-0.002054796438650507,-0.34790074477998767,0.7583890079033189,-0.011497897746499092,0.4139151590872966,1.9625681249901703,1,0,0,1,0,1,0,1,1,0,1,0,0,1,2,1,1,1,0,0
-0.341389751164367,-1.566842120746355,0.06407887272212458,-0.011497897746499092,0.4139151590872966,0.028626206786179966,1,0,1,0,0,1,0,1,0,1,1,0,0,2,1,1,1,1,1,0
0.3372801582870659,0.26156994320319593,0.5500959673489606,0.6681846485863079,-0.40199490441104246,0.028626206786179966,0,1,1,0,0,1,0,1,0,1,1,0,0,1,1,2,2,1,2,1
-0.6807247058900834,-0.6961697093418069,-1.6022654517127417,1.3478671949191148,-0.40199490441104246,-1.9053157114178105,1,0,0,1,1,0,0,1,0,1,1,0,0,0,1,1,1,2,1,1
-1.868397047430091,1.4805113191695631,-1.2551103841221445,-0.011497897746499092,2.045735286083975,1.9625681249901703,1,0,0,1,0,1,0,1,1,0,0,1,0,0,1,1,1,2,0,2
-1.6987295700672327,-0.9573714327631713,-0.6996622759771891,-1.370862990412113,-1.2179049679093814,0.028626206786179966,1,0,1,0,0,1,0,1,1,0,0,0,1,1,1,0,1,1,0,0
-0.17172227380150873,1.4805113191695631,-1.4634034246765029,0.6681846485863079,-1.2179049679093814,-0.9383447523158153,0,1,0,1,0,1,0,1,1,0,0,1,0,1,0,1,2,1,0,0
-0.8503921832529416,0.5227716666245603,1.6609921836388715,0.6681846485863079,0.4139151590872966,1.9625681249901703,0,1,0,1,1,0,0,1,1,0,0,1,0,1,2,2,1,1,0,0
-1.0200596606158,-0.34790074477998767,0.6889579943851994,-0.011497897746499092,1.2298252225856356,0.028626206786179966,0,1,1,0,1,0,0,1,1,0,0,1,0,1,1,2,0,1,1,0
2.2036224092785064,-1.3927076384654453,-1.3939724111583836,0.6681846485863079,-0.40199490441104246,0.028626206786179966,1,0,0,1,1,0,0,1,1,0,0,1,0,2,1,1,1,2,1,1
-0.002054796438650507,0.6098389077650151,-1.324541397640264,0.6681846485863079,-0.40199490441104246,-1.9053157114178105,1,0,0,1,1,0,1,0,1,0,1,0,0,0,0,1,2,1,1,0
-1.0200596606158,0.5227716666245603,0.133509886240244,-0.691180444079306,1.2298252225856356,0.028626206786179966,0,1,1,0,0,1,0,1,1,0,0,1,0,0,0,1,2,1,0,2
1.3552850224642152,-0.17376626249907806,-0.1442141678322337,1.3478671949191148,0.4139151590872966,0.9955971658881752,1,0,0,1,1,0,0,1,1,0,0,1,0,2,1,2,1,1,1,1
2.2036224092785064,-1.044438673903626,0.8972510349395577,-1.370862990412113,0.4139151590872966,-1.9053157114178105,0,1,0,1,0,1,0,1,1,0,1,0,0,1,0,1,0,1,1,1
-0.8503921832529416,-0.08669902135862327,0.27237191327648286,2.0275497412519217,0.4139151590872966,0.9955971658881752,0,1,1,0,0,1,0,1,1,0,0,1,0,0,1,1,0,1,1,1
0.6766151130127824,-0.4349679859204425,1.3138371160482742,-0.011497897746499092,0.4139151590872966,0.9955971658881752,0,1,0,1,1,0,0,1,1,0,1,0,0,1,0,1,1,2,0,0
2.0339549319156482,0.5227716666245603,0.133509886240244,-0.691180444079306,0.4139151590872966,0.9955971658881752,0,1,1,0,0,1,1,0,1,0,1,0,0,1,1,1,1,0,0,0
1.3552850224642152,-0.7832369504822617,-0.6302312624590697,0.6681846485863079,0.4139151590872966,0.028626206786179966,0,1,1,0,1,0,0,1,1,0,0,0,1,1,2,1,0,1,1,0
-1.189727137978658,0.43570442548410554,0.61952698086708,-0.011497897746499092,-1.2179049679093814,1.9625681249901703,1,0,0,1,0,1,1,0,1,0,0,1,0,0,2,1,0,1,0,1
1.185617545101357,0.08743546092228634,-0.352507208386592,-0.691180444079306,-1.2179049679093814,1.9625681249901703,1,0,0,1,0,1,0,1,1,0,0,0,1,2,2,1,0,1,0,2
-1.5290620927043745,0.34863718434365076,0.6889579943851994,-0.011497897746499092,1.2298252225856356,0.9955971658881752,1,0,0,1,0,1,0,1,1,0,0,1,0,1,1,2,1,1,1,1
1.015950067738499,0.26156994320319593,-1.6022654517127417,-0.691180444079306,-1.2179049679093814,0.028626206786179966,0,1,0,1,1,0,0,1,1,0,1,0,0,2,0,1,0,2,0,0
1.6946199771899317,-1.4797748796059,1.5221301566026326,-1.370862990412113,0.4139151590872966,-0.9383447523158153,1,0,0,1,1,0,0,1,0,1,0,0,1,2,0,2,0,2,1,1
-0.341389751164367,1.2193095957481987,0.8278200214214383,-0.691180444079306,-0.40199490441104246,0.9955971658881752,0,1,0,1,0,1,0,1,1,0,0,0,1,1,1,2,1,1,0,0
0.5069476356499242,-0.08669902135862327,-1.1162483570859056,0.6681846485863079,-0.40199490441104246,0.9955971658881752,0,1,0,1,0,1,0,1,1,0,1,0,0,2,2,0,0,2,1,1
-1.0200596606158,-0.5220352270608973,0.06407887272212458,-0.011497897746499092,-0.40199490441104246,-0.9383447523158153,1,0,0,1,1,0,0,1,1,0,0,1,0,1,1,2,0,2,0,2
0.3372801582870659,1.132242354607744,-1.1162483570859056,1.3478671949191148,1.2298252225856356,0.9955971658881752,1,0,0,1,1,0,0,1,1,0,0,0,1,1,2,0,0,2,2,0
1.3552850224642152,-1.2185731561845357,1.591561170120752,-2.05054553674492,-1.2179049679093814,0.028626206786179966,1,0,0,1,0,1,0,1,1,0,0,0,1,1,0,1,1,2,0,0
0.3372801582870659,1.045175113467289,-1.3939724111583836,-0.011497897746499092,-0.40199490441104246,0.9955971658881752,1,0,0,1,0,1,0,1,1,0,0,0,1,0,2,0,0,1,0,1
0.3372801582870659,-1.4797748796059,0.5500959673489606,0.6681846485863079,1.2298252225856356,-1.9053157114178105,0,1,1,0,1,0,0,1,1,0,1,0,0,0,0,1,1,1,1,0
-2.547066956881524,-1.3056403973249906,1.591561170120752,-0.011497897746499092,-0.40199490441104246,0.028626206786179966,0,1,1,0,0,1,0,1,1,0,0,0,1,1,2,0,0,0,0,2
0.3372801582870659,-1.6539093618868097,-1.0468173435677863,-1.370862990412113,-1.2179049679093814,-0.9383447523158153,0,1,1,0,1,0,0,1,1,0,0,1,0,1,2,2,2,0,0,1
-0.17172227380150873,1.6546458014504728,0.8278200214214383,-0.011497897746499092,-0.40199490441104246,0.9955971658881752,1,0,0,1,0,1,0,1,1,0,0,0,1,1,0,0,1,1,0,1
-1.0200596606158,-0.9573714327631713,-0.9079553165315475,0.6681846485863079,-0.40199490441104246,-0.9383447523158153,0,1,1,0,1,0,0,1,1,0,0,1,0,0,2,2,1,2,0,0
-0.341389751164367,1.3934440780291084,-0.8385243030134281,1.3478671949191148,2.045735286083975,0.028626206786179966,0,1,1,0,1,0,0,1,1,0,0,1,0,1,0,1,0,1,2,0
0.5069476356499242,-0.34790074477998767,1.591561170120752,-0.691180444079306,-0.40199490441104246,0.028626206786179966,0,1,0,1,0,1,0,1,1,0,0,1,0,0,1,1,0,2,1,1
-0.5110572285272252,-0.609102468201352,0.20294089975836344,1.3478671949191148,-1.2179049679093814,0.028626206786179966,1,0,0,1,1,0,0,1,1,0,1,0,0,2,2,1,0,2,2,1
0.8462825903756406,0.7839733900459247,0.4806649538308412,-0.691180444079306,0.4139151590872966,2.929539084092166,0,1,0,1,0,1,0,1,1,0,0,1,0,0,0,2,0,1,2,0
0.6766151130127824,-1.2185731561845357,-0.7690932894953085,-0.691180444079306,-1.2179049679093814,0.9955971658881752,0,1,0,1,1,0,1,0,1,0,0,1,0,1,1,1,1,2,0,0
2.2036224092785064,-0.5220352270608973,-0.7690932894953085,1.3478671949191148,0.4139151590872966,0.9955971658881752,1,0,1,0,1,0,0,1,1,0,0,1,0,1,1,1,1,1,2,0
1.185617545101357,1.2193095957481987,0.133509886240244,-1.370862990412113,-1.2179049679093814,-0.9383447523158153,1,0,0,1,1,0,0,1,1,0,0,0,1,1,0,1,1,2,1,0
-1.3593946153415164,0.17450270206274113,0.133509886240244,2.0275497412519217,-1.2179049679093814,0.9955971658881752,1,0,0,1,0,1,0,1,1,0,0,1,0,2,1,2,1,1,1,2
1.185617545101357,0.17450270206274113,0.8278200214214383,-0.691180444079306,0.4139151590872966,-0.9383447523158153,0,1,0,1,0,1,1,0,1,0,0,0,1,1,1,0,0,2,0,0
-0.5110572285272252,0.9581078723268344,0.7583890079033189,2.0275497412519217,-0.40199490441104246,0.028626206786179966,1,0,0,1,0,1,0,1,0,1,0,1,0,1,0,0,1,1,2,1
1.6946199771899317,0.5227716666245603,0.8278200214214383,-0.691180444079306,-1.2179049679093814,0.9955971658881752,1,0,1,0,0,1,0,1,1,0,0,0,1,2,2,1,0,0,1,0
1.3552850224642152,-0.9573714327631713,1.6609921836388715,0.6681846485863079,-1.2179049679093814,0.028626206786179966,1,0,1,0,1,0,0,1,1,0,1,0,0,1,2,0,2,1,0,1
-1.189727137978658,1.7417130425909275,-1.4634034246765029,-2.05054553674492,1.2298252225856356,-0.9383447523158153,1,0,0,1,0,1,0,1,1,0,0,0,1,0,0,0,0,0,0,0
-0.17172227380150873,-0.8703041916227164,0.9666820484576771,-1.370862990412113,-0.40199490441104246,-0.9383447523158153,0,1,1,0,1,0,0,1,1,0,0,1,0,1,1,1,0,2,0,0
0.5069476356499242,1.2193095957481987,-1.1856793706040252,0.6681846485863079,2.861645349582314,2.929539084092166,1,0,0,1,1,0,0,1,1,0,0,1,0,0,1,2,0,0,0,0
-0.341389751164367,-0.6961697093418069,0.6889579943851994,-0.691180444079306,-0.40199490441104246,-1.9053157114178105,0,1,1,0,1,0,0,1,1,0,0,0,1,2,2,2,2,2,0,1
-0.8503921832529416,-1.3056403973249906,-1.5328344381946224,0.6681846485863079,0.4139151590872966,0.028626206786179966,0,1,0,1,1,0,0,1,1,0,1,0,0,1,1,1,0,1,1,0
0.3372801582870659,-1.3927076384654453,1.105544075493916,0.6681846485863079,-1.2179049679093814,0.9955971658881752,1,0,0,1,0,1,0,1,1,0,0,1,0,0,1,0,0,1,1,1
1.8642874545527899,-1.4797748796059,0.7583890079033189,1.3478671949191148,-1.2179049679093814,0.028626206786179966,0,1,0,1,1,0,0,1,1,0,0,1,0,1,2,0,2,1,2,1
-0.8503921832529416,-1.3927076384654453,-1.3939724111583836,1.3478671949191148,-0.40199490441104246,0.028626206786179966,1,0,0,1,0,1,0,1,1,0,0,1,0,2,2,2,1,0,1,0
0.3372801582870659,-0.34790074477998767,-0.2830761948684726,-0.691180444079306,-1.2179049679093814,-0.9383447523158153,0,1,1,0,0,1,0,1,1,0,0,1,0,1,1,1,0,2,0,1
-0.17172227380150873,1.132242354607744,1.3832681295663938,-0.011497897746499092,1.2298252225856356,0.028626206786179966,1,0,1,0,1,0,0,1,1,0,1,0,0,1,2,0,1,1,0,0
-1.0200596606158,-1.044438673903626,0.8278200214214383,-1.370862990412113,0.4139151590872966,0.028626206786179966,0,1,0,1,0,1,0,1,1,0,0,0,1,2,0,2,1,1,0,2
1.185617545101357,1.7417130425909275,1.5221301566026326,-2.05054553674492,2.045735286083975,0.028626206786179966,1,0,0,1,0,1,0,1,1,0,0,0,1,0,1,0,0,2,0,0
-0.002054796438650507,1.4805113191695631,-0.9079553165315475,-1.370862990412113,-0.40199490441104246,0.9955971658881752,0,1,1,0,1,0,0,1,1,0,0,1,0,1,2,1,1,1,0,2
1.8642874545527899,-0.34790074477998767,1.105544075493916,1.3478671949191148,-0.40199490441104246,0.9955971658881752,0,1,1,0,0,1,0,1,1,0,0,1,0,1,2,1,0,1,2,0
-0.6807247058900834,-1.131505915044081,0.9666820484576771,-0.011497897746499092,1.2298252225856356,0.028626206786179966,0,1,0,1,1,0,0,1,1,0,0,0,1,1,2,2,0,1,1,0
1.185617545101357,-0.4349679859204425,0.7583890079033189,2.0275497412519217,1.2298252225856356,2.929539084092166,1,0,1,0,1,0,1,0,1,0,0,0,1,0,1,1,1,1,2,0
-1.868397047430091,0.5227716666245603,-0.6996622759771891,0.6681846485863079,-1.2179049679093814,0.028626206786179966,1,0,0,1,1,0,0,1,1,0,0,0,1,2,1,2,1,1,1,0
1.015950067738499,-1.6539093618868097,-0.352507208386592,0.6681846485863079,-0.40199490441104246,0.9955971658881752,0,1,1,0,0,1,0,1,0,1,0,1,0,2,1,0,1,1,2,1
1.015950067738499,-0.6961697093418069,0.6889579943851994,0.6681846485863079,0.4139151590872966,0.028626206786179966,0,1,0,1,1,0,0,1,1,0,1,0,0,0,2,1,0,1,0,0
0.5069476356499242,1.4805113191695631,1.6609921836388715,-0.691180444079306,-0.40199490441104246,0.028626206786179966,1,0,1,0,0,1,0,1,1,0,0,0,1,1,1,0,0,1,0,0
0.5069476356499242,-1.566842120746355,0.8278200214214383,-1.370862990412113,-0.40199490441104246,0.9955971658881752,1,0,0,1,0,1,0,1,1,0,1,0,0,1,0,1,1,1,0,0
0.3372801582870659,-1.131505915044081,-0.21364518135035315,-0.011497897746499092,1.2298252225856356,-0.9383447523158153,1,0,0,1,0,1,0,1,1,0,0,0,1,1,1,2,0,2,2,1
-0.17172227380150873,-0.7832369504822617,0.4112339403127217,2.0275497412519217,0.4139151590872966,0.028626206786179966,1,0,0,1,0,1,0,1,1,0,0,0,1,2,1,1,1,2,0,0
0.3372801582870659,0.8710406311863795,1.6609921836388715,-1.370862990412113,-0.40199490441104246,-0.9383447523158153,1,0,1,0,1,0,0,1,1,0,0,0,1,0,2,1,0,0,1,0
-0.6807247058900834,0.5227716666245603,0.20294089975836344,-0.011497897746499092,-0.40199490441104246,0.9955971658881752,0,1,1,0,0,1,0,1,1,0,0,0,1,2,1,0,0,1,2,1
0.3372801582870659,-1.3927076384654453,-0.6996622759771891,0.6681846485863079,0.4139151590872966,0.9955971658881752,1,0,1,0,1,0,0,1,1,0,0,1,0,1,1,0,1,1,2,0
-2.716734434244382,0.9581078723268344,0.7583890079033189,-2.05054553674492,1.2298252225856356,0.9955971658881752,0,1,1,0,1,0,0,1,0,1,0,1,0,1,1,0,0,1,1,1
-0.6807247058900834,1.132242354607744,-0.2830761948684726,-0.011497897746499092,-1.2179049679093814,-0.9383447523158153,0,1,0,1,1,0,0,1,1,0,0,0,1,0,1,1,1,2,0,0
0.6766151130127824,-1.6539093618868097,1.3138371160482742,-1.370862990412113,1.2298252225856356,-0.9383447523158153,1,0,1,0,1,0,0,1,0,1,0,1,0,0,1,1,1,2,1,1
1.6946199771899317,-0.08669902135862327,-1.0468173435677863,1.3478671949191148,-0.40199490441104246,0.028626206786179966,1,0,0,1,1,0,0,1,1,0,0,1,0,1,2,1,0,1,0,0
1.015950067738499,-0.2608335036395329,-0.9773863300496669,0.6681846485863079,-0.40199490441104246,0.9955971658881752,0,1,0,1,0,1,0,1,1,0,0,1,0,1,1,1,0,1,1,1
0.16761268092420772,-0.5220352270608973,-1.6022654517127417,-1.370862990412113,1.2298252225856356,-1.9053157114178105,0,1,1,0,0,1,0,1,1,0,0,0,1,1,1,1,1,1,0,0
-1.0200596606158,1.3063768368886535,-1.6716964652308612,0.6681846485863079,2.861645349582314,0.9955971658881752,1,0,1,0,0,1,0,1,1,0,0,0,1,1,1,1,1,1,1,0
0.8462825903756406,-1.6539093618868097,-0.6996622759771891,0.6681846485863079,1.2298252225856356,0.028626206786179966,1,0,0,1,0,1,0,1,1,0,0,1,0,1,2,0,0,0,1,0
-0.002054796438650507,0.69690614890547,-0.49136923542283084,-0.011497897746499092,-1.2179049679093814,0.9955971658881752,1,0,0,1,0,1,0,1,1,0,0,0,1,1,1,1,0,2,1,0
0.6766151130127824,1.132242354607744,1.0361130619757966,0.6681846485863079,-1.2179049679093814,-0.9383447523158153,0,1,1,0,0,1,0,1,1,0,1,0,0,2,0,2,2,1,1,0
0.16761268092420772,-0.2608335036395329,-0.352507208386592,-0.691180444079306,0.4139151590872966,-0.9383447523158153,0,1,1,0,0,1,1,0,1,0,0,0,1,1,2,0,2,1,1,0
0.5069476356499242,-1.4797748796059,1.730423197156991,-0.011497897746499092,0.4139151590872966,0.028626206786179966,1,0,1,0,1,0,0,1,1,0,0,0,1,2,2,0,1,2,2,0
-1.0200596606158,0.17450270206274113,1.3832681295663938,0.6681846485863079,-0.40199490441104246,0.028626206786179966,0,1,1,0,0,1,0,1,1,0,0,1,0,0,1,1,0,1,2,1
0.8462825903756406,-1.3056403973249906,-0.7690932894953085,-0.691180444079306,-0.40199490441104246,0.9955971658881752,0,1,1,0,1,0,0,1,1,0,1,0,0,0,1,1,1,1,1,0
-0.17172227380150873,1.2193095957481987,-1.6716964652308612,0.6681846485863079,1.2298252225856356,1.9625681249901703,0,1,1,0,1,0,0,1,1,0,0,0,1,0,1,1,1,0,2,0
1.5249524998270736,1.045175113467289,-1.1856793706040252,0.6681846485863079,0.4139151590872966,0.028626206786179966,0,1,1,0,1,0,0,1,1,0,0,1,0,1,2,0,1,0,1,0
-0.5110572285272252,-0.17376626249907806,-0.6996622759771891,1.3478671949191148,-0.40199490441104246,0.9955971658881752,1,0,0,1,0,1,0,1,1,0,0,1,0,1,1,0,1,2,0,1
0.8462825903756406,-0.609102468201352,0.3418029267946023,-0.691180444079306,1.2298252225856356,-0.9383447523158153,1,0,0,1,0,1,0,1,1,0,0,0,1,2,1,1,2,1,0,2
-0.17172227380150873,-1.7409766030272644,-1.6716964652308612,2.0275497412519217,-1.2179049679093814,0.028626206786179966,1,0,0,1,1,0,0,1,0,1,0,0,1,1,2,1,1,1,1,0
-0.8503921832529416,1.4805113191695631,-0.5608002489409503,1.3478671949191148,-0.40199490441104246,-0.9383447523158153,0,1,0,1,0,1,0,1,1,0,0,1,0,0,1,1,0,2,1,0
-0.341389751164367,0.43570442548410554,-0.4219382219047114,-0.011497897746499092,0.4139151590872966,0.9955971658881752,0,1,1,0,1,0,0,1,1,0,0,0,1,1,2,1,0,1,0,0
0.16761268092420772,-0.609102468201352,1.6609921836388715,0.6681846485863079,-0.40199490441104246,0.9955971658881752,0,1,0,1,0,1,0,1,1,0,0,0,1,2,1,1,1,2,1,1
0.3372801582870659,-1.3927076384654453,-0.1442141678322337,-0.691180444079306,1.2298252225856356,0.9955971658881752,1,0,0,1,1,0,0,1,1,0,0,0,1,1,1,2,1,1,2,1
-0.5110572285272252,-0.34790074477998767,-0.352507208386592,-0.691180444079306,0.4139151590872966,0.9955971658881752,0,1,0,1,0,1,0,1,1,0,0,1,0,1,2,0,2,1,2,1
0.8462825903756406,-0.609102468201352,-1.5328344381946224,0.6681846485863079,-1.2179049679093814,1.9625681249901703,1,0,1,0,1,0,1,0,1,0,1,0,0,1,2,2,0,2,2,0
0.5069476356499242,0.5227716666245603,1.105544075493916,0.6681846485863079,-1.2179049679093814,-2.872286670519806,0,1,0,1,1,0,0,1,1,0,1,0,0,1,1,1,0,1,0,0
-1.5290620927043745,0.7839733900459247,0.06407887272212458,1.3478671949191148,-0.40199490441104246,0.028626206786179966,0,1,0,1,0,1,0,1,1,0,0,1,0,1,0,1,1,2,2,2
-0.002054796438650507,-1.566842120746355,1.3138371160482742,0.6681846485863079,-0.40199490441104246,0.028626206786179966,1,0,0,1,1,0,0,1,1,0,0,0,1,2,0,2,1,1,0,0
0.5069476356499242,1.132242354607744,1.244406102530155,-0.011497897746499092,-0.40199490441104246,0.028626206786179966,1,0,0,1,0,1,0,1,1,0,1,0,0,0,2,2,1,2,0,0
2.5429573640042227,0.43570442548410554,-0.1442141678322337,-0.691180444079306,-0.40199490441104246,1.9625681249901703,1,0,0,1,0,1,0,1,1,0,1,0,0,1,2,2,2,1,0,1
-0.341389751164367,0.5227716666245603,-0.4219382219047114,-0.691180444079306,0.4139151590872966,-0.9383447523158153,0,1,0,1,0,1,0,1,1,0,0,0,1,2,0,0,1,2,0,0
-1.189727137978658,-1.6539093618868097,0.61952698086708,0.6681846485863079,-0.40199490441104246,0.028626206786179966,0,1,0,1,0,1,1,0,0,1,0,1,0,0,1,2,1,2,2,2
1.015950067738499,-1.566842120746355,0.27237191327648286,-0.691180444079306,-0.40199490441104246,0.028626206786179966,1,0,0,1,1,0,0,1,0,1,0,0,1,0,1,1,0,1,1,0
-0.17172227380150873,-0.9573714327631713,-0.21364518135035315,-0.011497897746499092,-0.40199490441104246,-0.9383447523158153,1,0,0,1,1,0,0,1,1,0,0,0,1,1,0,1,0,0,0,2
-0.6807247058900834,1.045175113467289,0.06407887272212458,-0.011497897746499092,-1.2179049679093814,-0.9383447523158153,0,1,1,0,0,1,1,0,1,0,0,1,0,1,1,2,2,1,2,2
0.5069476356499242,0.0003682197818315326,1.105544075493916,-0.011497897746499092,2.861645349582314,-1.9053157114178105,1,0,0,1,0,1,0,1,1,0,1,0,0,1,1,0,2,1,0,0
-0.5110572285272252,-1.566842120746355,-0.6302312624590697,-0.011497897746499092,0.4139151590872966,0.9955971658881752,0,1,0,1,1,0,0,1,1,0,0,1,0,1,1,2,2,1,0,1
0.8462825903756406,-1.2185731561845357,-0.2830761948684726,-2.05054553674492,-1.2179049679093814,0.028626206786179966,1,0,0,1,1,0,0,1,0,1,1,0,0,1,2,2,1,1,0,0
0.3372801582870659,0.7839733900459247,-1.1856793706040252,-1.370862990412113,2.045735286083975,-0.9383447523158153,1,0,0,1,0,1,0,1,0,1,0,1,0,1,2,1,2,2,1,0
-1.3593946153415164,1.3063768368886535,0.6889579943851994,-1.370862990412113,0.4139151590872966,-0.9383447523158153,0,1,0,1,0,1,0,1,1,0,1,0,0,1,2,1,2,1,1,0
-0.6807247058900834,-0.2608335036395329,-0.4219382219047114,2.0275497412519217,-0.40199490441104246,0.028626206786179966,1,0,1,0,1,0,0,1,1,0,0,1,0,1,0,1,1,1,0,0
0.3372801582870659,0.5227716666245603,-1.2551103841221445,-1.370862990412113,0.4139151590872966,0.028626206786179966,0,1,0,1,0,1,0,1,1,0,0,0,1,1,1,2,1,1,1,1
-1.5290620927043745,0.17450270206274113,-0.8385243030134281,0.6681846485863079,-0.40199490441104246,1.9625681249901703,0,1,0,1,1,0,0,1,1,0,0,1,0,2,1,2,1,1,0,0
1.015950067738499,1.132242354607744,0.8972510349395577,0.6681846485863079,-0.40199490441104246,0.9955971658881752,0,1,0,1,1,0,0,1,0,1,0,1,0,1,1,1,1,2,1,0
1.3552850224642152,-0.2608335036395329,-1.4634034246765029,1.3478671949191148,-0.40199490441104246,0.028626206786179966,1,0,0,1,0,1,0,1,1,0,0,0,1,2,1,0,2,1,2,0
-1.3593946153415164,-1.131505915044081,0.06407887272212458,-0.691180444079306,-0.40199490441104246,-0.9383447523158153,0,1,0,1,1,0,0,1,1,0,1,0,0,2,2,2,0,1,0,1
-1.6987295700672327,-0.5220352270608973,1.6609921836388715,2.0275497412519217,0.4139151590872966,0.028626206786179966,0,1,0,1,0,1,0,1,1,0,0,1,0,1,1,2,1,2,1,0
-1.0200596606158,1.567578560310018,0.4806649538308412,2.0275497412519217,-0.40199490441104246,0.028626206786179966,0,1,1,0,0,1,0,1,1,0,0,0,1,1,1,2,0,1,0,1
-0.341389751164367,-0.7832369504822617,0.4112339403127217,-0.011497897746499092,-1.2179049679093814,0.9955971658881752,1,0,0,1,0,1,0,1,1,0,1,0,0,1,2,1,1,1,1,1
-0.341389751164367,1.6546458014504728,-1.6716964652308612,2.0275497412519217,-0.40199490441104246,0.9955971658881752,0,1,0,1,0,1,0,1,1,0,0,1,0,1,2,1,1,0,2,0
0.5069476356499242,0.9581078723268344,-0.5608002489409503,2.0275497412519217,0.4139151590872966,-0.9383447523158153,0,1,0,1,1,0,0,1,1,0,0,0,1,2,2,2,0,1,1,0
-1.3593946153415164,1.567578560310018,-0.7690932894953085,0.6681846485863079,2.861645349582314,1.9625681249901703,1,0,0,1,0,1,1,0,1,0,0,1,0,2,0,1,0,1,1,0
-0.17172227380150873,-0.8703041916227164,1.1749750890120354,2.0275497412519217,-0.40199490441104246,0.9955971658881752,0,1,0,1,0,1,0,1,1,0,0,0,1,1,2,1,0,2,0,0
-0.002054796438650507,-0.8703041916227164,0.20294089975836344,-0.691180444079306,-1.2179049679093814,-0.9383447523158153,1,0,1,0,0,1,0,1,1,0,0,0,1,1,1,2,1,1,1,0
-2.0380645247929494,-0.2608335036395329,0.8278200214214383,-0.691180444079306,-1.2179049679093814,-0.9383447523158153,0,1,0,1,0,1,0,1,1,0,0,1,0,2,1,1,0,1,0,1
-1.3593946153415164,1.6546458014504728,1.3138371160482742,-0.691180444079306,0.4139151590872966,0.028626206786179966,0,1,0,1,1,0,0,1,1,0,0,1,0,0,1,1,1,1,2,1
1.185617545101357,-0.8703041916227164,0.3418029267946023,-0.011497897746499092,-0.40199490441104246,0.028626206786179966,1,0,0,1,1,0,0,1,1,0,0,1,0,1,1,0,0,1,0,0
-1.3593946153415164,-0.8703041916227164,1.244406102530155,-0.011497897746499092,-0.40199490441104246,0.9955971658881752,1,0,0,1,0,1,0,1,1,0,0,1,0,1,1,1,0,2,0,2
-1.5290620927043745,1.6546458014504728,0.8972510349395577,1.3478671949191148,0.4139151590872966,-0.9383447523158153,0,1,0,1,0,1,0,1,1,0,0,1,0,1,0,1,0,1,0,1
-0.341389751164367,-0.5220352270608973,-0.4219382219047114,-0.691180444079306,-1.2179049679093814,0.9955971658881752,0,1,0,1,0,1,0,1,1,0,0,0,1,2,1,1,0,1,0,1
-1.0200596606158,-1.044438673903626,-1.6022654517127417,-0.691180444079306,0.4139151590872966,-0.9383447523158153,0,1,0,1,0,1,0,1,1,0,0,0,1,1,1,1,0,1,1,0
0.16761268092420772,0.8710406311863795,-0.9079553165315475,0.6681846485863079,0.4139151590872966,1.9625681249901703,0,1,0,1,0,1,0,1,0,1,1,0,0,0,1,0,1,2,0,0
-1.189727137978658,0.9581078723268344,-0.2830761948684726,1.3478671949191148,-0.40199490441104246,-0.9383447523158153,0,1,0,1,0,1,0,1,1,0,0,0,1,1,0,0,0,1,1,2
-0.002054796438650507,-0.5220352270608973,0.6889579943851994,0.6681846485863079,0.4139151590872966,-2.872286670519806,0,1,0,1,0,1,0,1,1,0,0,0,1,2,1,1,0,1,0,0
0.5069476356499242,0.8710406311863795,0.06407887272212458,0.6681846485863079,0.4139151590872966,0.028626206786179966,1,0,0,1,0,1,0,1,1,0,0,0,1,1,2,2,1,0,0,0
0.8462825903756406,0.69690614890547,-1.5328344381946224,-0.691180444079306,0.4139151590872966,0.9955971658881752,1,0,0,1,0,1,0,1,1,0,1,0,0,0,2,1,1,2,1,0
-1.6987295700672327,-0.34790074477998767,0.27237191327648286,-0.011497897746499092,1.2298252225856356,0.9955971658881752,1,0,1,0,0,1,0,1,1,0,0,1,0,1,0,0,1,1,0,2
0.5069476356499242,0.0003682197818315326,-0.8385243030134281,-0.691180444079306,-1.2179049679093814,-0.9383447523158153,0,1,1,0,1,0,0,1,1,0,0,0,1,0,2,0,2,1,0,0
0.3372801582870659,-0.9573714327631713,-0.07478315431411428,-0.691180444079306,-0.40199490441104246,0.028626206786179966,1,0,0,1,1,0,0,1,0,1,1,0,0,2,1,2,1,0,1,0
0.5069476356499242,-0.08669902135862327,-0.6302312624590697,-0.011497897746499092,-0.40199490441104246,0.028626206786179966,0,1,1,0,0,1,0,1,1,0,0,0,1,0,1,2,2,1,2,0
-0.6807247058900834,-1.6539093618868097,1.1749750890120354,-0.691180444079306,2.045735286083975,0.028626206786179966,0,1,0,1,1,0,0,1,1,0,0,1,0,1,2,2,2,2,0,0
0.8462825903756406,-0.9573714327631713,0.06407887272212458,-0.011497897746499092,-0.40199490441104246,-0.9383447523158153,1,0,0,1,1,0,0,1,1,0,0,0,1,2,1,1,2,1,0,0
1.185617545101357,0.9581078723268344,-1.5328344381946224,-2.05054553674492,-0.40199490441104246,0.028626206786179966,1,0,1,0,1,0,0,1,1,0,0,0,1,1,1,1,0,1,2,0
0.5069476356499242,1.567578560310018,0.8972510349395577,1.3478671949191148,-0.40199490441104246,0.9955971658881752,1,0,0,1,1,0,0,1,1,0,1,0,0,1,1,2,0,1,2,1
-0.17172227380150873,-1.131505915044081,1.591561170120752,0.6681846485863079,0.4139151590872966,-0.9383447523158153,1,0,1,0,0,1,0,1,1,0,1,0,0,0,1,1,0,1,2,0
-0.5110572285272252,1.045175113467289,-1.2551103841221445,-0.691180444079306,0.4139151590872966,-0.9383447523158153,1,0,1,0,0,1,0,1,0,1,0,0,1,0,0,1,1,1,0,1
0.6766151130127824,1.6546458014504728,-1.6716964652308612,2.0275497412519217,-0.40199490441104246,0.028626206786179966,0,1,0,1,1,0,0,1,1,0,0,1,0,1,1,0,0,1,0,0
0.5069476356499242,0.34863718434365076,-0.9773863300496669,-0.011497897746499092,0.4139151590872966,1.9625681249901703,0,1,0,1,1,0,0,1,1,0,0,1,0,1,2,1,1,2,1,1
0.8462825903756406,-0.609102468201352,-0.352507208386592,-0.011497897746499092,-1.2179049679093814,0.9955971658881752,0,1,1,0,0,1,0,1,1,0,0,1,0,1,2,0,0,1,2,1
0.16761268092420772,0.26156994320319593,0.9666820484576771,-0.011497897746499092,-1.2179049679093814,-0.9383447523158153,1,0,0,1,0,1,1,0,1,0,0,1,0,2,0,0,0,0,1,1
0.6766151130127824,1.567578560310018,1.6609921836388715,1.3478671949191148,0.4139151590872966,-0.9383447523158153,1,0,0,1,0,1,0,1,1,0,0,1,0,1,0,2,0,2,2,2
-0.6807247058900834,0.17450270206274113,0.4112339403127217,-0.691180444079306,-0.40199490441104246,0.9955971658881752,0,1,1,0,0,1,0,1,1,0,0,1,0,1,2,1,1,1,1,0
1.185617545101357,-0.7832369504822617,-1.6716964652308612,1.3478671949191148,1.2298252225856356,-1.9053157114178105,1,0,0,1,0,1,1,0,1,0,0,1,0,1,1,1,2,1,1,2
1.5249524998270736,1.2193095957481987,1.3832681295663938,-2.05054553674492,-0.40199490441104246,1.9625681249901703,0,1,0,1,0,1,0,1,1,0,0,0,1,0,2,1,1,1,0,0
0.5069476356499242,0.9581078723268344,-0.005352140795994853,-0.011497897746499092,0.4139151590872966,-0.9383447523158153,0,1,0,1,0,1,0,1,1,0,1,0,0,1,2,0,0,2,0,2
0.16761268092420772,-0.17376626249907806,-1.0468173435677863,2.0275497412519217,1.2298252225856356,1.9625681249901703,0,1,0,1,1,0,0,1,1,0,1,0,0,1,2,1,2,1,0,1
0.8462825903756406,-0.9573714327631713,-0.49136923542283084,-1.370862990412113,0.4139151590872966,0.9955971658881752,0,1,0,1,0,1,0,1,1,0,0,0,1,2,0,1,2,2,1,2
-0.341389751164367,-1.044438673903626,0.9666820484576771,0.6681846485863079,-1.2179049679093814,0.028626206786179966,0,1,0,1,0,1,0,1,1,0,1,0,0,2,0,1,1,0,1,2
0.3372801582870659,-0.7832369504822617,-1.324541397640264,0.6681846485863079,-1.2179049679093814,-0.9383447523158153,0,1,0,1,0,1,0,1,1,0,0,1,0,1,1,0,1,2,2,0
-0.002054796438650507,-1.131505915044081,0.06407887272212458,-0.011497897746499092,-1.2179049679093814,0.9955971658881752,0,1,0,1,0,1,0,1,1,0,0,1,0,0,1,1,1,1,0,0
1.5249524998270736,1.3934440780291084,-0.21364518135035315,-0.011497897746499092,-0.40199490441104246,0.028626206786179966,0,1,0,1,0,1,0,1,1,0,0,0,1,1,0,1,0,1,0,1
0.5069476356499242,1.2193095957481987,-0.9773863300496669,1.3478671949191148,-1.2179049679093814,-1.9053157114178105,1,0,0,1,0,1,1,0,0,1,1,0,0,1,2,1,1,1,2,1
-1.3593946153415164,0.17450270206274113,0.27237191327648286,1.3478671949191148,-1.2179049679093814,-0.9383447523158153,1,0,1,0,1,0,0,1,1,0,0,0,1,0,1,2,0,1,1,1
0.6766151130127824,-0.5220352270608973,0.20294089975836344,-0.691180444079306,1.2298252225856356,0.028626206786179966,1,0,0,1,0,1,0,1,1,0,0,0,1,2,1,1,0,2,1,0
-0.5110572285272252,1.567578560310018,1.3138371160482742,1.3478671949191148,-1.2179049679093814,0.028626206786179966,0,1,0,1,1,0,0,1,1,0,1,0,0,2,2,0,2,0,1,0
1.3552850224642152,-1.4797748796059,0.8972510349395577,0.6681846485863079,0.4139151590872966,-0.9383447523158153,0,1,0,1,1,0,0,1,1,0,0,0,1,1,1,1,0,2,0,0
-0.17172227380150873,-0.34790074477998767,-0.6302312624590697,-1.370862990412113,0.4139151590872966,0.9955971658881752,1,0,1,0,0,1,0,1,1,0,0,0,1,1,0,1,1,1,1,0
0.5069476356499242,-1.131505915044081,-0.8385243030134281,-0.691180444079306,1.2298252225856356,0.028626206786179966,0,1,1,0,0,1,0,1,1,0,0,1,0,1,1,2,0,2,0,0
-0.6807247058900834,-0.08669902135862327,0.8278200214214383,1.3478671949191148,-0.40199490441104246,-0.9383447523158153,1,0,0,1,0,1,0,1,1,0,0,1,0,0,1,1,0,1,1,1
-0.17172227380150873,-0.4349679859204425,0.8972510349395577,-0.011497897746499092,-0.40199490441104246,0.028626206786179966,0,1,1,0,0,1,0,1,1,0,0,0,1,1,1,0,1,1,2,1
0.6766151130127824,0.0003682197818315326,1.5221301566026326,-0.011497897746499092,-1.2179049679093814,0.9955971658881752,1,0,1,0,0,1,0,1,1,0,0,1,0,1,2,1,0,2,0,1
-1.189727137978658,-0.5220352270608973,0.8972510349395577,-1.370862990412113,1.2298252225856356,0.028626206786179966,1,0,1,0,0,1,0,1,0,1,0,1,0,2,2,0,0,1,1,0
0.6766151130127824,0.08743546092228634,-0.9773863300496669,-0.691180444079306,1.2298252225856356,0.028626206786179966,0,1,0,1,0,1,0,1,1,0,0,0,1,0,1,0,1,1,2,0
-1.0200596606158,0.43570442548410554,0.133509886240244,-1.370862990412113,0.4139151590872966,0.028626206786179966,0,1,0,1,0,1,0,1,1,0,0,0,1,2,2,1,0,2,0,0
-0.8503921832529416,1.132242354607744,0.20294089975836344,-0.011497897746499092,-1.2179049679093814,0.9955971658881752,0,1,0,1,0,1,0,1,1,0,1,0,0,1,1,0,1,1,0,1
-0.8503921832529416,1.567578560310018,-0.9773863300496669,-0.011497897746499092,-0.40199490441104246,0.028626206786179966,1,0,1,0,0,1,0,1,1,0,0,0,1,2,2,1,0,2,1,1
1.5249524998270736,-1.6539093618868097,-0.9773863300496669,1.3478671949191148,-1.2179049679093814,0.028626206786179966,0,1,1,0,1,0,0,1,1,0,1,0,0,1,2,1,0,1,0,0
-0.341389751164367,1.567578560310018,-0.6302312624590697,-1.370862990412113,-1.2179049679093814,-2.872286670519806,0,1,1,0,0,1,0,1,1,0,1,0,0,1,2,1,1,1,2,0
2.7126248413670813,-1.3927076384654453,0.4806649538308412,-1.370862990412113,0.4139151590872966,-0.9383447523158153,1,0,1,0,0,1,0,1,1,0,0,0,1,1,1,1,1,2,0,0
-0.5110572285272252,-0.17376626249907806,0.7583890079033189,-0.011497897746499092,-1.2179049679093814,0.028626206786179966,1,0,0,1,1,0,1,0,1,0,0,1,0,1,1,1,0,0,1,0
-0.6807247058900834,0.9581078723268344,1.3138371160482742,1.3478671949191148,-1.2179049679093814,0.028626206786179966,0,1,0,1,1,0,0,1,1,0,0,0,1,1,2,0,2,1,2,0
0.5069476356499242,1.4805113191695631,-0.9079553165315475,1.3478671949191148,-1.2179049679093814,-0.9383447523158153,0,1,1,0,0,1,0,1,1,0,0,0,1,1,0,1,0,1,2,0
-1.0200596606158,-0.5220352270608973,-0.6302312624590697,-0.011497897746499092,-1.2179049679093814,0.028626206786179966,0,1,1,0,0,1,0,1,1,0,1,0,0,0,1,1,1,2,2,0
-0.341389751164367,-1.566842120746355,-1.4634034246765029,-0.011497897746499092,0.4139151590872966,0.028626206786179966,0,1,1,0,0,1,0,1,1,0,0,0,1,1,1,1,1,2,2,1
0.16761268092420772,-1.3056403973249906,-0.5608002489409503,0.6681846485863079,-0.40199490441104246,0.9955971658881752,1,0,0,1,0,1,1,0,1,0,0,0,1,1,2,0,0,1,0,0
-0.8503921832529416,1.132242354607744,0.3418029267946023,-0.011497897746499092,-1.2179049679093814,0.028626206786179966,1,0,0,1,0,1,0,1,1,0,0,0,1,1,0,0,0,1,0,0
-0.6807247058900834,0.26156994320319593,-1.0468173435677863,-0.011497897746499092,-1.2179049679093814,-1.9053157114178105,1,0,0,1,0,1,0,1,1,0,0,0,1,1,1,1,2,1,1,1
-0.17172227380150873,0.26156994320319593,0.133509886240244,0.6681846485863079,-0.40199490441104246,0.9955971658881752,0,1,0,1,1,0,0,1,1,0,0,0,1,1,1,2,0,1,0,2
1.015950067738499,0.69690614890547,0.4112339403127217,-0.691180444079306,-0.40199490441104246,-0.9383447523158153,0,1,0,1,1,0,0,1,1,0,0,0,1,0,2,1,2,1,0,0
1.015950067738499,-0.08669902135862327,1.5221301566026326,-0.011497897746499092,-0.40199490441104246,-0.9383447523158153,0,1,1,0,1,0,0,1,1,0,0,0,1,1,0,1,2,1,0,0
0.3372801582870659,-1.566842120746355,-0.352507208386592,-0.011497897746499092,2.045735286083975,-0.9383447523158153,1,0,0,1,0,1,0,1,1,0,1,0,0,2,1,0,0,1,1,0
-0.341389751164367,0.34863718434365076,1.3138371160482742,-0.691180444079306,1.2298252225856356,0.9955971658881752,0,1,0,1,1,0,0,1,1,0,0,1,0,2,2,1,2,1,0,0
-0.8503921832529416,-0.609102468201352,-1.6716964652308612,-0.011497897746499092,0.4139151590872966,0.028626206786179966,0,1,1,0,0,1,0,1,1,0,1,0,0,1,0,1,0,2,0,1
2.8822923187299394,-0.08669902135862327,1.3832681295663938,-0.691180444079306,-0.40199490441104246,-1.9053157114178105,0,1,0,1,1,0,0,1,1,0,1,0,0,1,2,2,2,1,0,0
-0.17172227380150873,0.26156994320319593,-0.7690932894953085,-0.691180444079306,-1.2179049679093814,1.9625681249901703,1,0,1,0,1,0,0,1,1,0,1,0,0,2,2,1,1,1,2,0
-0.17172227380150873,0.34863718434365076,1.0361130619757966,0.6681846485863079,0.4139151590872966,0.028626206786179966,0,1,1,0,0,1,0,1,1,0,0,1,0,0,1,2,0,1,2,2
0.16761268092420772,-1.3927076384654453,0.20294089975836344,-0.011497897746499092,-0.40199490441104246,0.9955971658881752,0,1,0,1,0,1,0,1,1,0,0,0,1,2,0,0,1,1,0,0
-0.002054796438650507,-0.5220352270608973,-0.5608002489409503,-0.691180444079306,-1.2179049679093814,0.9955971658881752,1,0,1,0,0,1,0,1,0,1,1,0,0,0,1,2,1,1,1,1
-1.5290620927043745,-1.3927076384654453,0.20294089975836344,-1.370862990412113,0.4139151590872966,0.9955971658881752,0,1,1,0,0,1,0,1,1,0,0,1,0,2,1,0,0,2,1,1
-0.6807247058900834,-1.566842120746355,0.9666820484576771,-2.05054553674492,1.2298252225856356,0.028626206786179966,1,0,0,1,1,0,0,1,1,0,0,1,0,2,1,2,0,1,1,0
1.015950067738499,-1.6539093618868097,-0.352507208386592,-0.691180444079306,0.4139151590872966,0.028626206786179966,1,0,0,1,0,1,0,1,1,0,0,0,1,1,0,1,0,1,0,1
0.5069476356499242,-1.7409766030272644,-1.324541397640264,1.3478671949191148,-1.2179049679093814,0.9955971658881752,1,0,1,0,0,1,1,0,1,0,1,0,0,2,1,0,0,1,0,1
0.3372801582870659,0.9581078723268344,0.4112339403127217,-2.05054553674492,0.4139151590872966,0.028626206786179966,0,1,1,0,1,0,0,1,1,0,1,0,0,1,0,1,0,2,0,0
1.6946199771899317,-1.2185731561845357,-0.9773863300496669,-0.011497897746499092,-1.2179049679093814,-0.9383447523158153,0,1,1,0,1,0,0,1,1,0,0,0,1,1,2,0,2,2,0,2
-1.0200596606158,-1.566842120746355,-0.6996622759771891,0.6681846485863079,1.2298252225856356,-0.9383447523158153,0,1,0,1,0,1,0,1,1,0,1,0,0,2,2,0,0,1,0,2
0.16761268092420772,-0.5220352270608973,0.8972510349395577,-1.370862990412113,-0.40199490441104246,-1.9053157114178105,0,1,0,1,0,1,0,1,1,0,0,1,0,0,1,1,1,2,1,0
-0.5110572285272252,1.567578560310018,-0.2830761948684726,2.0275497412519217,-1.2179049679093814,0.028626206786179966,1,0,1,0,0,1,0,1,1,0,0,0,1,2,0,1,0,2,2,1
-0.8503921832529416,0.69690614890547,-0.2830761948684726,0.6681846485863079,-0.40199490441104246,-0.9383447523158153,0,1,1,0,0,1,1,0,1,0,0,0,1,0,0,1,0,0,2,1
-0.002054796438650507,-0.08669902135862327,-1.3939724111583836,0.6681846485863079,1.2298252225856356,0.9955971658881752,1,0,1,0,0,1,0,1,1,0,0,0,1,1,0,0,0,1,0,0
-1.0200596606158,-0.7832369504822617,0.133509886240244,-2.05054553674492,-1.2179049679093814,0.028626206786179966,1,0,0,1,1,0,0,1,1,0,1,0,0,2,2,1,1,1,0,0
-1.0200596606158,-1.044438673903626,0.27237191327648286,1.3478671949191148,0.4139151590872966,0.9955971658881752,1,0,1,0,0,1,0,1,1,0,0,0,1,2,2,0,0,1,1,0
-1.6987295700672327,-0.7832369504822617,-1.5328344381946224,2.0275497412519217,2.045735286083975,0.028626206786179966,1,0,1,0,1,0,0,1,1,0,0,0,1,1,0,0,2,1,0,0
-0.17172227380150873,1.567578560310018,0.06407887272212458,-1.370862990412113,0.4139151590872966,0.028626206786179966,0,1,1,0,0,1,0,1,1,0,0,0,1,1,2,1,1,1,0,1
0.5069476356499242,0.6098389077650151,0.27237191327648286,0.6681846485863079,0.4139151590872966,-0.9383447523158153,0,1,0,1,1,0,0,1,1,0,0,1,0,1,1,2,0,2,2,0
-0.17172227380150873,0.9581078723268344,-1.6022654517127417,-0.691180444079306,0.4139151590872966,0.9955971658881752,0,1,0,1,1,0,0,1,0,1,1,0,0,2,0,1,0,1,0,1
-0.17172227380150873,-0.5220352270608973,0.06407887272212458,-0.011497897746499092,-0.40199490441104246,0.028626206786179966,1,0,0,1,1,0,0,1,1,0,0,1,0,1,1,2,2,1,1,0
-0.17172227380150873,-0.6961697093418069,-0.6302312624590697,-0.691180444079306,-1.2179049679093814,-0.9383447523158153,0,1,1,0,1,0,0,1,1,0,0,1,0,1,0,1,1,2,2,0
0.3372801582870659,-0.5220352270608973,-1.6716964652308612,2.0275497412519217,-0.40199490441104246,0.9955971658881752,0,1,1,0,0,1,1,0,1,0,1,0,0,1,2,1,1,1,0,0
-1.5290620927043745,0.43570442548410554,1.1749750890120354,-2.05054553674492,-1.2179049679093814,-1.9053157114178105,0,1,0,1,0,1,0,1,1,0,0,1,0,1,0,0,1,2,1,0
0.8462825903756406,0.0003682197818315326,-1.5328344381946224,-0.011497897746499092,-0.40199490441104246,0.028626206786179966,0,1,1,0,1,0,0,1,1,0,0,1,0,2,0,1,1,1,1,1
1.8642874545527899,1.045175113467289,-1.3939724111583836,-0.011497897746499092,1.2298252225856356,0.028626206786179966,0,1,0,1,0,1,0,1,1,0,0,0,1,2,1,1,0,2,0,0
0.3372801582870659,-1.3927076384654453,0.133509886240244,2.0275497412519217,2.861645349582314,0.028626206786179966,0,1,0,1,0,1,0,1,0,1,0,1,0,1,1,2,1,1,0,0
0.16761268092420772,1.3934440780291084,0.8278200214214383,1.3478671949191148,-1.2179049679093814,2.929539084092166,1,0,0,1,0,1,0,1,0,1,0,1,0,1,1,1,1,1,0,0
-0.002054796438650507,-0.5220352270608973,-1.1162483570859056,-0.011497897746499092,2.861645349582314,0.9955971658881752,1,0,0,1,0,1,0,1,1,0,0,0,1,1,1,0,2,1,0,0
-0.6807247058900834,1.3934440780291084,-1.7411274787489806,-0.691180444079306,-0.40199490441104246,0.028626206786179966,0,1,0,1,1,0,0,1,1,0,0,0,1,1,1,2,1,2,1,0
0.5069476356499242,0.6098389077650151,-1.1162483570859056,-1.370862990412113,-0.40199490441104246,0.9955971658881752,0,1,0,1,1,0,0,1,1,0,0,1,0,1,2,1,2,0,1,0
0.3372801582870659,-0.7832369504822617,-1.1856793706040252,0.6681846485863079,0.4139151590872966,0.9955971658881752,1,0,0,1,1,0,1,0,1,0,1,0,0,2,1,1,0,1,1,0
-0.17172227380150873,0.08743546092228634,1.0361130619757966,0.6681846485863079,0.4139151590872966,0.028626206786179966,1,0,1,0,1,0,0,1,1,0,0,1,0,0,2,1,0,1,0,0
1.185617545101357,1.3934440780291084,1.244406102530155,-0.011497897746499092,0.4139151590872966,-0.9383447523158153,0,1,0,1,1,0,0,1,1,0,0,1,0,1,1,1,1,1,1,0
0.3372801582870659,0.9581078723268344,1.3832681295663938,0.6681846485863079,-0.40199490441104246,-0.9383447523158153,0,1,1,0,0,1,0,1,1,0,0,1,0,0,1,1,0,2,0,0
2.2036224092785064,1.132242354607744,1.591561170120752,-0.011497897746499092,-1.2179049679093814,-0.9383447523158153,1,0,0,1,0,1,0,1,0,1,1,0,0,2,2,0,1,1,0,0
0.3372801582870659,-0.609102468201352,1.105544075493916,-1.370862990412113,-0.40199490441104246,0.028626206786179966,0,1,0,1,1,0,0,1,1,0,0,0,1,2,0,1,1,1,2,1
-1.0200596606158,0.8710406311863795,-0.6302312624590697,-0.011497897746499092,-0.40199490441104246,1.9625681249901703,0,1,0,1,0,1,0,1,1,0,0,1,0,0,1,1,1,1,1,0
-0.002054796438650507,0.26156994320319593,0.133509886240244,1.3478671949191148,-1.2179049679093814,0.028626206786179966,0,1,0,1,1,0,0,1,0,1,0,0,1,2,0,2,0,1,0,0
-0.6807247058900834,0.34863718434365076,1.244406102530155,-0.691180444079306,-1.2179049679093814,0.028626206786179966,0,1,0,1,0,1,0,1,1,0,0,0,1,1,2,1,2,1,0,1
0.5069476356499242,0.6098389077650151,1.105544075493916,0.6681846485863079,-1.2179049679093814,0.028626206786179966,0,1,1,0,0,1,0,1,1,0,0,0,1,2,2,2,2,1,0,1
-0.17172227380150873,1.3934440780291084,1.5221301566026326,0.6681846485863079,1.2298252225856356,-0.9383447523158153,0,1,0,1,0,1,0,1,1,0,1,0,0,1,1,1,1,1,0,0
-0.6807247058900834,-0.7832369504822617,-0.21364518135035315,-0.011497897746499092,-0.40199490441104246,0.9955971658881752,1,0,1,0,0,1,0,1,1,0,0,1,0,2,2,0,1,0,1,1
1.3552850224642152,0.08743546092228634,1.452699143084513,-0.691180444079306,0.4139151590872966,1.9625681249901703,0,1,1,0,0,1,0,1,1,0,0,0,1,1,1,2,0,1,0,1
-0.341389751164367,-1.6539093618868097,-0.2830761948684726,-1.370862990412113,1.2298252225856356,0.028626206786179966,0,1,1,0,0,1,0,1,1,0,0,1,0,2,0,0,2,2,1,0
-0.5110572285272252,1.7417130425909275,1.591561170120752,0.6681846485863079,-1.2179049679093814,0.9955971658881752,0,1,0,1,1,0,0,1,1,0,0,0,1,2,1,0,1,2,1,0
0.5069476356499242,0.34863718434365076,1.244406102530155,0.6681846485863079,-0.40199490441104246,0.028626206786179966,0,1,0,1,0,1,0,1,1,0,0,0,1,2,2,1,2,1,2,2
-0.6807247058900834,0.17450270206274113,-0.005352140795994853,-0.691180444079306,1.2298252225856356,0.028626206786179966,1,0,0,1,0,1,0,1,1,0,0,1,0,2,2,0,1,1,1,1
0.6766151130127824,-1.7409766030272644,1.1749750890120354,-0.691180444079306,1.2298252225856356,-0.9383447523158153,0,1,0,1,0,1,0,1,1,0,0,0,1,0,1,0,1,1,1,0
0.16761268092420772,-1.044438673903626,-1.6022654517127417,0.6681846485863079,1.2298252225856356,-0.9383447523158153,0,1,0,1,0,1,0,1,1,0,0,1,0,1,2,1,0,1,1,1
-0.17172227380150873,0.8710406311863795,-0.49136923542283084,0.6681846485863079,-1.2179049679093814,0.9955971658881752,0,1,0,1,1,0,0,1,1,0,1,0,0,1,1,0,2,1,0,1
-0.17172227380150873,0.17450270206274113,-0.07478315431411428,-0.691180444079306,-0.40199490441104246,-0.9383447523158153,0,1,0,1,1,0,0,1,1,0,0,1,0,0,0,1,1,2,0,1
-0.341389751164367,-1.6539093618868097,-0.6302312624590697,-0.691180444079306,-0.40199490441104246,-0.9383447523158153,1,0,0,1,1,0,0,1,1,0,0,0,1,1,1,1,1,2,0,1
-1.5290620927043745,0.08743546092228634,-0.8385243030134281,-0.011497897746499092,1.2298252225856356,-0.9383447523158153,0,1,0,1,0,1,0,1,1,0,0,1,0,0,2,1,1,1,2,0
1.5249524998270736,-0.34790074477998767,-0.21364518135035315,1.3478671949191148,-0.40199490441104246,0.028626206786179966,0,1,0,1,0,1,0,1,1,0,0,0,1,1,0,1,2,1,0,0
2.0339549319156482,0.43570442548410554,-0.8385243030134281,1.3478671949191148,0.4139151590872966,0.028626206786179966,0,1,0,1,0,1,1,0,1,0,0,1,0,1,0,0,2,1,0,1
0.3372801582870659,0.8710406311863795,-0.6302312624590697,-0.011497897746499092,-1.2179049679093814,-1.9053157114178105,0,1,0,1,0,1,0,1,1,0,0,0,1,1,1,0,0,1,2,0
-0.341389751164367,-0.8703041916227164,0.27237191327648286,-0.691180444079306,-0.40199490441104246,-0.9383447523158153,1,0,0,1,1,0,0,1,1,0,0,0,1,2,0,1,1,2,1,0
-0.5110572285272252,0.6098389077650151,-1.5328344381946224,1.3478671949191148,1.2298252225856356,0.028626206786179966,1,0,0,1,0,1,0,1,1,0,0,0,1,1,1,0,0,1,2,1
1.5249524998270736,-0.17376626249907806,1.1749750890120354,-0.691180444079306,0.4139151590872966,0.9955971658881752,0,1,1,0,1,0,0,1,1,0,1,0,0,2,1,1,0,1,0,0
-0.341389751164367,0.08743546092228634,1.3832681295663938,-0.691180444079306,-0.40199490441104246,0.028626206786179966,0,1,0,1,1,0,0,1,1,0,0,0,1,2,2,0,1,1,0,0
-0.5110572285272252,-0.17376626249907806,1.591561170120752,0.6681846485863079,0.4139151590872966,-0.9383447523158153,0,1,1,0,1,0,0,1,1,0,0,0,1,1,1,0,1,1,0,0
-1.6987295700672327,1.2193095957481987,-0.2830761948684726,-1.370862990412113,-0.40199490441104246,0.028626206786179966,0,1,0,1,1,0,0,1,1,0,0,0,1,2,0,1,2,1,0,1
0.3372801582870659,-1.3927076384654453,1.591561170120752,-0.011497897746499092,-0.40199490441104246,0.028626206786179966,0,1,0,1,1,0,1,0,1,0,1,0,0,0,1,0,1,1,0,0
-1.3593946153415164,-0.9573714327631713,-0.352507208386592,-0.011497897746499092,-0.40199490441104246,0.9955971658881752,0,1,1,0,1,0,0,1,1,0,0,0,1,2,0,1,1,1,0,0
-1.5290620927043745,0.26156994320319593,-1.3939724111583836,-0.691180444079306,-1.2179049679093814,0.9955971658881752,1,0,0,1,0,1,0,1,0,1,0,0,1,1,0,0,0,1,2,0
-0.6807247058900834,-1.566842120746355,1.0361130619757966,0.6681846485863079,0.4139151590872966,-0.9383447523158153,0,1,0,1,0,1,0,1,1,0,0,1,0,0,1,0,2,1,2,2
-0.6807247058900834,0.26156994320319593,-1.2551103841221445,-0.691180444079306,-1.2179049679093814,0.9955971658881752,1,0,0,1,1,0,0,1,0,1,0,0,1,0,1,1,2,0,0,0
-0.5110572285272252,-1.6539093618868097,-1.1856793706040252,-0.691180444079306,-0.40199490441104246,0.9955971658881752,0,1,0,1,0,1,0,1,1,0,0,1,0,0,0,1,1,2,0,0
0.16761268092420772,1.567578560310018,-0.49136923542283084,-0.011497897746499092,-1.2179049679093814,0.028626206786179966,1,0,0,1,0,1,0,1,0,1,0,0,1,2,1,2,1,1,1,0
-1.189727137978658,-1.4797748796059,-1.3939724111583836,-0.691180444079306,-1.2179049679093814,0.9955971658881752,0,1,0,1,1,0,0,1,1,0,0,0,1,2,1,2,1,0,2,0
-1.868397047430091,-0.17376626249907806,1.730423197156991,-0.011497897746499092,0.4139151590872966,-0.9383447523158153,0,1,0,1,0,1,0,1,1,0,0,0,1,2,1,0,1,1,0,0
-0.6807247058900834,0.08743546092228634,0.6889579943851994,-1.370862990412113,0.4139151590872966,0.028626206786179966,0,1,0,1,0,1,1,0,1,0,0,0,1,1,2,2,0,1,1,0
1.185617545101357,1.2193095957481987,0.9666820484576771,-0.011497897746499092,1.2298252225856356,-0.9383447523158153,1,0,1,0,0,1,0,1,1,0,0,0,1,0,1,1,0,1,1,0
-0.17172227380150873,-1.044438673903626,1.591561170120752,-0.691180444079306,0.4139151590872966,-1.9053157114178105,1,0,0,1,0,1,0,1,1,0,0,0,1,1,1,0,0,1,0,1
0.8462825903756406,-0.8703041916227164,-1.6716964652308612,-0.011497897746499092,1.2298252225856356,0.9955971658881752,0,1,0,1,0,1,0,1,1,0,0,0,1,1,1,2,0,1,0,1
-0.8503921832529416,0.7839733900459247,1.591561170120752,2.0275497412519217,-1.2179049679093814,-0.9383447523158153,0,1,1,0,1,0,0,1,1,0,0,0,1,2,0,0,0,1,1,0
-0.5110572285272252,-1.3056403973249906,-0.6302312624590697,0.6681846485863079,-0.40199490441104246,0.9955971658881752,1,0,0,1,0,1,0,1,0,1,0,1,0,1,2,1,2,2,2,1
-0.002054796438650507,-0.5220352270608973,0.27237191327648286,-0.691180444079306,-0.40199490441104246,-0.9383447523158153,0,1,0,1,1,0,0,1,0,1,0,1,0,0,1,1,2,1,1,2
0.3372801582870659,1.045175113467289,-1.5328344381946224,-0.691180444079306,2.045735286083975,0.9955971658881752,0,1,0,1,1,0,0,1,0,1,0,1,0,1,1,1,2,1,0,0
-0.341389751164367,1.3063768368886535,0.4112339403127217,-0.691180444079306,-1.2179049679093814,0.028626206786179966,1,0,0,1,1,0,0,1,0,1,0,0,1,1,1,1,0,1,0,0
1.6946199771899317,-1.4797748796059,0.06407887272212458,2.0275497412519217,-0.40199490441104246,0.9955971658881752,1,0,0,1,1,0,0,1,1,0,0,1,0,1,1,1,1,1,2,1
0.5069476356499242,-1.566842120746355,1.105544075493916,0.6681846485863079,1.2298252225856356,0.028626206786179966,0,1,0,1,1,0,1,0,1,0,0,1,0,1,1,2,2,0,0,1
1.185617545101357,-0.5220352270608973,-0.7690932894953085,1.3478671949191148,-0.40199490441104246,0.028626206786179966,0,1,0,1,0,1,1,0,1,0,0,1,0,1,0,2,0,1,0,0
-1.0200596606158,1.3934440780291084,-0.6302312624590697,-0.691180444079306,1.2298252225856356,-0.9383447523158153,1,0,0,1,1,0,0,1,1,0,0,0,1,1,2,1,1,1,1,0
-0.8503921832529416,-1.3056403973249906,0.8278200214214383,-1.370862990412113,-1.2179049679093814,0.9955971658881752,1,0,1,0,0,1,0,1,1,0,0,1,0,0,2,1,0,2,0,0
-2.0380645247929494,-1.131505915044081,-1.1856793706040252,0.6681846485863079,0.4139151590872966,-1.9053157114178105,1,0,0,1,0,1,0,1,1,0,0,0,1,2,1,0,1,1,2,1
-1.5290620927043745,-0.4349679859204425,0.9666820484576771,0.6681846485863079,0.4139151590872966,0.9955971658881752,0,1,1,0,1,0,0,1,1,0,0,0,1,1,1,1,2,2,1,1
-0.002054796438650507,1.045175113467289,-0.6302312624590697,-1.370862990412113,0.4139151590872966,-0.9383447523158153,0,1,0,1,0,1,0,1,0,1,1,0,0,1,1,1,1,1,1,1
-0.341389751164367,-0.4349679859204425,0.7583890079033189,-0.011497897746499092,-0.40199490441104246,0.028626206786179966,0,1,1,0,0,1,0,1,1,0,1,0,0,1,1,0,0,1,0,0
0.6766151130127824,-0.8703041916227164,-0.9079553165315475,-1.370862990412113,0.4139151590872966,0.9955971658881752,0,1,1,0,1,0,0,1,0,1,1,0,0,1,2,1,0,1,1,0
-0.8503921832529416,1.2193095957481987,0.133509886240244,0.6681846485863079,-0.40199490441104246,-1.9053157114178105,0,1,1,0,0,1,0,1,1,0,0,0,1,0,0,1,2,2,1,0
-0.002054796438650507,-0.6961697093418069,-0.6302312624590697,1.3478671949191148,1.2298252225856356,0.028626206786179966,0,1,1,0,1,0,0,1,1,0,0,0,1,1,1,1,0,2,2,0
0.3372801582870659,-1.6539093618868097,-0.4219382219047114,-1.370862990412113,0.4139151590872966,-0.9383447523158153,1,0,0,1,0,1,0,1,1,0,0,1,0,1,1,0,0,2,0,2
-1.189727137978658,-0.9573714327631713,-0.21364518135035315,-0.011497897746499092,0.4139151590872966,-0.9383447523158153,1,0,0,1,0,1,0,1,1,0,0,0,1,1,1,0,2,1,0,1
1.3552850224642152,0.0003682197818315326,0.8972510349395577,-0.011497897746499092,0.4139151590872966,-0.9383447523158153,0,1,0,1,1,0,0,1,1,0,1,0,0,2,2,1,2,1,0,0
-1.5290620927043745,1.7417130425909275,-1.1856793706040252,0.6681846485863079,-0.40199490441104246,0.028626206786179966,1,0,1,0,0,1,0,1,1,0,0,0,1,2,2,2,0,1,1,0
0.3372801582870659,-0.34790074477998767,-0.6302312624590697,-0.011497897746499092,-0.40199490441104246,0.9955971658881752,0,1,1,0,0,1,0,1,1,0,0,0,1,2,0,0,0,2,2,0
0.8462825903756406,0.6098389077650151,-0.005352140795994853,-0.691180444079306,-1.2179049679093814,-0.9383447523158153,0,1,1,0,0,1,1,0,0,1,0,1,0,1,1,1,0,1,0,0
-0.17172227380150873,-0.6961697093418069,-1.6022654517127417,-1.370862990412113,-0.40199490441104246,-0.9383447523158153,0,1,0,1,0,1,0,1,1,0,0,0,1,2,1,0,0,1,0,0
0.16761268092420772,-1.2185731561845357,-0.49136923542283084,-0.011497897746499092,0.4139151590872966,-1.9053157114178105,1,0,0,1,0,1,0,1,1,0,0,0,1,0,2,2,0,1,0,0
-1.0200596606158,0.69690614890547,-0.5608002489409503,0.6681846485863079,0.4139151590872966,0.028626206786179966,0,1,0,1,1,0,0,1,1,0,0,1,0,1,1,1,2,0,2,2
-2.3773994795186657,-1.131505915044081,1.6609921836388715,-0.691180444079306,-1.2179049679093814,-0.9383447523158153,0,1,1,0,0,1,0,1,1,0,0,1,0,1,0,0,1,1,1,0
0.8462825903756406,0.9581078723268344,-0.07478315431411428,0.6681846485863079,-0.40199490441104246,0.028626206786179966,0,1,1,0,1,0,0,1,1,0,0,0,1,1,1,2,1,2,1,1
-2.2077320021558076,0.34863718434365076,1.730423197156991,-0.011497897746499092,1.2298252225856356,0.9955971658881752,0,1,1,0,0,1,0,1,0,1,1,0,0,1,2,0,0,1,0,1
0.8462825903756406,-0.6961697093418069,0.8278200214214383,0.6681846485863079,1.2298252225856356,0.028626206786179966,0,1,0,1,0,1,0,1,1,0,0,0,1,1,1,0,1,0,2,1
-0.341389751164367,1.2193095957481987,-1.5328344381946224,1.3478671949191148,1.2298252225856356,0.028626206786179966,1,0,0,1,0,1,0,1,1,0,1,0,0,0,1,1,0,1,1,1
-2.2077320021558076,1.567578560310018,-1.1856793706040252,1.3478671949191148,0.4139151590872966,1.9625681249901703,0,1,1,0,0,1,0,1,0,1,0,1,0,1,0,1,1,1,1,0
-1.6987295700672327,-1.2185731561845357,0.133509886240244,-0.011497897746499092,-1.2179049679093814,-0.9383447523158153,0,1,0,1,1,0,0,1,1,0,0,0,1,1,2,1,1,2,0,0
1.3552850224642152,-0.6961697093418069,0.6889579943851994,0.6681846485863079,2.045735286083975,-0.9383447523158153,1,0,1,0,1,0,0,1,1,0,1,0,0,0,0,2,0,1,0,0
1.8642874545527899,0.17450270206274113,1.591561170120752,-1.370862990412113,-1.2179049679093814,0.028626206786179966,0,1,0,1,0,1,0,1,1,0,0,1,0,1,2,1,0,0,0,0
0.6766151130127824,-0.08669902135862327,0.4112339403127217,-0.011497897746499092,-1.2179049679093814,-0.9383447523158153,0,1,0,1,1,0,0,1,1,0,0,0,1,2,1,2,2,1,0,1
0.8462825903756406,0.17450270206274113,-0.49136923542283084,0.6681846485863079,-0.40199490441104246,0.028626206786179966,0,1,0,1,1,0,0,1,1,0,0,1,0,2,0,1,0,2,1,0
0.6766151130127824,1.567578560310018,-1.3939724111583836,-1.370862990412113,-1.2179049679093814,0.028626206786179966,0,1,0,1,0,1,0,1,1,0,0,0,1,1,1,2,1,1,0,1
0.3372801582870659,1.3063768368886535,-1.1162483570859056,-0.011497897746499092,0.4139151590872966,0.028626206786179966,0,1,0,1,1,0,0,1,0,1,1,0,0,2,1,1,0,1,0,0
-0.17172227380150873,-1.3056403973249906,-1.1856793706040252,1.3478671949191148,1.2298252225856356,0.9955971658881752,1,0,0,1,1,0,0,1,1,0,1,0,0,0,2,0,1,1,0,1
-0.8503921832529416,0.7839733900459247,1.452699143084513,0.6681846485863079,1.2298252225856356,0.028626206786179966,0,1,0,1,0,1,0,1,1,0,1,0,0,1,1,2,0,2,0,0
-2.88640191160724,1.6546458014504728,-0.49136923542283084,-0.011497897746499092,0.4139151590872966,0.028626206786179966,1,0,1,0,0,1,0,1,1,0,0,1,0,1,0,1,2,1,0,0
1.3552850224642152,1.567578560310018,-1.1162483570859056,-0.011497897746499092,-0.40199490441104246,0.028626206786179966,0,1,0,1,0,1,0,1,1,0,0,0,1,1,1,1,0,1,0,0
0.8462825903756406,0.43570442548410554,-0.49136923542283084,1.3478671949191148,-0.40199490441104246,0.028626206786179966,1,0,0,1,1,0,0,1,1,0,1,0,0,2,2,1,2,1,2,2
0.5069476356499242,-1.2185731561845357,-0.8385243030134281,0.6681846485863079,-1.2179049679093814,0.9955971658881752,1,0,0,1,0,1,0,1,1,0,1,0,0,2,0,1,0,1,1,0
-0.002054796438650507,-0.7832369504822617,0.3418029267946023,-0.691180444079306,0.4139151590872966,0.028626206786179966,0,1,0,1,0,1,0,1,1,0,0,0,1,2,2,1,2,0,0,0
0.3372801582870659,1.4805113191695631,0.27237191327648286,-0.011497897746499092,0.4139151590872966,-2.872286670519806,0,1,0,1,1,0,0,1,1,0,0,0,1,1,1,2,1,2,0,2
0.16761268092420772,0.8710406311863795,0.06407887272212458,-0.011497897746499092,0.4139151590872966,0.028626206786179966,1,0,0,1,0,1,0,1,1,0,0,0,1,2,2,2,2,2,1,1
-1.189727137978658,-0.08669902135862327,-1.5328344381946224,1.3478671949191148,-0.40199490441104246,-0.9383447523158153,0,1,1,0,1,0,1,0,1,0,0,0,1,2,1,1,1,1,1,1
-1.3593946153415164,1.4805113191695631,0.27237191327648286,-0.691180444079306,-0.40199490441104246,-0.9383447523158153,0,1,0,1,0,1,1,0,1,0,1,0,0,0,1,1,1,1,0,0
-0.6807247058900834,0.26156994320319593,-0.8385243030134281,-1.370862990412113,0.4139151590872966,0.028626206786179966,1,0,1,0,1,0,0,1,0,1,0,0,1,0,1,0,2,1,0,1
-0.8503921832529416,1.2193095957481987,-1.6022654517127417,0.6681846485863079,-0.40199490441104246,-0.9383447523158153,1,0,1,0,0,1,0,1,1,0,0,0,1,2,1,0,1,1,1,2
1.185617545101357,-0.34790074477998767,-1.3939724111583836,1.3478671949191148,1.2298252225856356,-2.872286670519806,1,0,1,0,0,1,0,1,1,0,0,1,0,2,2,1,0,1,0,1
0.3372801582870659,0.26156994320319593,0.3418029267946023,-0.691180444079306,0.4139151590872966,1.9625681249901703,1,0,0,1,0,1,0,1,1,0,0,0,1,0,2,1,1,1,0,1
-0.6807247058900834,-0.9573714327631713,0.4806649538308412,2.0275497412519217,-1.2179049679093814,-1.9053157114178105,0,1,0,1,0,1,0,1,0,1,1,0,0,2,1,1,0,2,0,1
0.6766151130127824,0.0003682197818315326,-0.4219382219047114,-0.011497897746499092,-1.2179049679093814,0.028626206786179966,0,1,1,0,0,1,0,1,1,0,0,0,1,1,1,0,1,2,1,2
-0.002054796438650507,-1.044438673903626,0.3418029267946023,-0.691180444079306,2.045735286083975,0.9955971658881752,1,0,1,0,0,1,0,1,1,0,0,1,0,0,1,0,0,1,1,0
-0.8503921832529416,1.3934440780291084,-1.4634034246765029,-0.011497897746499092,-1.2179049679093814,0.028626206786179966,1,0,0,1,1,0,0,1,1,0,0,1,0,1,0,0,0,1,1,0
-1.0200596606158,1.2193095957481987,0.06407887272212458,-0.691180444079306,-1.2179049679093814,0.028626206786179966,0,1,0,1,0,1,1,0,1,0,0,1,0,0,1,1,0,0,0,0
-0.6807247058900834,-0.08669902135862327,0.9666820484576771,0.6681846485863079,-1.2179049679093814,0.9955971658881752,0,1,1,0,1,0,0,1,1,0,0,1,0,1,1,1,0,2,0,0
0.5069476356499242,-1.3927076384654453,-1.1162483570859056,-1.370862990412113,1.2298252225856356,1.9625681249901703,1,0,0,1,0,1,0,1,1,0,0,0,1,1,0,1,0,1,0,1
-1.0200596606158,0.17450270206274113,1.105544075493916,0.6681846485863079,-0.40199490441104246,-0.9383447523158153,0,1,0,1,0,1,0,1,1,0,1,0,0,2,0,2,0,1,0,0
1.5249524998270736,-0.8703041916227164,1.105544075493916,-2.05054553674492,0.4139151590872966,0.028626206786179966,0,1,0,1,0,1,0,1,1,0,0,0,1,1,1,0,0,1,1,0
-0.5110572285272252,-0.2608335036395329,-0.5608002489409503,-0.691180444079306,-0.40199490441104246,-1.9053157114178105,0,1,0,1,0,1,0,1,1,0,0,0,1,1,1,0,0,1,1,0
-0.8503921832529416,-1.3927076384654453,0.20294089975836344,-1.370862990412113,0.4139151590872966,-0.9383447523158153,0,1,0,1,1,0,0,1,1,0,0,0,1,2,1,1,0,1,0,1
-1.5290620927043745,1.3063768368886535,0.20294089975836344,-0.011497897746499092,2.045735286083975,0.9955971658881752,1,0,1,0,0,1,0,1,1,0,1,0,0,1,1,0,1,1,0,0
0.6766151130127824,-1.044438673903626,1.3832681295663938,0.6681846485863079,1.2298252225856356,-2.872286670519806,0,1,0,1,0,1,0,1,1,0,0,0,1,2,1,0,1,1,0,1
-1.868397047430091,0.17450270206274113,0.7583890079033189,-0.691180444079306,0.4139151590872966,-0.9383447523158153,1,0,1,0,0,1,0,1,1,0,1,0,0,2,0,1,0,2,1,2
-0.17172227380150873,1.6546458014504728,-0.4219382219047114,-0.011497897746499092,-0.40199490441104246,0.028626206786179966,0,1,0,1,1,0,0,1,1,0,0,0,1,2,1,1,2,1,0,0
-0.6807247058900834,-0.08669902135862327,0.4806649538308412,0.6681846485863079,0.4139151590872966,0.028626206786179966,1,0,1,0,1,0,0,1,0,1,0,1,0,1,1,0,0,1,2,1
-0.8503921832529416,0.08743546092228634,-0.005352140795994853,-0.011497897746499092,-0.40199490441104246,-1.9053157114178105,0,1,0,1,0,1,0,1,1,0,1,0,0,0,0,0,1,2,2,1
1.185617545101357,0.0003682197818315326,1.0361130619757966,0.6681846485863079,-0.40199490441104246,0.028626206786179966,1,0,0,1,1,0,0,1,1,0,0,1,0,2,1,0,1,2,2,0
-0.6807247058900834,1.3063768368886535,-0.4219382219047114,-0.691180444079306,0.4139151590872966,0.028626206786179966,0,1,0,1,0,1,0,1,0,1,0,1,0,0,1,0,0,2,1,0
-0.002054796438650507,0.26156994320319593,-0.1442141678322337,-0.691180444079306,-1.2179049679093814,0.028626206786179966,0,1,0,1,0,1,0,1,1,0,0,0,1,2,1,1,2,1,1,2
1.5249524998270736,-0.34790074477998767,-0.352507208386592,0.6681846485863079,-0.40199490441104246,0.9955971658881752,1,0,0,1,0,1,1,0,1,0,0,1,0,1,2,0,0,0,1,1
1.3552850224642152,-0.34790074477998767,-0.2830761948684726,-0.691180444079306,1.2298252225856356,-0.9383447523158153,1,0,1,0,0,1,0,1,1,0,0,0,1,1,1,1,0,1,0,2
-0.8503921832529416,-1.4797748796059,-1.3939724111583836,0.6681846485863079,-1.2179049679093814,0.028626206786179966,1,0,0,1,1,0,0,1,1,0,0,1,0,1,0,0,1,0,1,0
-1.189727137978658,1.4805113191695631,-0.352507208386592,-0.011497897746499092,-0.40199490441104246,0.9955971658881752,1,0,0,1,1,0,0,1,1,0,0,1,0,2,2,1,0,2,2,0
-1.189727137978658,-0.9573714327631713,-0.1442141678322337,-0.011497897746499092,-0.40199490441104246,-0.9383447523158153,0,1,1,0,1,0,0,1,1,0,0,0,1,2,2,0,1,0,0,2
0.8462825903756406,-1.566842120746355,0.133509886240244,0.6681846485863079,-1.2179049679093814,0.9955971658881752,1,0,0,1,0,1,0,1,1,0,1,0,0,1,0,1,1,0,1,2
-1.3593946153415164,1.567578560310018,-1.6716964652308612,0.6681846485863079,-1.2179049679093814,1.9625681249901703,0,1,0,1,0,1,0,1,1,0,0,0,1,2,1,1,1,0,2,1
0.8462825903756406,0.26156994320319593,0.5500959673489606,0.6681846485863079,0.4139151590872966,-1.9053157114178105,1,0,0,1,0,1,0,1,0,1,0,1,0,1,1,1,0,1,0,1
1.3552850224642152,0.26156994320319593,0.4112339403127217,1.3478671949191148,-1.2179049679093814,0.9955971658881752,0,1,0,1,1,0,0,1,1,0,0,1,0,2,0,1,0,1,0,1
-0.5110572285272252,0.08743546092228634,-0.9773863300496669,-0.011497897746499092,0.4139151590872966,-0.9383447523158153,1,0,0,1,1,0,0,1,1,0,0,0,1,2,0,1,2,1,1,0
-0.5110572285272252,1.045175113467289,1.0361130619757966,1.3478671949191148,-0.40199490441104246,0.028626206786179966,0,1,0,1,0,1,0,1,1,0,0,0,1,2,2,1,2,0,0,1
1.185617545101357,-0.17376626249907806,0.9666820484576771,0.6681846485863079,-1.2179049679093814,0.028626206786179966,1,0,0,1,1,0,0,1,1,0,0,1,0,1,2,0,0,1,2,0
-0.8503921832529416,-0.2608335036395329,0.6889579943851994,0.6681846485863079,-0.40199490441104246,-0.9383447523158153,0,1,0,1,0,1,0,1,1,0,0,0,1,1,1,2,0,1,2,1
-1.3593946153415164,-0.4349679859204425,1.591561170120752,-0.691180444079306,0.4139151590872966,-0.9383447523158153,0,1,0,1,0,1,0,1,1,0,0,1,0,1,2,1,0,1,1,2
-2.0380645247929494,-1.131505915044081,1.1749750890120354,-0.011497897746499092,-1.2179049679093814,-0.9383447523158153,0,1,1,0,0,1,0,1,1,0,0,0,1,1,1,1,2,2,1,0
-0.341389751164367,-1.2185731561845357,1.0361130619757966,-0.011497897746499092,-1.2179049679093814,0.9955971658881752,0,1,0,1,0,1,0,1,1,0,1,0,0,1,1,1,1,1,2,0
-0.6807247058900834,-1.2185731561845357,0.27237191327648286,-0.011497897746499092,-1.2179049679093814,0.028626206786179966,1,0,1,0,0,1,0,1,1,0,0,1,0,2,1,2,2,2,1,0
-1.0200596606158,1.4805113191695631,0.8972510349395577,-1.370862990412113,0.4139151590872966,0.028626206786179966,0,1,0,1,0,1,0,1,1,0,0,0,1,0,1,1,2,1,2,0
-0.5110572285272252,-0.34790074477998767,1.730423197156991,0.6681846485863079,-1.2179049679093814,0.9955971658881752,0,1,1,0,1,0,1,0,1,0,0,1,0,2,1,0,2,1,0,1
0.6766151130127824,-1.131505915044081,0.20294089975836344,-2.05054553674492,-0.40199490441104246,-0.9383447523158153,1,0,0,1,0,1,0,1,1,0,0,0,1,2,1,0,0,2,0,0
-1.3593946153415164,1.3063768368886535,0.8278200214214383,-2.05054553674492,-1.2179049679093814,0.028626206786179966,0,1,0,1,1,0,0,1,1,0,0,0,1,1,1,1,0,1,0,1
-0.341389751164367,-0.5220352270608973,-0.21364518135035315,0.6681846485863079,-0.40199490441104246,-0.9383447523158153,0,1,0,1,1,0,0,1,1,0,1,0,0,1,2,2,0,2,1,1
0.5069476356499242,0.5227716666245603,1.452699143084513,0.6681846485863079,1.2298252225856356,-0.9383447523158153,1,0,1,0,0,1,0,1,1,0,0,0,1,1,2,0,1,1,0,1
-1.5290620927043745,-0.17376626249907806,-0.6996622759771891,0.6681846485863079,-1.2179049679093814,-0.9383447523158153,1,0,1,0,0,1,0,1,1,0,0,1,0,0,2,1,1,1,0,0
-0.6807247058900834,-0.2608335036395329,-0.07478315431411428,0.6681846485863079,-1.2179049679093814,-0.9383447523158153,1,0,1,0,0,1,0,1,1,0,0,1,0,1,2,1,2,0,1,1
0.16761268092420772,0.26156994320319593,1.5221301566026326,0.6681846485863079,0.4139151590872966,0.9955971658881752,0,1,0,1,0,1,0,1,1,0,0,0,1,1,1,0,1,1,0,0
1.015950067738499,-0.17376626249907806,0.20294089975836344,-0.011497897746499092,2.045735286083975,0.9955971658881752,1,0,1,0,0,1,0,1,1,0,0,1,0,0,2,0,1,1,0,1
-0.341389751164367,-0.6961697093418069,0.61952698086708,1.3478671949191148,0.4139151590872966,0.9955971658881752,0,1,0,1,1,0,0,1,1,0,0,1,0,1,0,1,1,1,0,0
1.5249524998270736,1.3934440780291084,1.3832681295663938,0.6681846485863079,-1.2179049679093814,-0.9383447523158153,1,0,1,0,0,1,0,1,1,0,0,0,1,1,2,1,2,1,0,0
-0.8503921832529416,0.5227716666245603,-0.6302312624590697,0.6681846485863079,-1.2179049679093814,1.9625681249901703,0,1,1,0,0,1,0,1,1,0,0,0,1,2,1,0,1,2,1,0
-0.341389751164367,1.6546458014504728,-1.4634034246765029,-2.05054553674492,-1.2179049679093814,0.028626206786179966,0,1,0,1,0,1,0,1,1,0,0,0,1,1,2,0,1,1,2,1
-1.189727137978658,-1.566842120746355,0.8278200214214383,1.3478671949191148,-0.40199490441104246,-1.9053157114178105,0,1,0,1,0,1,0,1,1,0,1,0,0,0,1,1,0,1,1,1
-1.189727137978658,-1.2185731561845357,-0.6302312624590697,-0.011497897746499092,1.2298252225856356,-0.9383447523158153,1,0,0,1,0,1,0,1,1,0,1,0,0,1,1,0,1,1,1,0
-0.5110572285272252,1.6546458014504728,0.7583890079033189,2.0275497412519217,-0.40199490441104246,-0.9383447523158153,0,1,1,0,1,0,0,1,1,0,0,0,1,1,1,0,1,1,1,0
0.6766151130127824,-0.4349679859204425,-0.352507208386592,1.3478671949191148,2.861645349582314,1.9625681249901703,1,0,0,1,0,1,0,1,1,0,1,0,0,0,2,2,2,2,1,0
0.16761268092420772,-1.3056403973249906,-0.5608002489409503,0.6681846485863079,-0.40199490441104246,-0.9383447523158153,0,1,0,1,0,1,0,1,1,0,0,0,1,1,1,1,0,1,1,1
0.6766151130127824,0.6098389077650151,0.20294089975836344,-0.691180444079306,-1.2179049679093814,-0.9383447523158153,0,1,0,1,1,0,0,1,0,1,0,1,0,0,1,2,0,0,2,0
0.6766151130127824,0.17450270206274113,-0.6302312624590697,-1.370862990412113,-1.2179049679093814,0.028626206786179966,0,1,1,0,0,1,0,1,1,0,0,1,0,2,1,1,1,1,2,0
0.8462825903756406,0.69690614890547,1.591561170120752,0.6681846485863079,-0.40199490441104246,0.9955971658881752,0,1,1,0,0,1,1,0,1,0,0,1,0,0,1,0,0,0,2,0
0.16761268092420772,-0.8703041916227164,-0.9079553165315475,-1.370862990412113,0.4139151590872966,-0.9383447523158153,1,0,0,1,0,1,0,1,1,0,0,1,0,1,2,1,0,2,0,0
0.8462825903756406,-0.5220352270608973,-0.6996622759771891,-0.691180444079306,-1.2179049679093814,-1.9053157114178105,0,1,0,1,0,1,0,1,1,0,0,1,0,0,1,2,2,1,0,1
-0.6807247058900834,-0.5220352270608973,-0.07478315431411428,-0.011497897746499092,2.045735286083975,0.028626206786179966,0,1,1,0,0,1,0,1,1,0,0,0,1,1,2,0,0,0,0,0
2.0339549319156482,-1.6539093618868097,0.3418029267946023,-0.011497897746499092,-1.2179049679093814,0.9955971658881752,1,0,0,1,0,1,0,1,0,1,0,0,1,2,2,1,0,1,1,1
0.16761268092420772,-0.8703041916227164,0.4806649538308412,-0.011497897746499092,-1.2179049679093814,0.028626206786179966,1,0,0,1,1,0,0,1,1,0,0,0,1,1,0,2,2,2,0,0
-0.5110572285272252,-1.131505915044081,-0.9079553165315475,-0.011497897746499092,-1.2179049679093814,0.9955971658881752,1,0,0,1,0,1,0,1,1,0,0,0,1,0,0,1,0,1,0,1
-0.5110572285272252,-0.609102468201352,0.6889579943851994,-0.011497897746499092,0.4139151590872966,-0.9383447523158153,0,1,0,1,0,1,0,1,1,0,0,0,1,2,1,1,0,1,0,1
-0.002054796438650507,-0.6961697093418069,1.0361130619757966,-0.011497897746499092,-1.2179049679093814,0.028626206786179966,1,0,1,0,0,1,0,1,1,0,1,0,0,2,0,0,0,2,2,0
0.16761268092420772,1.567578560310018,-1.1162483570859056,1.3478671949191148,1.2298252225856356,0.028626206786179966,1,0,0,1,0,1,1,0,0,1,0,1,0,1,1,2,1,1,1,0
-0.6807247058900834,-0.34790074477998767,-1.3939724111583836,-0.691180444079306,-0.40199490441104246,-1.9053157114178105,0,1,0,1,0,1,1,0,1,0,0,0,1,2,2,1,0,1,2,0
-2.547066956881524,0.69690614890547,-1.1162483570859056,-0.011497897746499092,1.2298252225856356,0.028626206786179966,1,0,0,1,1,0,0,1,1,0,1,0,0,1,1,1,0,1,1,0
-0.17172227380150873,1.3934440780291084,-0.2830761948684726,-0.011497897746499092,0.4139151590872966,0.028626206786179966,0,1,1,0,1,0,0,1,1,0,0,0,1,0,1,1,0,2,2,1
0.16761268092420772,-1.566842120746355,-1.6716964652308612,-0.011497897746499092,-1.2179049679093814,0.9955971658881752,1,0,1,0,0,1,0,1,1,0,0,0,1,1,0,0,0,1,0,0
-0.17172227380150873,-0.4349679859204425,0.27237191327648286,2.0275497412519217,-0.40199490441104246,-0.9383447523158153,1,0,0,1,0,1,0,1,1,0,0,1,0,1,2,1,1,1,0,0
-0.6807247058900834,-1.3927076384654453,-0.6996622759771891,-0.011497897746499092,0.4139151590872966,0.9955971658881752,0,1,0,1,1,0,0,1,1,0,0,1,0,1,1,1,1,2,0,0
-0.341389751164367,-0.5220352270608973,0.6889579943851994,-0.691180444079306,2.045735286083975,0.028626206786179966,1,0,1,0,1,0,0,1,1,0,1,0,0,1,1,1,1,1,1,1
1.015950067738499,-0.4349679859204425,0.06407887272212458,-0.011497897746499092,0.4139151590872966,0.028626206786179966,0,1,0,1,0,1,0,1,1,0,0,1,0,1,0,1,1,1,1,0
-0.5110572285272252,0.69690614890547,-0.005352140795994853,2.0275497412519217,0.4139151590872966,0.028626206786179966,0,1,0,1,0,1,0,1,1,0,0,1,0,1,1,1,1,1,0,0
-0.17172227380150873,-1.131505915044081,-0.005352140795994853,-0.691180444079306,-0.40199490441104246,0.028626206786179966,1,0,0,1,0,1,0,1,1,0,0,1,0,1,1,2,0,1,1,0
-0.17172227380150873,0.0003682197818315326,-0.5608002489409503,-0.011497897746499092,0.4139151590872966,-0.9383447523158153,1,0,0,1,0,1,0,1,0,1,0,1,0,2,2,1,0,2,2,0
1.5249524998270736,-0.5220352270608973,-0.4219382219047114,-0.691180444079306,-0.40199490441104246,-1.9053157114178105,1,0,1,0,0,1,0,1,1,0,1,0,0,1,2,1,0,2,1,2
-0.341389751164367,-1.7409766030272644,-0.4219382219047114,-1.370862990412113,-1.2179049679093814,-0.9383447523158153,1,0,0,1,0,1,0,1,1,0,0,1,0,1,1,1,1,1,2,0
-0.5110572285272252,0.7839733900459247,-1.6022654517127417,-2.05054553674492,-1.2179049679093814,0.028626206786179966,1,0,0,1,0,1,0,1,1,0,0,0,1,2,1,2,0,1,1,2
1.015950067738499,-0.9573714327631713,1.3832681295663938,-0.011497897746499092,-0.40199490441104246,0.9955971658881752,1,0,0,1,1,0,0,1,1,0,1,0,0,1,1,1,0,1,2,0
2.0339549319156482,-1.3056403973249906,-1.2551103841221445,0.6681846485863079,0.4139151590872966,0.028626206786179966,1,0,0,1,0,1,0,1,1,0,0,0,1,1,0,0,0,1,0,1
0.3372801582870659,-0.8703041916227164,1.105544075493916,-0.011497897746499092,0.4139151590872966,-1.9053157114178105,0,1,0,1,1,0,0,1,1,0,0,0,1,1,1,1,1,1,0,0
-0.17172227380150873,0.8710406311863795,0.133509886240244,-0.691180444079306,-1.2179049679093814,0.9955971658881752,0,1,0,1,0,1,0,1,1,0,0,1,0,2,1,1,2,1,2,0
-0.6807247058900834,0.08743546092228634,0.27237191327648286,-0.691180444079306,0.4139151590872966,0.028626206786179966,1,0,0,1,0,1,0,1,1,0,0,0,1,1,2,1,0,2,1,1
-0.002054796438650507,-1.3927076384654453,-1.7411274787489806,-0.691180444079306,-1.2179049679093814,-0.9383447523158153,0,1,1,0,0,1,0,1,1,0,0,1,0,2,0,2,0,1,0,0
0.5069476356499242,-1.044438673903626,0.7583890079033189,-0.691180444079306,-1.2179049679093814,-0.9383447523158153,0,1,0,1,0,1,0,1,1,0,0,0,1,2,1,1,1,1,2,0
-1.5290620927043745,1.045175113467289,0.4806649538308412,0.6681846485863079,2.045735286083975,-0.9383447523158153,1,0,1,0,0,1,0,1,1,0,1,0,0,2,1,2,1,1,2,0
-1.0200596606158,0.5227716666245603,-0.9079553165315475,-0.691180444079306,-0.40199490441104246,-0.9383447523158153,0,1,1,0,0,1,0,1,1,0,0,0,1,2,2,1,1,1,0,0
1.185617545101357,-0.34790074477998767,-0.49136923542283084,-0.011497897746499092,-0.40199490441104246,0.028626206786179966,1,0,0,1,0,1,0,1,1,0,0,1,0,2,2,1,1,1,2,1
0.3372801582870659,1.4805113191695631,-1.1162483570859056,0.6681846485863079,-0.40199490441104246,0.028626206786179966,0,1,0,1,0,1,0,1,1,0,1,0,0,1,2,1,0,1,0,0
-1.189727137978658,-0.2608335036395329,0.6889579943851994,-0.691180444079306,0.4139151590872966,0.9955971658881752,1,0,0,1,1,0,0,1,1,0,0,1,0,0,2,0,0,1,2,0
-0.6807247058900834,-0.08669902135862327,-0.7690932894953085,-0.691180444079306,2.045735286083975,0.9955971658881752,0,1,0,1,0,1,0,1,0,1,0,0,1,2,1,1,0,0,1,0
-1.5290620927043745,0.08743546092228634,0.06407887272212458,-1.370862990412113,-0.40199490441104246,0.028626206786179966,0,1,0,1,0,1,0,1,1,0,0,1,0,1,2,1,0,1,2,2
-0.17172227380150873,-1.2185731561845357,1.3138371160482742,-0.011497897746499092,-0.40199490441104246,0.9955971658881752,1,0,0,1,1,0,0,1,1,0,0,0,1,1,2,0,2,1,0,1
1.015950067738499,-1.3927076384654453,1.1749750890120354,-0.011497897746499092,0.4139151590872966,0.9955971658881752,1,0,1,0,0,1,0,1,1,0,0,0,1,2,1,0,0,2,1,1
-0.6807247058900834,1.045175113467289,-0.2830761948684726,1.3478671949191148,0.4139151590872966,-0.9383447523158153,1,0,1,0,1,0,0,1,1,0,0,1,0,1,0,2,0,1,0,1
0.8462825903756406,0.9581078723268344,-0.21364518135035315,0.6681846485863079,0.4139151590872966,-2.872286670519806,0,1,0,1,1,0,0,1,1,0,0,0,1,1,1,0,1,2,2,0
-0.6807247058900834,-1.131505915044081,1.591561170120752,0.6681846485863079,-1.2179049679093814,0.028626206786179966,1,0,0,1,1,0,0,1,1,0,0,1,0,2,1,1,0,0,0,0
-0.8503921832529416,-0.2608335036395329,1.3832681295663938,-0.011497897746499092,2.045735286083975,0.9955971658881752,0,1,0,1,0,1,0,1,1,0,0,0,1,0,1,0,0,1,0,1
1.3552850224642152,-0.17376626249907806,0.7583890079033189,-0.011497897746499092,-1.2179049679093814,-0.9383447523158153,0,1,0,1,0,1,0,1,1,0,0,1,0,2,1,0,0,2,1,1
-0.8503921832529416,1.567578560310018,-0.9773863300496669,0.6681846485863079,2.045735286083975,-0.9383447523158153,1,0,0,1,1,0,0,1,1,0,0,0,1,1,2,1,0,1,0,1
-0.17172227380150873,0.9581078723268344,-1.2551103841221445,-0.011497897746499092,1.2298252225856356,0.028626206786179966,1,0,0,1,1,0,0,1,1,0,1,0,0,1,2,0,2,2,0,1
-0.002054796438650507,0.5227716666245603,-1.0468173435677863,0.6681846485863079,-0.40199490441104246,0.9955971658881752,1,0,0,1,1,0,0,1,0,1,0,1,0,2,0,1,1,1,1,2
-2.547066956881524,-0.9573714327631713,0.133509886240244,0.6681846485863079,0.4139151590872966,-0.9383447523158153,1,0,0,1,0,1,1,0,1,0,1,0,0,1,1,1,0,2,1,0
-0.002054796438650507,1.4805113191695631,-0.5608002489409503,-0.691180444079306,-0.40199490441104246,0.028626206786179966,1,0,1,0,1,0,0,1,1,0,0,0,1,1,2,0,0,2,2,0
-1.3593946153415164,0.34863718434365076,-1.7411274787489806,-0.011497897746499092,1.2298252225856356,0.028626206786179966,0,1,0,1,1,0,0,1,1,0,0,1,0,0,1,1,2,2,0,0
-0.002054796438650507,0.17450270206274113,-0.49136923542283084,-2.05054553674492,0.4139151590872966,0.028626206786179966,0,1,0,1,0,1,0,1,1,0,0,1,0,1,0,1,0,2,0,0
1.185617545101357,1.6546458014504728,-0.8385243030134281,-1.370862990412113,-1.2179049679093814,0.9955971658881752,1,0,0,1,1,0,0,1,1,0,0,1,0,1,2,1,1,2,0,0
-1.5290620927043745,-0.609102468201352,0.27237191327648286,1.3478671949191148,-0.40199490441104246,-0.9383447523158153,0,1,0,1,0,1,0,1,1,0,0,1,0,1,2,1,0,2,0,0
0.16761268092420772,0.8710406311863795,-1.3939724111583836,-0.011497897746499092,0.4139151590872966,-0.9383447523158153,1,0,0,1,1,0,0,1,1,0,0,1,0,1,0,1,1,1,1,0
0.16761268092420772,1.4805113191695631,-0.8385243030134281,1.3478671949191148,-1.2179049679093814,-1.9053157114178105,0,1,0,1,0,1,0,1,1,0,0,0,1,1,1,1,1,1,0,1
-1.189727137978658,-0.2608335036395329,0.06407887272212458,-0.691180444079306,-0.40199490441104246,0.9955971658881752,0,1,1,0,0,1,1,0,1,0,0,1,0,0,1,0,1,0,1,1
1.3552850224642152,-0.34790074477998767,-1.0468173435677863,1.3478671949191148,-0.40199490441104246,-0.9383447523158153,0,1,0,1,0,1,0,1,1,0,0,1,0,1,1,1,0,1,0,2
0.5069476356499242,0.9581078723268344,-1.1856793706040252,0.6681846485863079,-1.2179049679093814,-0.9383447523158153,0,1,0,1,0,1,0,1,1,0,0,0,1,2,0,1,1,1,0,2
0.3372801582870659,-1.3927076384654453,-0.9079553165315475,-0.011497897746499092,1.2298252225856356,0.9955971658881752,1,0,1,0,0,1,0,1,1,0,0,1,0,1,1,1,0,1,2,1
-1.189727137978658,0.26156994320319593,0.4112339403127217,-0.011497897746499092,2.045735286083975,1.9625681249901703,1,0,0,1,0,1,0,1,1,0,1,0,0,0,1,1,0,1,1,0
-2.2077320021558076,0.69690614890547,-0.2830761948684726,-0.691180444079306,-1.2179049679093814,0.028626206786179966,1,0,0,1,0,1,0,1,1,0,0,0,1,2,2,1,0,1,0,1
2.7126248413670813,1.3934440780291084,1.452699143084513,-0.011497897746499092,-0.40199490441104246,0.028626206786179966,1,0,0,1,1,0,0,1,1,0,0,0,1,1,0,1,0,2,1,1
-0.8503921832529416,0.17450270206274113,1.0361130619757966,-0.691180444079306,0.4139151590872966,-0.9383447523158153,0,1,0,1,0,1,1,0,1,0,0,0,1,1,2,2,2,1,0,0
-0.341389751164367,-0.17376626249907806,0.133509886240244,-1.370862990412113,0.4139151590872966,0.9955971658881752,0,1,0,1,0,1,1,0,1,0,0,1,0,2,1,1,1,1,0,2
0.16761268092420772,-0.609102468201352,1.0361130619757966,-1.370862990412113,-1.2179049679093814,-0.9383447523158153,1,0,0,1,1,0,0,1,1,0,0,1,0,2,2,1,1,1,1,0
-0.17172227380150873,-1.4797748796059,-1.3939724111583836,0.6681846485863079,-1.2179049679093814,0.9955971658881752,1,0,1,0,0,1,0,1,1,0,0,0,1,2,1,0,1,1,1,1
-0.6807247058900834,0.5227716666245603,-0.9079553165315475,-0.691180444079306,-0.40199490441104246,0.9955971658881752,1,0,0,1,0,1,0,1,1,0,0,0,1,1,1,0,0,2,0,0
1.185617545101357,-0.5220352270608973,-1.6716964652308612,-0.691180444079306,0.4139151590872966,0.9955971658881752,0,1,1,0,1,0,0,1,1,0,0,0,1,1,2,2,1,1,0,2
0.5069476356499242,0.26156994320319593,-0.5608002489409503,-0.011497897746499092,1.2298252225856356,0.9955971658881752,1,0,0,1,1,0,0,1,1,0,1,0,0,1,0,1,0,0,0,1
1.5249524998270736,1.045175113467289,1.105544075493916,-2.05054553674492,0.4139151590872966,-1.9053157114178105,1,0,0,1,1,0,0,1,1,0,1,0,0,0,1,1,1,1,2,0
-0.5110572285272252,-1.6539093618868097,-1.3939724111583836,-0.011497897746499092,-0.40199490441104246,-0.9383447523158153,0,1,1,0,0,1,0,1,0,1,1,0,0,2,1,2,1,1,1,0
-0.341389751164367,-0.7832369504822617,-0.21364518135035315,-0.011497897746499092,-1.2179049679093814,1.9625681249901703,1,0,0,1,1,0,0,1,1,0,0,0,1,1,1,2,2,2,1,1
-1.189727137978658,1.045175113467289,0.133509886240244,-0.011497897746499092,0.4139151590872966,0.9955971658881752,0,1,0,1,0,1,0,1,1,0,0,0,1,2,2,1,2,1,2,0
-1.868397047430091,-0.4349679859204425,-1.4634034246765029,-0.011497897746499092,0.4139151590872966,0.9955971658881752,1,0,0,1,1,0,0,1,1,0,0,0,1,1,1,0,0,1,0,0
1.3552850224642152,-0.8703041916227164,0.8278200214214383,1.3478671949191148,-1.2179049679093814,0.028626206786179966,0,1,0,1,0,1,0,1,1,0,0,1,0,1,1,0,0,1,0,1
2.2036224092785064,-0.5220352270608973,-0.7690932894953085,0.6681846485863079,-1.2179049679093814,0.028626206786179966,0,1,0,1,1,0,0,1,0,1,1,0,0,1,0,1,1,1,0,0
-0.002054796438650507,0.26156994320319593,-1.6716964652308612,-0.691180444079306,0.4139151590872966,0.9955971658881752,1,0,0,1,1,0,0,1,1,0,0,1,0,1,0,0,1,1,0,1
0.16761268092420772,-0.7832369504822617,0.27237191327648286,-0.691180444079306,-0.40199490441104246,0.9955971658881752,0,1,1,0,0,1,0,1,1,0,0,1,0,1,1,1,0,1,2,2
-0.5110572285272252,-0.08669902135862327,-0.4219382219047114,-1.370862990412113,2.045735286083975,0.028626206786179966,1,0,0,1,1,0,0,1,1,0,1,0,0,2,2,1,0,1,2,0
1.185617545101357,-1.4797748796059,-1.3939724111583836,0.6681846485863079,-0.40199490441104246,0.028626206786179966,1,0,1,0,0,1,0,1,1,0,0,1,0,1,1,0,1,1,2,0
-0.8503921832529416,-0.7832369504822617,-0.49136923542283084,-0.691180444079306,2.861645349582314,0.9955971658881752,1,0,0,1,1,0,1,0,1,0,0,0,1,2,0,0,0,1,1,0
0.5069476356499242,-0.34790074477998767,-0.6302312624590697,-0.011497897746499092,0.4139151590872966,0.028626206786179966,0,1,0,1,1,0,0,1,1,0,0,1,0,1,1,1,1,1,1,0
0.8462825903756406,0.0003682197818315326,-1.2551103841221445,1.3478671949191148,0.4139151590872966,0.028626206786179966,1,0,0,1,0,1,0,1,1,0,0,0,1,1,1,0,0,2,0,1
-0.341389751164367,-1.044438673903626,1.452699143084513,0.6681846485863079,-0.40199490441104246,0.028626206786179966,0,1,0,1,1,0,0,1,1,0,0,1,0,0,2,1,2,1,0,1
-0.8503921832529416,0.8710406311863795,-0.352507208386592,-1.370862990412113,-1.2179049679093814,-0.9383447523158153,0,1,1,0,1,0,0,1,1,0,0,1,0,1,1,1,1,1,0,1
0.5069476356499242,-1.131505915044081,1.591561170120752,-0.011497897746499092,2.045735286083975,0.028626206786179966,0,1,1,0,1,0,0,1,1,0,0,1,0,1,1,0,0,1,0,1
0.16761268092420772,0.69690614890547,-1.1162483570859056,0.6681846485863079,0.4139151590872966,-1.9053157114178105,0,1,1,0,0,1,1,0,1,0,1,0,0,1,1,0,1,1,2,0
-0.6807247058900834,0.17450270206274113,0.6889579943851994,-0.011497897746499092,-0.40199490441104246,0.9955971658881752,0,1,0,1,0,1,0,1,1,0,0,1,0,1,1,1,2,1,0,0
-1.5290620927043745,1.045175113467289,-0.005352140795994853,-1.370862990412113,0.4139151590872966,0.028626206786179966,1,0,0,1,1,0,0,1,1,0,1,0,0,1,1,1,1,1,0,0
-1.0200596606158,-1.566842120746355,0.20294089975836344,-0.691180444079306,-1.2179049679093814,-0.9383447523158153,1,0,0,1,0,1,0,1,1,0,0,0,1,1,1,1,2,1,1,0
0.5069476356499242,0.08743546092228634,0.8972510349395577,-0.011497897746499092,-0.40199490441104246,0.9955971658881752,0,1,0,1,1,0,0,1,1,0,0,0,1,1,1,0,0,1,2,0
-0.5110572285272252,-0.5220352270608973,1.591561170120752,0.6681846485863079,-0.40199490441104246,0.028626206786179966,1,0,0,1,0,1,0,1,1,0,0,1,0,1,0,0,2,2,0,0
-1.5290620927043745,-1.6539093618868097,0.4112339403127217,-0.011497897746499092,2.861645349582314,0.9955971658881752,0,1,0,1,0,1,0,1,0,1,0,0,1,1,0,2,1,0,0,0
-0.002054796438650507,-1.7409766030272644,0.4806649538308412,-0.011497897746499092,0.4139151590872966,0.9955971658881752,0,1,0,1,1,0,0,1,0,1,0,0,1,0,2,2,0,2,0,0
-0.6807247058900834,0.17450270206274113,1.105544075493916,-0.691180444079306,-1.2179049679093814,0.028626206786179966,1,0,0,1,1,0,0,1,1,0,0,0,1,1,1,1,0,1,0,0
-1.0200596606158,-1.131505915044081,-0.49136923542283084,1.3478671949191148,-0.40199490441104246,0.028626206786179966,0,1,0,1,0,1,0,1,0,1,0,1,0,1,1,0,0,1,0,0
-1.189727137978658,1.6546458014504728,0.4112339403127217,-0.011497897746499092,-1.2179049679093814,0.9955971658881752,0,1,0,1,1,0,0,1,1,0,0,0,1,1,2,1,1,1,2,0
0.5069476356499242,-1.044438673903626,0.3418029267946023,0.6681846485863079,-0.40199490441104246,-1.9053157114178105,1,0,0,1,0,1,0,1,1,0,0,1,0,1,1,1,1,0,0,0
-0.17172227380150873,0.26156994320319593,-0.4219382219047114,-0.691180444079306,2.861645349582314,-0.9383447523158153,0,1,1,0,1,0,0,1,1,0,0,0,1,2,0,1,1,1,2,2
-0.002054796438650507,-0.4349679859204425,-0.5608002489409503,-0.011497897746499092,-1.2179049679093814,0.9955971658881752,0,1,1,0,1,0,0,1,1,0,0,1,0,0,1,2,1,1,0,0
1.185617545101357,-1.6539093618868097,-1.6716964652308612,-1.370862990412113,-0.40199490441104246,-1.9053157114178105,0,1,1,0,1,0,0,1,1,0,0,0,1,2,0,2,0,1,1,2
-1.868397047430091,-0.2608335036395329,-1.2551103841221445,-0.011497897746499092,0.4139151590872966,0.028626206786179966,0,1,0,1,1,0,0,1,1,0,1,0,0,1,1,0,1,0,0,0
-0.8503921832529416,0.8710406311863795,1.5221301566026326,-0.691180444079306,0.4139151590872966,-0.9383447523158153,0,1,0,1,0,1,0,1,1,0,0,0,1,1,0,0,2,2,0,0
1.185617545101357,-1.044438673903626,-1.6022654517127417,-0.691180444079306,-0.40199490441104246,1.9625681249901703,1,0,1,0,1,0,0,1,1,0,0,1,0,2,1,1,1,0,2,2
-1.0200596606158,0.0003682197818315326,0.8972510349395577,-0.011497897746499092,-0.40199490441104246,0.028626206786179966,0,1,1,0,0,1,0,1,1,0,0,1,0,1,1,1,1,1,0,0
-0.5110572285272252,1.3063768368886535,-0.9079553165315475,-1.370862990412113,-0.40199490441104246,0.028626206786179966,0,1,1,0,1,0,0,1,1,0,0,0,1,2,1,2,1,1,0,1
-2.547066956881524,-0.08669902135862327,0.9666820484576771,1.3478671949191148,1.2298252225856356,0.028626206786179966,1,0,1,0,0,1,0,1,1,0,0,1,0,2,2,0,1,1,1,0
-1.189727137978658,0.17450270206274113,-0.1442141678322337,-1.370862990412113,2.045735286083975,0.9955971658881752,0,1,0,1,1,0,0,1,1,0,1,0,0,1,2,0,0,1,0,0
-0.8503921832529416,-0.9573714327631713,-1.6022654517127417,1.3478671949191148,-1.2179049679093814,0.028626206786179966,1,0,0,1,0,1,0,1,1,0,0,1,0,0,1,1,2,1,1,0
-1.3593946153415164,-1.044438673903626,1.591561170120752,-0.011497897746499092,-0.40199490441104246,0.9955971658881752,0,1,1,0,1,0,0,1,1,0,0,1,0,1,2,1,1,2,0,0
1.185617545101357,-1.044438673903626,1.3832681295663938,1.3478671949191148,-0.40199490441104246,0.028626206786179966,0,1,0,1,0,1,0,1,1,0,0,0,1,1,0,1,0,1,1,1
-0.6807247058900834,-1.3927076384654453,-0.6996622759771891,-1.370862990412113,1.2298252225856356,0.9955971658881752,1,0,1,0,0,1,0,1,1,0,0,0,1,2,0,1,1,2,2,1
1.015950067738499,0.9581078723268344,-1.2551103841221445,-0.011497897746499092,1.2298252225856356,0.028626206786179966,0,1,0,1,0,1,0,1,1,0,1,0,0,2,1,0,1,1,1,0
0.6766151130127824,1.132242354607744,0.20294089975836344,0.6681846485863079,-0.40199490441104246,0.9955971658881752,1,0,0,1,0,1,0,1,1,0,0,1,0,0,2,1,2,1,0,0
-1.0200596606158,0.0003682197818315326,0.4112339403127217,-1.370862990412113,-0.40199490441104246,0.9955971658881752,1,0,0,1,0,1,0,1,1,0,0,0,1,2,1,1,0,1,2,2
0.5069476356499242,1.7417130425909275,-0.6996622759771891,-0.691180444079306,-0.40199490441104246,-0.9383447523158153,1,0,0,1,1,0,0,1,0,1,0,1,0,1,1,0,1,2,0,0
0.5069476356499242,0.0003682197818315326,1.5221301566026326,-0.691180444079306,-1.2179049679093814,0.028626206786179966,0,1,1,0,0,1,0,1,1,0,0,1,0,2,2,1,1,1,0,0
-2.0380645247929494,0.0003682197818315326,0.7583890079033189,-0.691180444079306,0.4139151590872966,0.028626206786179966,0,1,0,1,1,0,0,1,1,0,0,1,0,2,1,1,0,1,0,0
0.3372801582870659,-0.9573714327631713,0.7583890079033189,-0.011497897746499092,-1.2179049679093814,-1.9053157114178105,1,0,0,1,1,0,0,1,1,0,0,1,0,2,1,0,1,1,0,0
0.16761268092420772,0.69690614890547,1.0361130619757966,-0.691180444079306,0.4139151590872966,0.9955971658881752,0,1,1,0,0,1,0,1,1,0,0,1,0,2,1,2,2,1,0,1
-0.8503921832529416,-0.5220352270608973,0.3418029267946023,-0.691180444079306,0.4139151590872966,0.028626206786179966,0,1,0,1,1,0,0,1,1,0,1,0,0,1,2,1,2,1,2,1
-1.5290620927043745,-1.3056403973249906,0.20294089975836344,-0.011497897746499092,0.4139151590872966,0.028626206786179966,1,0,0,1,1,0,0,1,1,0,0,1,0,1,2,1,0,1,2,0
1.6946199771899317,1.567578560310018,-1.7411274787489806,-1.370862990412113,-1.2179049679093814,-0.9383447523158153,0,1,0,1,0,1,0,1,1,0,1,0,0,0,0,2,0,2,1,0
-0.17172227380150873,1.567578560310018,1.0361130619757966,1.3478671949191148,-0.40199490441104246,-0.9383447523158153,1,0,1,0,1,0,1,0,1,0,0,0,1,1,2,0,2,1,1,2
0.3372801582870659,0.43570442548410554,1.452699143084513,-0.691180444079306,-1.2179049679093814,0.028626206786179966,1,0,0,1,0,1,0,1,1,0,0,1,0,2,1,1,0,1,0,1
0.6766151130127824,-1.7409766030272644,-0.9079553165315475,-0.691180444079306,2.045735286083975,0.028626206786179966,1,0,0,1,1,0,0,1,1,0,1,0,0,0,1,2,0,2,0,0
1.3552850224642152,-1.7409766030272644,-0.352507208386592,-1.370862990412113,-1.2179049679093814,1.9625681249901703,0,1,1,0,0,1,0,1,1,0,0,1,0,0,1,0,0,1,0,0
-0.341389751164367,0.8710406311863795,-0.6996622759771891,-0.011497897746499092,2.045735286083975,0.028626206786179966,1,0,0,1,1,0,0,1,1,0,0,0,1,1,1,0,1,1,1,0
-1.189727137978658,0.9581078723268344,1.0361130619757966,-0.691180444079306,-0.40199490441104246,-0.9383447523158153,1,0,0,1,1,0,0,1,0,1,1,0,0,0,1,1,2,1,0,1
-1.189727137978658,-0.08669902135862327,-0.8385243030134281,-0.011497897746499092,1.2298252225856356,-0.9383447523158153,1,0,1,0,0,1,1,0,1,0,0,1,0,1,2,0,2,1,0,0
0.3372801582870659,1.132242354607744,-1.6022654517127417,-0.691180444079306,-0.40199490441104246,0.028626206786179966,1,0,0,1,0,1,0,1,1,0,1,0,0,1,1,1,0,1,1,0
-0.17172227380150873,-1.6539093618868097,0.5500959673489606,0.6681846485863079,-0.40199490441104246,0.028626206786179966,0,1,1,0,0,1,0,1,1,0,1,0,0,0,2,0,1,1,0,0
-0.341389751164367,0.26156994320319593,0.06407887272212458,1.3478671949191148,-1.2179049679093814,0.9955971658881752,1,0,1,0,1,0,0,1,1,0,0,1,0,2,0,1,1,0,0,0
-1.3593946153415164,0.34863718434365076,0.8972510349395577,-0.691180444079306,0.4139151590872966,-0.9383447523158153,0,1,0,1,1,0,1,0,1,0,0,0,1,1,2,2,2,2,0,0
-0.002054796438650507,1.3063768368886535,0.9666820484576771,-2.05054553674492,1.2298252225856356,0.028626206786179966,0,1,0,1,1,0,0,1,0,1,1,0,0,0,1,1,0,1,0,0
-0.002054796438650507,0.8710406311863795,-0.4219382219047114,-0.691180444079306,0.4139151590872966,0.028626206786179966,1,0,0,1,0,1,0,1,1,0,0,1,0,2,2,1,2,2,0,0
1.015950067738499,-0.17376626249907806,-0.5608002489409503,-1.370862990412113,-0.40199490441104246,0.028626206786179966,0,1,1,0,0,1,0,1,1,0,1,0,0,2,2,0,2,2,0,1
2.2036224092785064,-1.6539093618868097,1.6609921836388715,-0.011497897746499092,0.4139151590872966,0.028626206786179966,1,0,0,1,1,0,0,1,1,0,0,1,0,1,1,2,1,2,1,0
-2.88640191160724,1.045175113467289,1.3832681295663938,-1.370862990412113,1.2298252225856356,-1.9053157114178105,1,0,0,1,0,1,0,1,1,0,0,1,0,2,0,2,1,1,2,0
0.3372801582870659,0.7839733900459247,0.20294089975836344,1.3478671949191148,-1.2179049679093814,0.028626206786179966,0,1,0,1,0,1,0,1,1,0,0,0,1,0,1,1,1,1,0,1
-0.5110572285272252,0.69690614890547,1.3138371160482742,-0.011497897746499092,0.4139151590872966,0.028626206786179966,0,1,0,1,0,1,1,0,1,0,0,0,1,2,2,1,1,2,0,0
-0.341389751164367,-1.131505915044081,0.8278200214214383,-0.011497897746499092,2.861645349582314,-0.9383447523158153,0,1,0,1,0,1,0,1,1,0,0,0,1,0,2,1,0,0,1,0
-1.189727137978658,1.132242354607744,1.452699143084513,-0.691180444079306,0.4139151590872966,0.028626206786179966,1,0,1,0,1,0,0,1,1,0,1,0,0,0,1,2,2,1,0,0
-0.341389751164367,1.2193095957481987,-1.6716964652308612,-0.011497897746499092,-0.40199490441104246,0.028626206786179966,0,1,0,1,0,1,0,1,0,1,0,1,0,0,1,1,0,1,1,1
0.16761268092420772,1.6546458014504728,1.3832681295663938,-0.011497897746499092,0.4139151590872966,-1.9053157114178105,1,0,0,1,1,0,0,1,1,0,1,0,0,2,0,0,0,1,0,0
-0.002054796438650507,0.43570442548410554,0.4112339403127217,-0.691180444079306,-0.40199490441104246,0.028626206786179966,0,1,1,0,1,0,0,1,1,0,0,0,1,1,0,0,2,2,1,0
0.6766151130127824,1.132242354607744,-0.352507208386592,0.6681846485863079,-0.40199490441104246,0.028626206786179966,1,0,1,0,0,1,0,1,1,0,0,1,0,1,2,0,1,2,0,1
1.6946199771899317,0.6098389077650151,-1.5328344381946224,0.6681846485863079,-0.40199490441104246,-1.9053157114178105,0,1,1,0,1,0,0,1,1,0,0,1,0,1,1,0,0,2,2,0
0.16761268092420772,-0.08669902135862327,0.4112339403127217,-0.011497897746499092,0.4139151590872966,0.9955971658881752,0,1,0,1,0,1,0,1,1,0,0,1,0,1,0,0,1,1,0,0
-0.8503921832529416,-1.131505915044081,0.5500959673489606,-0.691180444079306,1.2298252225856356,0.028626206786179966,0,1,0,1,0,1,0,1,1,0,0,0,1,0,1,0,1,0,0,1
1.3552850224642152,-1.6539093618868097,0.06407887272212458,-0.011497897746499092,-0.40199490441104246,0.9955971658881752,0,1,0,1,1,0,0,1,1,0,0,0,1,2,1,2,1,2,0,1
-0.002054796438650507,1.3934440780291084,0.20294089975836344,-0.011497897746499092,-0.40199490441104246,-0.9383447523158153,0,1,0,1,1,0,0,1,1,0,0,1,0,1,1,1,2,2,0,0
1.015950067738499,0.5227716666245603,0.4806649538308412,-0.011497897746499092,0.4139151590872966,0.028626206786179966,1,0,1,0,0,1,0,1,1,0,0,0,1,0,2,1,0,1,0,1
-0.6807247058900834,-0.8703041916227164,-1.7411274787489806,0.6681846485863079,1.2298252225856356,0.028626206786179966,0,1,1,0,0,1,0,1,1,0,0,1,0,1,2,2,2,1,2,2
0.8462825903756406,1.3934440780291084,-0.4219382219047114,-0.691180444079306,1.2298252225856356,-0.9383447523158153,0,1,0,1,0,1,0,1,1,0,0,0,1,0,2,0,2,1,2,0
-0.002054796438650507,-1.7409766030272644,0.3418029267946023,-2.05054553674492,0.4139151590872966,0.028626206786179966,0,1,1,0,0,1,0,1,0,1,0,0,1,1,1,0,2,1,1,1
-0.002054796438650507,0.8710406311863795,0.5500959673489606,-2.05054553674492,-0.40199490441104246,0.028626206786179966,0,1,0,1,0,1,0,1,1,0,0,0,1,1,1,2,0,0,1,0
0.16761268092420772,-0.6961697093418069,-1.0468173435677863,-0.011497897746499092,-1.2179049679093814,0.9955971658881752,0,1,1,0,1,0,0,1,1,0,0,1,0,2,1,0,0,1,2,0
-2.547066956881524,0.26156994320319593,-0.9773863300496669,-0.011497897746499092,0.4139151590872966,0.9955971658881752,0,1,0,1,0,1,0,1,1,0,1,0,0,1,1,1,0,1,0,1
1.3552850224642152,1.3063768368886535,1.452699143084513,0.6681846485863079,-0.40199490441104246,0.028626206786179966,0,1,0,1,1,0,0,1,1,0,0,1,0,1,1,1,1,1,2,1
-1.0200596606158,-0.6961697093418069,0.9666820484576771,-0.011497897746499092,0.4139151590872966,0.028626206786179966,1,0,0,1,1,0,0,1,1,0,0,0,1,0,2,1,1,1,0,0
0.8462825903756406,-0.34790074477998767,-1.5328344381946224,0.6681846485863079,-0.40199490441104246,0.028626206786179966,1,0,0,1,1,0,0,1,0,1,0,0,1,1,2,2,2,2,0,2
-0.8503921832529416,0.5227716666245603,-0.49136923542283084,1.3478671949191148,-1.2179049679093814,0.028626206786179966,0,1,0,1,0,1,0,1,1,0,0,1,0,2,1,2,1,0,0,0
-0.17172227380150873,-0.6961697093418069,1.452699143084513,0.6681846485863079,-0.40199490441104246,-0.9383447523158153,1,0,0,1,0,1,0,1,1,0,0,0,1,1,1,0,1,2,2,1
-1.6987295700672327,1.567578560310018,1.591561170120752,-0.011497897746499092,-1.2179049679093814,0.028626206786179966,1,0,0,1,1,0,1,0,1,0,0,1,0,1,1,0,1,1,1,1
-1.3593946153415164,1.4805113191695631,1.452699143084513,-0.691180444079306,0.4139151590872966,-0.9383447523158153,1,0,0,1,0,1,0,1,1,0,0,0,1,2,0,1,0,2,2,0
0.6766151130127824,1.045175113467289,0.20294089975836344,0.6681846485863079,-1.2179049679093814,0.028626206786179966,0,1,0,1,1,0,0,1,1,0,0,1,0,1,2,2,1,1,0,0
0.3372801582870659,0.43570442548410554,0.27237191327648286,-2.05054553674492,-0.40199490441104246,-0.9383447523158153,0,1,0,1,0,1,0,1,1,0,0,0,1,0,1,1,2,0,1,0
0.5069476356499242,0.08743546092228634,-1.4634034246765029,-2.05054553674492,-0.40199490441104246,0.028626206786179966,0,1,0,1,0,1,0,1,1,0,0,1,0,0,1,1,0,1,1,0
-0.5110572285272252,-0.4349679859204425,0.3418029267946023,-0.691180444079306,-0.40199490441104246,1.9625681249901703,0,1,1,0,0,1,1,0,1,0,0,0,1,1,2,1,0,1,0,1
0.8462825903756406,0.7839733900459247,-1.6716964652308612,-1.370862990412113,0.4139151590872966,-0.9383447523158153,1,0,1,0,1,0,0,1,1,0,1,0,0,1,2,0,1,2,2,1
0.3372801582870659,-1.131505915044081,0.27237191327648286,-0.011497897746499092,-0.40199490441104246,0.028626206786179966,1,0,1,0,0,1,0,1,1,0,0,1,0,1,1,1,1,0,1,1
-0.6807247058900834,-0.609102468201352,1.452699143084513,-0.011497897746499092,-0.40199490441104246,0.028626206786179966,1,0,1,0,0,1,0,1,1,0,0,0,1,0,2,1,1,1,0,1
0.6766151130127824,1.567578560310018,-0.9773863300496669,0.6681846485863079,3.677555413080653,0.028626206786179966,1,0,1,0,1,0,0,1,1,0,0,0,1,1,2,1,1,2,0,0
0.8462825903756406,-0.5220352270608973,-0.5608002489409503,-1.370862990412113,-0.40199490441104246,1.9625681249901703,0,1,0,1,1,0,0,1,1,0,0,0,1,2,2,2,1,1,2,0
-0.8503921832529416,0.7839733900459247,-0.07478315431411428,0.6681846485863079,0.4139151590872966,-0.9383447523158153,0,1,0,1,0,1,0,1,1,0,0,0,1,1,2,0,1,2,1,0
-1.3593946153415164,-0.6961697093418069,-0.21364518135035315,-0.691180444079306,0.4139151590872966,-0.9383447523158153,1,0,1,0,0,1,0,1,1,0,1,0,0,1,0,2,0,2,0,1
-0.341389751164367,0.69690614890547,-0.7690932894953085,-0.011497897746499092,-1.2179049679093814,0.9955971658881752,0,1,0,1,1,0,0,1,1,0,0,0,1,1,1,0,1,0,1,1
1.015950067738499,0.17450270206274113,-0.07478315431411428,1.3478671949191148,0.4139151590872966,1.9625681249901703,1,0,0,1,0,1,0,1,1,0,1,0,0,0,0,2,1,1,0,1
-0.17172227380150873,-0.9573714327631713,-1.3939724111583836,-0.011497897746499092,-0.40199490441104246,0.9955971658881752,1,0,0,1,0,1,0,1,1,0,0,0,1,1,1,0,0,1,1,0
0.5069476356499242,-0.08669902135862327,-1.4634034246765029,-0.691180444079306,-0.40199490441104246,-1.9053157114178105,0,1,0,1,0,1,0,1,1,0,0,1,0,2,2,0,0,1,0,1
-0.341389751164367,-1.2185731561845357,0.8278200214214383,1.3478671949191148,-0.40199490441104246,0.028626206786179966,0,1,1,0,1,0,0,1,1,0,0,0,1,1,2,1,1,0,0,1
0.5069476356499242,1.567578560310018,-1.3939724111583836,-0.011497897746499092,1.2298252225856356,0.9955971658881752,0,1,1,0,1,0,0,1,1,0,0,1,0,1,0,1,2,2,0,0
1.185617545101357,0.0003682197818315326,-0.6996622759771891,-0.691180444079306,-0.40199490441104246,0.9955971658881752,0,1,0,1,1,0,0,1,1,0,0,0,1,0,0,0,0,1,2,0
-2.0380645247929494,0.8710406311863795,-0.1442141678322337,-0.011497897746499092,1.2298252225856356,0.9955971658881752,0,1,1,0,1,0,0,1,1,0,1,0,0,1,1,2,2,0,2,0
1.185617545101357,0.17450270206274113,-1.6716964652308612,0.6681846485863079,1.2298252225856356,-0.9383447523158153,0,1,0,1,1,0,0,1,1,0,0,1,0,1,1,2,2,1,1,0
1.185617545101357,-0.17376626249907806,0.06407887272212458,-1.370862990412113,-0.40199490441104246,0.9955971658881752,0,1,1,0,0,1,0,1,1,0,0,0,1,1,1,2,1,1,2,0
-0.6807247058900834,1.045175113467289,-1.1856793706040252,-0.691180444079306,-1.2179049679093814,0.9955971658881752,1,0,1,0,0,1,0,1,1,0,0,0,1,2,0,0,2,1,0,0
-0.341389751164367,-0.2608335036395329,0.3418029267946023,-2.05054553674492,-0.40199490441104246,-0.9383447523158153,0,1,1,0,0,1,0,1,1,0,1,0,0,2,1,1,1,0,1,0
0.6766151130127824,1.3063768368886535,1.1749750890120354,-0.691180444079306,0.4139151590872966,0.028626206786179966,0,1,0,1,0,1,0,1,1,0,0,1,0,2,1,1,0,1,0,2
1.3552850224642152,-0.609102468201352,-0.6996622759771891,-0.011497897746499092,1.2298252225856356,0.028626206786179966,0,1,0,1,0,1,0,1,1,0,0,0,1,1,2,2,2,2,2,0
-2.0380645247929494,0.34863718434365076,-1.324541397640264,1.3478671949191148,-0.40199490441104246,-0.9383447523158153,0,1,0,1,0,1,0,1,1,0,0,0,1,1,0,0,0,1,0,1
0.3372801582870659,-0.6961697093418069,-0.5608002489409503,-1.370862990412113,0.4139151590872966,0.9955971658881752,1,0,0,1,0,1,0,1,1,0,0,1,0,2,1,0,1,1,1,0
-0.341389751164367,-1.3927076384654453,0.3418029267946023,-0.691180444079306,-0.40199490441104246,1.9625681249901703,0,1,0,1,1,0,0,1,0,1,0,0,1,1,1,1,1,1,0,0
-1.868397047430091,0.26156994320319593,0.7583890079033189,-0.011497897746499092,-1.2179049679093814,-1.9053157114178105,1,0,0,1,0,1,0,1,1,0,1,0,0,2,0,1,0,1,1,2
-0.17172227380150873,-0.9573714327631713,1.0361130619757966,-0.011497897746499092,-1.2179049679093814,-1.9053157114178105,0,1,0,1,1,0,0,1,1,0,0,1,0,0,0,1,0,1,1,0
0.6766151130127824,0.7839733900459247,-0.49136923542283084,-1.370862990412113,-1.2179049679093814,-0.9383447523158153,1,0,0,1,0,1,0,1,1,0,0,0,1,1,2,1,0,2,2,0
-0.5110572285272252,-0.9573714327631713,1.3832681295663938,-0.011497897746499092,-0.40199490441104246,-0.9383447523158153,0,1,1,0,0,1,0,1,1,0,0,0,1,0,2,1,0,2,0,1
1.015950067738499,1.567578560310018,1.5221301566026326,-0.011497897746499092,0.4139151590872966,-0.9383447523158153,0,1,0,1,0,1,0,1,0,1,0,1,0,1,0,1,0,1,2,1
-0.8503921832529416,-1.3056403973249906,-0.4219382219047114,-0.011497897746499092,-0.40199490441104246,0.028626206786179966,1,0,0,1,0,1,0,1,1,0,0,1,0,1,1,1,2,1,2,0
2.7126248413670813,0.8710406311863795,-0.49136923542283084,-1.370862990412113,-0.40199490441104246,-0.9383447523158153,0,1,0,1,0,1,0,1,1,0,0,0,1,1,2,0,0,2,0,1
-0.17172227380150873,-1.3056403973249906,-0.6302312624590697,2.0275497412519217,-1.2179049679093814,0.028626206786179966,0,1,0,1,0,1,0,1,1,0,0,0,1,1,1,0,0,1,0,1
1.015950067738499,0.5227716666245603,-0.6996622759771891,-0.011497897746499092,0.4139151590872966,0.9955971658881752,0,1,1,0,0,1,0,1,1,0,0,1,0,1,0,1,2,2,2,1
-0.17172227380150873,0.5227716666245603,0.4112339403127217,-0.691180444079306,1.2298252225856356,0.028626206786179966,0,1,0,1,1,0,0,1,1,0,0,1,0,1,1,1,1,2,1,0
-1.0200596606158,0.8710406311863795,-1.6716964652308612,-0.011497897746499092,-0.40199490441104246,0.9955971658881752,1,0,0,1,0,1,0,1,0,1,0,0,1,1,1,1,1,1,0,0
-0.002054796438650507,1.3063768368886535,-1.1856793706040252,-0.011497897746499092,-0.40199490441104246,0.9955971658881752,0,1,0,1,1,0,0,1,1,0,0,1,0,1,1,0,0,2,1,0
1.5249524998270736,-0.9573714327631713,1.452699143084513,-0.691180444079306,-0.40199490441104246,0.9955971658881752,1,0,0,1,1,0,0,1,1,0,0,0,1,1,2,0,2,1,0,0
0.16761268092420772,1.4805113191695631,-1.5328344381946224,-0.011497897746499092,-1.2179049679093814,-0.9383447523158153,0,1,0,1,0,1,0,1,1,0,0,1,0,1,1,1,2,1,0,1
-0.8503921832529416,-0.5220352270608973,0.27237191327648286,0.6681846485863079,-1.2179049679093814,0.028626206786179966,0,1,0,1,0,1,0,1,1,0,1,0,0,2,1,1,2,1,1,0
0.5069476356499242,-0.7832369504822617,-0.8385243030134281,-0.691180444079306,-0.40199490441104246,1.9625681249901703,0,1,0,1,0,1,0,1,1,0,0,0,1,1,1,0,0,2,0,1
0.6766151130127824,0.9581078723268344,-0.1442141678322337,0.6681846485863079,0.4139151590872966,-0.9383447523158153,0,1,1,0,1,0,0,1,1,0,0,0,1,0,1,1,0,2,2,1
-0.5110572285272252,-1.044438673903626,1.6609921836388715,-0.011497897746499092,0.4139151590872966,0.028626206786179966,1,0,0,1,0,1,0,1,1,0,0,0,1,1,0,2,1,1,0,0
1.5249524998270736,1.567578560310018,0.8972510349395577,-1.370862990412113,1.2298252225856356,-0.9383447523158153,0,1,0,1,0,1,0,1,1,0,0,1,0,1,2,0,0,1,1,0
-0.341389751164367,-0.08669902135862327,-0.07478315431411428,-0.691180444079306,1.2298252225856356,0.9955971658881752,0,1,0,1,0,1,0,1,1,0,0,0,1,2,2,1,0,1,0,0
0.16761268092420772,0.9581078723268344,0.27237191327648286,1.3478671949191148,0.4139151590872966,0.028626206786179966,1,0,1,0,0,1,0,1,1,0,0,1,0,0,2,1,0,1,1,2
0.6766151130127824,0.9581078723268344,-1.1162483570859056,-0.691180444079306,-1.2179049679093814,0.9955971658881752,0,1,1,0,0,1,0,1,1,0,0,1,0,2,0,1,0,1,0,0
0.3372801582870659,-0.08669902135862327,-0.005352140795994853,-0.011497897746499092,-0.40199490441104246,0.028626206786179966,1,0,1,0,1,0,0,1,1,0,0,1,0,0,1,0,0,2,0,0
-0.002054796438650507,-0.2608335036395329,1.3832681295663938,-0.011497897746499092,-1.2179049679093814,-1.9053157114178105,0,1,0,1,0,1,0,1,1,0,0,0,1,1,0,2,1,1,0,2
0.5069476356499242,0.8710406311863795,0.8278200214214383,-0.011497897746499092,-0.40199490441104246,-0.9383447523158153,1,0,0,1,1,0,0,1,1,0,0,1,0,2,2,2,0,1,0,0
1.185617545101357,-0.9573714327631713,0.9666820484576771,-0.011497897746499092,0.4139151590872966,-1.9053157114178105,0,1,1,0,0,1,0,1,1,0,0,1,0,1,2,0,2,2,0,1
-1.189727137978658,1.6546458014504728,0.133509886240244,2.0275497412519217,-1.2179049679093814,0.028626206786179966,1,0,1,0,0,1,0,1,1,0,1,0,0,1,1,0,1,2,1,1
0.5069476356499242,0.9581078723268344,-0.5608002489409503,1.3478671949191148,0.4139151590872966,0.9955971658881752,1,0,0,1,0,1,0,1,1,0,0,1,0,0,2,0,0,1,0,0
-2.0380645247929494,0.43570442548410554,-1.4634034246765029,1.3478671949191148,-0.40199490441104246,0.028626206786179966,0,1,1,0,0,1,0,1,1,0,0,0,1,1,0,0,0,2,0,0
0.8462825903756406,1.567578560310018,1.105544075493916,-0.011497897746499092,0.4139151590872966,0.028626206786179966,1,0,0,1,0,1,0,1,1,0,0,0,1,0,0,1,0,0,2,0
-0.6807247058900834,-1.566842120746355,0.8972510349395577,-0.011497897746499092,-0.40199490441104246,-1.9053157114178105,1,0,0,1,1,0,0,1,1,0,0,1,0,1,1,1,0,2,0,0
0.16761268092420772,-0.17376626249907806,0.20294089975836344,-2.05054553674492,0.4139151590872966,0.028626206786179966,0,1,1,0,0,1,0,1,1,0,1,0,0,2,1,1,2,1,0,2
0.16761268092420772,-1.3056403973249906,1.105544075493916,-0.691180444079306,-0.40199490441104246,0.028626206786179966,0,1,0,1,0,1,0,1,1,0,0,0,1,1,2,2,1,2,0,1
-0.5110572285272252,-1.2185731561845357,0.9666820484576771,-0.011497897746499092,-1.2179049679093814,0.028626206786179966,0,1,1,0,0,1,0,1,1,0,1,0,0,1,1,1,1,1,1,0
-1.5290620927043745,0.43570442548410554,1.452699143084513,-0.011497897746499092,-0.40199490441104246,0.028626206786179966,0,1,0,1,0,1,1,0,1,0,0,1,0,2,1,1,0,1,0,0
-0.17172227380150873,0.43570442548410554,-0.07478315431411428,1.3478671949191148,-0.40199490441104246,0.028626206786179966,1,0,0,1,0,1,0,1,1,0,0,1,0,1,2,1,2,1,1,1
0.5069476356499242,0.8710406311863795,-0.1442141678322337,-0.691180444079306,-0.40199490441104246,-0.9383447523158153,1,0,1,0,0,1,1,0,1,0,0,0,1,1,1,0,2,1,0,0
-0.6807247058900834,-1.2185731561845357,0.8278200214214383,0.6681846485863079,1.2298252225856356,-0.9383447523158153,1,0,0,1,0,1,0,1,1,0,0,0,1,0,1,2,1,1,0,1
-0.8503921832529416,0.08743546092228634,1.730423197156991,-0.011497897746499092,-0.40199490441104246,0.028626206786179966,0,1,0,1,0,1,0,1,1,0,0,1,0,1,1,1,0,1,2,1
1.185617545101357,0.7839733900459247,1.6609921836388715,-0.011497897746499092,-1.2179049679093814,-0.9383447523158153,1,0,0,1,0,1,0,1,1,0,0,0,1,1,1,1,1,2,0,0
0.5069476356499242,-1.4797748796059,1.452699143084513,-1.370862990412113,0.4139151590872966,-0.9383447523158153,1,0,0,1,0,1,0,1,1,0,0,1,0,2,1,1,2,1,0,0
2.5429573640042227,0.26156994320319593,-1.5328344381946224,-0.691180444079306,-0.40199490441104246,-0.9383447523158153,1,0,1,0,1,0,0,1,1,0,0,1,0,1,0,1,0,1,0,0
1.3552850224642152,1.3063768368886535,-0.5608002489409503,1.3478671949191148,0.4139151590872966,0.028626206786179966,0,1,0,1,1,0,0,1,1,0,0,1,0,2,1,0,1,1,0,0
0.5069476356499242,0.34863718434365076,-0.1442141678322337,-0.011497897746499092,-0.40199490441104246,0.9955971658881752,0,1,0,1,0,1,0,1,1,0,0,0,1,1,2,1,2,1,0,0
0.3372801582870659,0.17450270206274113,0.5500959673489606,2.0275497412519217,-0.40199490441104246,-0.9383447523158153,0,1,1,0,1,0,0,1,0,1,0,1,0,2,2,1,0,2,1,1
1.185617545101357,1.045175113467289,0.7583890079033189,2.0275497412519217,-1.2179049679093814,0.028626206786179966,0,1,1,0,0,1,0,1,1,0,0,0,1,1,1,2,0,0,0,1
-0.8503921832529416,1.6546458014504728,-0.1442141678322337,-0.011497897746499092,-0.40199490441104246,0.028626206786179966,0,1,0,1,1,0,0,1,1,0,0,0,1,2,1,0,0,1,0,0
0.5069476356499242,0.9581078723268344,1.591561170120752,2.0275497412519217,-1.2179049679093814,0.028626206786179966,1,0,1,0,0,1,0,1,1,0,1,0,0,1,0,2,0,2,0,0
-1.0200596606158,0.5227716666245603,-1.2551103841221445,-0.691180444079306,1.2298252225856356,-0.9383447523158153,1,0,1,0,1,0,0,1,1,0,0,1,0,2,1,1,2,2,1,0
1.3552850224642152,-0.9573714327631713,-0.9773863300496669,-0.691180444079306,0.4139151590872966,-1.9053157114178105,0,1,0,1,1,0,0,1,0,1,0,0,1,2,0,0,1,2,0,0
-1.5290620927043745,-1.4797748796059,-1.324541397640264,1.3478671949191148,0.4139151590872966,0.028626206786179966,1,0,0,1,0,1,0,1,1,0,0,1,0,2,1,2,1,1,0,0
-0.17172227380150873,-0.17376626249907806,-0.07478315431411428,1.3478671949191148,0.4139151590872966,1.9625681249901703,1,0,0,1,0,1,0,1,1,0,0,0,1,1,1,0,0,1,0,1
1.015950067738499,-1.6539093618868097,0.8278200214214383,-1.370862990412113,1.2298252225856356,-0.9383447523158153,0,1,0,1,0,1,0,1,0,1,0,0,1,1,0,1,2,2,0,0
0.5069476356499242,-1.3056403973249906,0.4112339403127217,-0.691180444079306,0.4139151590872966,-0.9383447523158153,1,0,0,1,0,1,0,1,1,0,0,1,0,0,1,0,0,1,0,0
-0.5110572285272252,0.5227716666245603,0.61952698086708,-0.691180444079306,-1.2179049679093814,0.028626206786179966,1,0,1,0,1,0,0,1,1,0,0,1,0,0,1,2,1,1,0,0
-1.0200596606158,0.0003682197818315326,-1.324541397640264,2.0275497412519217,-0.40199490441104246,0.028626206786179966,1,0,0,1,1,0,0,1,1,0,0,0,1,2,1,0,0,1,2,1
0.3372801582870659,1.4805113191695631,-0.49136923542283084,-1.370862990412113,4.493465476578992,1.9625681249901703,1,0,1,0,0,1,0,1,1,0,1,0,0,2,1,0,1,2,1,0
-0.5110572285272252,1.3934440780291084,-0.9773863300496669,-0.011497897746499092,-0.40199490441104246,-1.9053157114178105,1,0,0,1,1,0,0,1,1,0,0,0,1,2,2,0,0,2,1,1
0.3372801582870659,-0.6961697093418069,0.20294089975836344,-1.370862990412113,-0.40199490441104246,0.028626206786179966,1,0,0,1,1,0,0,1,1,0,0,0,1,1,1,2,0,2,0,0
-1.5290620927043745,0.7839733900459247,-0.8385243030134281,-1.370862990412113,-1.2179049679093814,-0.9383447523158153,1,0,0,1,0,1,0,1,1,0,0,1,0,1,1,1,1,1,1,0
-1.868397047430091,1.567578560310018,-1.1856793706040252,-0.011497897746499092,0.4139151590872966,0.9955971658881752,0,1,0,1,1,0,0,1,1,0,1,0,0,2,2,1,1,1,1,0
-0.17172227380150873,1.132242354607744,0.3418029267946023,0.6681846485863079,-0.40199490441104246,0.028626206786179966,0,1,1,0,1,0,0,1,1,0,0,1,0,2,2,1,1,1,1,1
-0.5110572285272252,-0.9573714327631713,0.5500959673489606,1.3478671949191148,0.4139151590872966,0.9955971658881752,1,0,1,0,0,1,0,1,0,1,0,0,1,2,1,1,1,2,1,1
1.5249524998270736,0.8710406311863795,1.3832681295663938,-0.011497897746499092,-1.2179049679093814,-0.9383447523158153,0,1,0,1,0,1,0,1,0,1,0,1,0,0,1,1,2,2,0,0
1.185617545101357,0.08743546092228634,0.133509886240244,1.3478671949191148,-0.40199490441104246,0.9955971658881752,1,0,0,1,0,1,0,1,1,0,0,1,0,1,0,0,1,2,1,1
0.5069476356499242,0.6098389077650151,0.06407887272212458,0.6681846485863079,0.4139151590872966,1.9625681249901703,1,0,0,1,1,0,0,1,0,1,0,0,1,0,2,1,2,1,2,0
-0.5110572285272252,0.5227716666245603,-1.1162483570859056,-0.011497897746499092,1.2298252225856356,0.028626206786179966,0,1,0,1,0,1,0,1,1,0,0,0,1,2,1,0,0,1,2,1
0.5069476356499242,0.43570442548410554,-1.6716964652308612,0.6681846485863079,-1.2179049679093814,0.9955971658881752,1,0,0,1,0,1,0,1,1,0,1,0,0,2,1,0,2,0,1,0
-0.8503921832529416,1.567578560310018,0.3418029267946023,0.6681846485863079,0.4139151590872966,-0.9383447523158153,1,0,0,1,1,0,1,0,1,0,1,0,0,2,0,0,2,2,2,0
-0.341389751164367,1.2193095957481987,0.4806649538308412,-0.011497897746499092,1.2298252225856356,-0.9383447523158153,0,1,1,0,0,1,0,1,0,1,1,0,0,1,2,1,1,1,1,0
1.6946199771899317,0.0003682197818315326,-1.4634034246765029,-0.691180444079306,-0.40199490441104246,0.028626206786179966,1,0,0,1,1,0,0,1,1,0,0,0,1,2,2,2,2,1,0,1
1.185617545101357,-0.4349679859204425,-1.6716964652308612,-0.011497897746499092,-0.40199490441104246,-0.9383447523158153,0,1,0,1,0,1,0,1,1,0,1,0,0,1,1,2,1,0,2,0
-0.341389751164367,0.08743546092228634,-0.352507208386592,-0.011497897746499092,-1.2179049679093814,-0.9383447523158153,0,1,1,0,0,1,0,1,1,0,0,1,0,1,0,2,0,1,1,0
-0.341389751164367,1.3934440780291084,-0.6996622759771891,2.0275497412519217,1.2298252225856356,-0.9383447523158153,1,0,0,1,0,1,0,1,1,0,0,0,1,2,1,0,1,1,1,1
1.6946199771899317,0.43570442548410554,-0.6996622759771891,-0.011497897746499092,0.4139151590872966,0.028626206786179966,1,0,0,1,0,1,0,1,1,0,1,0,0,2,0,2,0,1,0,0
-0.17172227380150873,1.132242354607744,0.61952698086708,-0.011497897746499092,-1.2179049679093814,-0.9383447523158153,0,1,0,1,1,0,1,0,1,0,0,1,0,1,1,2,1,0,1,0
1.6946199771899317,0.9581078723268344,1.3832681295663938,-0.011497897746499092,-0.40199490441104246,0.028626206786179966,1,0,0,1,0,1,0,1,1,0,0,0,1,1,2,0,1,2,1,0
0.5069476356499242,-1.3056403973249906,-1.2551103841221445,-0.011497897746499092,-0.40199490441104246,0.9955971658881752,0,1,0,1,1,0,1,0,1,0,0,1,0,2,2,0,2,1,0,0
1.015950067738499,0.34863718434365076,-0.2830761948684726,-0.011497897746499092,-1.2179049679093814,-0.9383447523158153,1,0,0,1,0,1,0,1,1,0,0,1,0,1,2,1,1,1,0,0
0.8462825903756406,1.2193095957481987,0.6889579943851994,-1.370862990412113,-0.40199490441104246,-0.9383447523158153,1,0,0,1,1,0,0,1,1,0,0,1,0,2,2,2,1,1,1,0
0.6766151130127824,-1.7409766030272644,-0.4219382219047114,-1.370862990412113,-0.40199490441104246,1.9625681249901703,0,1,0,1,0,1,0,1,1,0,0,1,0,2,0,1,1,2,0,1
-0.002054796438650507,0.17450270206274113,0.6889579943851994,0.6681846485863079,-0.40199490441104246,0.028626206786179966,1,0,1,0,1,0,0,1,0,1,0,1,0,0,1,0,1,2,2,0
0.6766151130127824,-0.7832369504822617,1.244406102530155,2.0275497412519217,0.4139151590872966,-0.9383447523158153,1,0,1,0,0,1,0,1,0,1,0,0,1,2,2,0,1,1,1,0
-1.189727137978658,0.17450270206274113,-1.0468173435677863,-0.691180444079306,-0.40199490441104246,0.9955971658881752,1,0,0,1,1,0,0,1,1,0,0,0,1,1,2,1,0,0,1,2
-0.17172227380150873,-1.3927076384654453,1.3138371160482742,0.6681846485863079,1.2298252225856356,0.028626206786179966,1,0,1,0,1,0,0,1,0,1,0,1,0,1,2,1,1,2,2,0
-0.6807247058900834,-0.7832369504822617,-0.4219382219047114,1.3478671949191148,-0.40199490441104246,0.9955971658881752,1,0,0,1,1,0,0,1,1,0,0,1,0,1,2,1,0,1,2,0
-1.189727137978658,0.08743546092228634,-1.5328344381946224,-0.691180444079306,0.4139151590872966,0.9955971658881752,0,1,0,1,1,0,0,1,1,0,0,0,1,1,2,0,0,1,0,0
-0.6807247058900834,0.69690614890547,-1.6022654517127417,-0.691180444079306,0.4139151590872966,0.028626206786179966,1,0,0,1,0,1,0,1,1,0,0,0,1,1,1,1,2,2,0,0
-1.5290620927043745,-0.8703041916227164,-0.6302312624590697,-0.011497897746499092,-0.40199490441104246,0.028626206786179966,1,0,0,1,0,1,0,1,1,0,1,0,0,1,0,0,1,2,0,0
0.5069476356499242,1.132242354607744,-1.6716964652308612,0.6681846485863079,-1.2179049679093814,-1.9053157114178105,0,1,1,0,0,1,1,0,1,0,0,0,1,1,0,2,0,2,0,0
-0.8503921832529416,1.2193095957481987,1.3138371160482742,0.6681846485863079,-0.40199490441104246,0.9955971658881752,0,1,0,1,1,0,0,1,1,0,0,0,1,0,1,0,2,1,0,1
-0.6807247058900834,-0.08669902135862327,1.105544075493916,0.6681846485863079,2.045735286083975,-1.9053157114178105,0,1,1,0,0,1,0,1,1,0,0,0,1,1,1,1,2,1,2,0
0.5069476356499242,-0.9573714327631713,-1.0468173435677863,-0.691180444079306,0.4139151590872966,0.9955971658881752,0,1,1,0,0,1,0,1,1,0,1,0,0,1,2,1,0,2,0,0
-1.189727137978658,-0.2608335036395329,-0.352507208386592,-0.691180444079306,1.2298252225856356,0.9955971658881752,0,1,0,1,1,0,0,1,0,1,0,1,0,1,1,1,1,2,0,0
0.3372801582870659,1.3934440780291084,1.0361130619757966,2.0275497412519217,0.4139151590872966,0.028626206786179966,0,1,0,1,1,0,0,1,0,1,0,1,0,2,0,2,0,1,1,1
-1.189727137978658,0.8710406311863795,-0.8385243030134281,-1.370862990412113,-1.2179049679093814,0.9955971658881752,1,0,0,1,1,0,0,1,1,0,0,1,0,1,1,1,0,1,0,1
0.8462825903756406,-0.2608335036395329,-0.6996622759771891,0.6681846485863079,-1.2179049679093814,1.9625681249901703,1,0,0,1,0,1,1,0,1,0,0,0,1,1,0,2,1,1,1,2
-0.341389751164367,0.7839733900459247,-1.6022654517127417,-0.691180444079306,1.2298252225856356,0.028626206786179966,1,0,0,1,0,1,0,1,1,0,0,0,1,1,1,1,2,2,0,1
-0.5110572285272252,0.26156994320319593,1.1749750890120354,-0.011497897746499092,1.2298252225856356,-0.9383447523158153,0,1,0,1,0,1,0,1,0,1,0,1,0,0,1,0,0,1,0,1
-0.8503921832529416,1.3934440780291084,-1.1856793706040252,-0.011497897746499092,1.2298252225856356,0.9955971658881752,0,1,0,1,0,1,0,1,1,0,0,1,0,1,1,1,1,1,2,1
1.6946199771899317,-0.6961697093418069,-0.8385243030134281,-0.691180444079306,-0.40199490441104246,0.028626206786179966,1,0,0,1,0,1,0,1,1,0,0,1,0,2,2,1,0,1,2,0
-0.341389751164367,-0.7832369504822617,-0.9773863300496669,-0.011497897746499092,0.4139151590872966,0.9955971658881752,0,1,0,1,0,1,0,1,1,0,1,0,0,0,0,0,0,1,1,0
-0.341389751164367,-0.5220352270608973,1.105544075493916,0.6681846485863079,-1.2179049679093814,-0.9383447523158153,1,0,1,0,0,1,0,1,1,0,0,0,1,1,2,1,1,2,0,0
1.015950067738499,1.3063768368886535,-0.9773863300496669,0.6681846485863079,0.4139151590872966,-0.9383447523158153,1,0,1,0,0,1,0,1,1,0,0,1,0,1,0,1,1,1,2,0
-0.002054796438650507,-1.044438673903626,1.6609921836388715,-0.011497897746499092,-1.2179049679093814,-0.9383447523158153,1,0,0,1,0,1,0,1,0,1,0,0,1,2,0,2,0,1,1,1
-0.17172227380150873,1.2193095957481987,1.6609921836388715,-0.011497897746499092,-1.2179049679093814,-1.9053157114178105,0,1,0,1,1,0,0,1,0,1,0,1,0,2,2,1,0,1,0,0
-1.5290620927043745,-1.3927076384654453,-0.005352140795994853,0.6681846485863079,-0.40199490441104246,0.028626206786179966,0,1,1,0,1,0,0,1,1,0,0,0,1,1,1,0,2,1,0,1
1.015950067738499,-1.3927076384654453,-1.324541397640264,-0.011497897746499092,1.2298252225856356,0.028626206786179966,0,1,0,1,1,0,0,1,1,0,0,0,1,1,2,1,1,1,0,0
0.5069476356499242,-1.3927076384654453,-1.3939724111583836,-0.011497897746499092,-1.2179049679093814,0.9955971658881752,0,1,0,1,0,1,0,1,1,0,0,0,1,1,2,1,1,1,0,1
0.6766151130127824,1.132242354607744,-1.324541397640264,0.6681846485863079,-0.40199490441104246,0.028626206786179966,0,1,0,1,0,1,0,1,1,0,0,1,0,0,2,1,0,1,1,1
0.3372801582870659,0.6098389077650151,-1.0468173435677863,0.6681846485863079,0.4139151590872966,-0.9383447523158153,0,1,0,1,1,0,0,1,1,0,1,0,0,1,1,0,1,2,1,1
-0.341389751164367,1.2193095957481987,-0.2830761948684726,-2.05054553674492,1.2298252225856356,0.028626206786179966,1,0,0,1,0,1,0,1,1,0,0,0,1,1,1,1,2,0,1,0
-1.3593946153415164,1.2193095957481987,0.9666820484576771,1.3478671949191148,-0.40199490441104246,0.028626206786179966,0,1,1,0,0,1,0,1,1,0,1,0,0,1,0,1,0,0,0,0
-2.2077320021558076,-1.3927076384654453,-0.352507208386592,1.3478671949191148,2.045735286083975,0.9955971658881752,0,1,0,1,1,0,0,1,0,1,0,1,0,1,2,2,0,0,0,2
-1.0200596606158,-1.044438673903626,-1.5328344381946224,0.6681846485863079,-0.40199490441104246,-0.9383447523158153,1,0,1,0,0,1,0,1,1,0,0,0,1,1,1,2,1,2,1,0
-0.6807247058900834,-1.131505915044081,0.8278200214214383,-2.05054553674492,2.861645349582314,0.9955971658881752,0,1,0,1,0,1,0,1,1,0,0,0,1,1,2,2,2,2,1,0
-0.341389751164367,-0.9573714327631713,-1.0468173435677863,1.3478671949191148,1.2298252225856356,-0.9383447523158153,1,0,0,1,0,1,0,1,1,0,1,0,0,1,2,1,0,1,1,2
0.5069476356499242,-0.34790074477998767,1.244406102530155,-0.011497897746499092,0.4139151590872966,-0.9383447523158153,0,1,0,1,0,1,0,1,1,0,1,0,0,0,2,1,0,1,1,0
-0.6807247058900834,0.08743546092228634,-0.6302312624590697,-0.011497897746499092,1.2298252225856356,0.9955971658881752,0,1,1,0,0,1,0,1,1,0,0,0,1,2,1,1,2,2,0,0
0.16761268092420772,-0.8703041916227164,-0.07478315431411428,0.6681846485863079,0.4139151590872966,0.028626206786179966,0,1,0,1,1,0,0,1,1,0,0,0,1,1,1,0,1,1,2,2
-2.716734434244382,-0.9573714327631713,1.6609921836388715,-0.691180444079306,-1.2179049679093814,-0.9383447523158153,0,1,0,1,0,1,0,1,1,0,0,1,0,1,2,1,1,2,0,1
0.3372801582870659,-0.2608335036395329,-0.6302312624590697,2.0275497412519217,0.4139151590872966,0.028626206786179966,0,1,0,1,1,0,0,1,1,0,0,0,1,0,0,1,0,1,1,1
0.16761268092420772,0.8710406311863795,0.9666820484576771,1.3478671949191148,-0.40199490441104246,-0.9383447523158153,1,0,0,1,0,1,0,1,1,0,0,1,0,2,0,0,0,0,0,2
0.5069476356499242,0.9581078723268344,-0.2830761948684726,-0.691180444079306,2.861645349582314,0.028626206786179966,1,0,0,1,0,1,0,1,1,0,0,1,0,1,0,1,0,2,0,1
2.5429573640042227,0.34863718434365076,1.1749750890120354,0.6681846485863079,3.677555413080653,0.9955971658881752,0,1,0,1,0,1,0,1,1,0,1,0,0,0,1,2,0,2,0,1
0.16761268092420772,0.0003682197818315326,-0.6996622759771891,-1.370862990412113,0.4139151590872966,-1.9053157114178105,0,1,1,0,1,0,0,1,1,0,0,1,0,1,2,2,1,0,2,1
1.5249524998270736,1.3063768368886535,-0.7690932894953085,1.3478671949191148,-0.40199490441104246,0.028626206786179966,1,0,0,1,1,0,0,1,1,0,0,0,1,1,0,1,1,2,0,0
-1.6987295700672327,-1.6539093618868097,0.6889579943851994,-0.011497897746499092,-0.40199490441104246,0.9955971658881752,1,0,0,1,0,1,0,1,1,0,0,1,0,2,1,2,1,1,0,0
-0.341389751164367,0.8710406311863795,0.8972510349395577,-0.691180444079306,-0.40199490441104246,-1.9053157114178105,1,0,1,0,1,0,0,1,1,0,1,0,0,0,1,0,1,1,0,1
0.8462825903756406,1.045175113467289,1.244406102530155,-2.05054553674492,1.2298252225856356,-0.9383447523158153,1,0,0,1,1,0,0,1,1,0,0,1,0,2,1,2,2,1,0,0
-0.5110572285272252,0.9581078723268344,0.6889579943851994,0.6681846485863079,1.2298252225856356,0.9955971658881752,1,0,0,1,1,0,0,1,1,0,0,1,0,1,2,2,1,2,1,1
-0.5110572285272252,-1.3927076384654453,-1.7411274787489806,1.3478671949191148,0.4139151590872966,0.9955971658881752,1,0,0,1,1,0,0,1,1,0,0,0,1,1,1,1,0,2,0,1
-1.3593946153415164,-1.4797748796059,-1.324541397640264,0.6681846485863079,2.045735286083975,0.9955971658881752,0,1,0,1,1,0,0,1,1,0,0,0,1,1,1,0,1,1,1,1
0.16761268092420772,-0.5220352270608973,-1.3939724111583836,-0.691180444079306,1.2298252225856356,-0.9383447523158153,0,1,0,1,1,0,0,1,1,0,0,0,1,0,1,2,0,1,1,0
2.0339549319156482,-0.4349679859204425,-1.324541397640264,-0.691180444079306,1.2298252225856356,-0.9383447523158153,1,0,0,1,0,1,0,1,1,0,0,1,0,1,0,1,1,1,1,1
-0.002054796438650507,0.17450270206274113,0.3418029267946023,-1.370862990412113,1.2298252225856356,-1.9053157114178105,1,0,0,1,0,1,0,1,0,1,0,1,0,2,1,1,0,1,1,0
0.16761268092420772,-0.4349679859204425,-0.352507208386592,-0.011497897746499092,1.2298252225856356,0.9955971658881752,0,1,0,1,0,1,0,1,0,1,0,0,1,1,1,0,1,1,2,0
-1.189727137978658,0.34863718434365076,-1.6716964652308612,1.3478671949191148,-1.2179049679093814,0.9955971658881752,1,0,0,1,0,1,0,1,1,0,1,0,0,1,1,2,0,1,0,0
-1.5290620927043745,-0.8703041916227164,1.591561170120752,-0.691180444079306,1.2298252225856356,0.9955971658881752,1,0,1,0,1,0,0,1,1,0,0,1,0,1,1,1,2,1,2,0
-0.5110572285272252,-1.131505915044081,1.3138371160482742,1.3478671949191148,0.4139151590872966,0.028626206786179966,1,0,1,0,0,1,0,1,1,0,0,0,1,2,2,1,0,0,0,0
0.6766151130127824,-0.34790074477998767,0.5500959673489606,0.6681846485863079,-0.40199490441104246,0.9955971658881752,1,0,1,0,1,0,0,1,1,0,0,0,1,0,2,1,2,1,0,0
-0.8503921832529416,-1.044438673903626,1.3832681295663938,-1.370862990412113,-1.2179049679093814,1.9625681249901703,1,0,0,1,0,1,0,1,1,0,1,0,0,1,1,1,2,1,1,0
-1.6987295700672327,-0.4349679859204425,0.8278200214214383,0.6681846485863079,0.4139151590872966,0.9955971658881752,1,0,0,1,1,0,0,1,0,1,0,0,1,1,1,0,1,1,0,0
-0.5110572285272252,1.3934440780291084,-1.2551103841221445,-0.011497897746499092,0.4139151590872966,0.028626206786179966,1,0,1,0,1,0,0,1,1,0,1,0,0,2,1,0,1,1,1,1
-0.002054796438650507,1.132242354607744,-1.7411274787489806,-0.011497897746499092,-0.40199490441104246,0.9955971658881752,0,1,0,1,0,1,0,1,1,0,0,0,1,1,1,1,2,2,1,0
0.3372801582870659,-0.08669902135862327,1.730423197156991,-1.370862990412113,2.045735286083975,0.028626206786179966,0,1,0,1,1,0,0,1,1,0,1,0,0,2,1,1,2,2,1,0
-1.189727137978658,-0.7832369504822617,1.591561170120752,-0.011497897746499092,-1.2179049679093814,0.028626206786179966,0,1,0,1,1,0,0,1,1,0,0,0,1,1,1,1,1,1,1,0
-0.17172227380150873,-0.2608335036395329,1.5221301566026326,-0.691180444079306,2.045735286083975,-0.9383447523158153,0,1,0,1,1,0,0,1,1,0,1,0,0,2,0,0,0,1,0,0
1.185617545101357,0.8710406311863795,0.4806649538308412,-0.011497897746499092,-1.2179049679093814,0.028626206786179966,1,0,0,1,1,0,0,1,1,0,0,0,1,1,1,1,1,1,1,1
0.8462825903756406,1.4805113191695631,-1.1162483570859056,-0.691180444079306,-1.2179049679093814,-0.9383447523158153,1,0,0,1,1,0,0,1,1,0,0,0,1,2,2,0,0,2,0,0
0.8462825903756406,0.7839733900459247,-1.1162483570859056,-0.691180444079306,0.4139151590872966,-0.9383447523158153,1,0,0,1,0,1,0,1,1,0,0,1,0,1,0,1,0,1,1,0
-0.17172227380150873,0.26156994320319593,-0.352507208386592,-0.011497897746499092,0.4139151590872966,0.9955971658881752,1,0,0,1,0,1,0,1,0,1,1,0,0,1,1,1,0,1,2,0
1.015950067738499,0.34863718434365076,-0.7690932894953085,-0.011497897746499092,-0.40199490441104246,0.9955971658881752,0,1,0,1,1,0,1,0,1,0,0,1,0,2,1,1,1,2,1,0
1.3552850224642152,0.7839733900459247,0.4806649538308412,0.6681846485863079,-1.2179049679093814,0.028626206786179966,0,1,0,1,1,0,0,1,1,0,1,0,0,2,2,1,1,1,2,2
0.3372801582870659,1.567578560310018,-1.6022654517127417,-0.011497897746499092,1.2298252225856356,0.028626206786179966,1,0,0,1,0,1,1,0,1,0,0,0,1,1,0,1,1,1,1,0
-0.5110572285272252,0.17450270206274113,1.3138371160482742,2.0275497412519217,-0.40199490441104246,0.028626206786179966,1,0,1,0,1,0,0,1,1,0,0,1,0,1,0,1,2,2,0,1
1.8642874545527899,-1.3927076384654453,1.5221301566026326,2.0275497412519217,0.4139151590872966,0.9955971658881752,1,0,1,0,1,0,0,1,1,0,1,0,0,2,1,0,1,1,0,2
-0.17172227380150873,0.8710406311863795,0.4112339403127217,-0.011497897746499092,2.045735286083975,0.9955971658881752,1,0,0,1,1,0,0,1,0,1,0,1,0,2,0,1,2,2,1,0
0.16761268092420772,0.7839733900459247,0.6889579943851994,1.3478671949191148,-0.40199490441104246,1.9625681249901703,1,0,0,1,0,1,0,1,1,0,1,0,0,0,1,0,1,1,1,2
-1.189727137978658,1.045175113467289,-0.07478315431411428,-0.691180444079306,0.4139151590872966,-0.9383447523158153,0,1,1,0,1,0,0,1,1,0,0,1,0,1,2,2,0,1,1,0
-0.5110572285272252,-1.131505915044081,-1.6716964652308612,2.0275497412519217,1.2298252225856356,1.9625681249901703,0,1,0,1,0,1,0,1,1,0,0,0,1,2,1,1,0,1,0,0
-0.6807247058900834,-0.609102468201352,-0.005352140795994853,-0.691180444079306,1.2298252225856356,0.028626206786179966,1,0,0,1,0,1,0,1,1,0,0,0,1,1,1,2,1,1,0,1
0.8462825903756406,-0.34790074477998767,0.20294089975836344,-2.05054553674492,0.4139151590872966,0.028626206786179966,1,0,1,0,0,1,0,1,1,0,1,0,0,1,2,1,1,1,0,1
-0.6807247058900834,1.4805113191695631,1.1749750890120354,-0.691180444079306,-1.2179049679093814,0.9955971658881752,0,1,1,0,0,1,0,1,1,0,0,0,1,1,1,0,2,1,1,0
1.8642874545527899,-0.17376626249907806,1.5221301566026326,-0.691180444079306,-1.2179049679093814,0.028626206786179966,0,1,0,1,0,1,0,1,1,0,0,1,0,2,2,0,1,2,0,0
0.3372801582870659,1.7417130425909275,-0.7690932894953085,-0.011497897746499092,0.4139151590872966,0.028626206786179966,1,0,1,0,0,1,0,1,1,0,0,0,1,1,1,1,0,1,1,0
0.3372801582870659,-0.4349679859204425,-1.4634034246765029,-0.691180444079306,2.045735286083975,0.9955971658881752,0,1,0,1,1,0,0,1,1,0,0,0,1,1,2,0,0,2,0,0
-1.868397047430091,1.567578560310018,-0.7690932894953085,1.3478671949191148,-0.40199490441104246,0.028626206786179966,0,1,1,0,0,1,0,1,1,0,1,0,0,2,1,1,0,1,0,0
-0.002054796438650507,-0.17376626249907806,0.133509886240244,-0.691180444079306,1.2298252225856356,0.028626206786179966,0,1,1,0,1,0,0,1,1,0,0,0,1,1,1,1,1,1,0,1
-0.6807247058900834,-1.131505915044081,1.3138371160482742,1.3478671949191148,-0.40199490441104246,-0.9383447523158153,1,0,1,0,0,1,0,1,1,0,0,1,0,1,2,2,1,1,2,0
-0.17172227380150873,0.9581078723268344,-1.1162483570859056,0.6681846485863079,-0.40199490441104246,-0.9383447523158153,0,1,0,1,1,0,0,1,1,0,0,1,0,1,1,2,2,1,2,0
0.16761268092420772,-0.34790074477998767,0.20294089975836344,-1.370862990412113,-1.2179049679093814,0.028626206786179966,0,1,0,1,0,1,1,0,1,0,0,1,0,1,0,2,0,2,0,0
0.16761268092420772,-0.5220352270608973,0.5500959673489606,2.0275497412519217,-0.40199490441104246,0.028626206786179966,1,0,0,1,0,1,0,1,1,0,0,1,0,1,2,0,2,1,0,1
0.3372801582870659,1.6546458014504728,1.3832681295663938,1.3478671949191148,0.4139151590872966,0.9955971658881752,0,1,0,1,0,1,0,1,0,1,1,0,0,1,2,1,0,0,0,0
0.16761268092420772,0.08743546092228634,0.7583890079033189,-0.011497897746499092,-0.40199490441104246,0.9955971658881752,0,1,0,1,0,1,0,1,1,0,0,1,0,2,1,1,0,1,1,0
0.8462825903756406,-0.609102468201352,-0.2830761948684726,-0.691180444079306,-1.2179049679093814,0.028626206786179966,1,0,1,0,0,1,0,1,1,0,0,0,1,2,1,0,0,1,1,2
-0.341389751164367,0.43570442548410554,1.3832681295663938,-0.691180444079306,0.4139151590872966,0.9955971658881752,1,0,1,0,0,1,0,1,1,0,0,0,1,1,2,2,0,0,1,0
0.16761268092420772,0.9581078723268344,-0.07478315431411428,1.3478671949191148,0.4139151590872966,-0.9383447523158153,1,0,1,0,1,0,0,1,1,0,1,0,0,2,1,1,0,0,0,0
0.6766151130127824,0.26156994320319593,-1.6022654517127417,-0.011497897746499092,-0.40199490441104246,0.9955971658881752,1,0,0,1,0,1,0,1,1,0,0,0,1,2,1,2,1,2,1,0
-1.0200596606158,1.045175113467289,-1.324541397640264,1.3478671949191148,-0.40199490441104246,0.9955971658881752,1,0,0,1,0,1,0,1,1,0,0,1,0,2,0,0,1,1,0,1
2.3732898866413645,1.6546458014504728,-1.5328344381946224,0.6681846485863079,-1.2179049679093814,1.9625681249901703,0,1,0,1,0,1,0,1,1,0,0,1,0,1,1,1,1,2,1,0
0.8462825903756406,1.4805113191695631,0.6889579943851994,-0.011497897746499092,1.2298252225856356,-1.9053157114178105,0,1,0,1,0,1,0,1,1,0,0,1,0,0,2,2,2,1,2,0
1.015950067738499,-0.17376626249907806,-0.6996622759771891,0.6681846485863079,1.2298252225856356,0.028626206786179966,1,0,0,1,1,0,0,1,1,0,0,0,1,2,1,1,1,1,1,0
-0.5110572285272252,1.567578560310018,-0.21364518135035315,-0.011497897746499092,-1.2179049679093814,0.028626206786179966,0,1,0,1,0,1,0,1,1,0,0,0,1,1,2,2,0,1,0,0
-0.002054796438650507,-0.2608335036395329,-1.1856793706040252,-0.011497897746499092,-1.2179049679093814,0.028626206786179966,0,1,0,1,0,1,0,1,1,0,0,1,0,0,2,2,2,1,0,0
-1.5290620927043745,1.132242354607744,-0.21364518135035315,-0.691180444079306,0.4139151590872966,0.028626206786179966,0,1,0,1,0,1,0,1,1,0,1,0,0,1,1,0,0,1,1,1
-0.6807247058900834,-1.7409766030272644,-0.6302312624590697,0.6681846485863079,-0.40199490441104246,-0.9383447523158153,1,0,1,0,0,1,0,1,0,1,0,1,0,0,1,0,2,2,0,1
0.6766151130127824,-1.044438673903626,0.61952698086708,-0.691180444079306,-0.40199490441104246,0.9955971658881752,1,0,0,1,1,0,0,1,1,0,0,0,1,2,0,1,0,2,0,0
-1.0200596606158,-0.08669902135862327,-1.1162483570859056,-0.691180444079306,2.861645349582314,0.028626206786179966,0,1,0,1,0,1,0,1,1,0,0,0,1,2,1,1,1,2,2,2
1.015950067738499,-1.2185731561845357,-0.5608002489409503,-0.011497897746499092,1.2298252225856356,0.9955971658881752,1,0,0,1,0,1,0,1,1,0,1,0,0,1,1,2,1,1,0,1
-0.6807247058900834,0.5227716666245603,1.6609921836388715,0.6681846485863079,2.045735286083975,0.9955971658881752,0,1,1,0,1,0,0,1,1,0,0,1,0,2,2,1,0,2,1,0
-1.5290620927043745,1.6546458014504728,0.8972510349395577,-0.011497897746499092,2.045735286083975,0.028626206786179966,0,1,1,0,0,1,1,0,1,0,0,1,0,1,2,2,1,0,1,0
0.3372801582870659,0.17450270206274113,1.3138371160482742,1.3478671949191148,-1.2179049679093814,0.9955971658881752,1,0,0,1,0,1,0,1,1,0,0,0,1,0,1,2,1,1,0,1
1.015950067738499,0.08743546092228634,-0.5608002489409503,1.3478671949191148,1.2298252225856356,-0.9383447523158153,1,0,0,1,0,1,0,1,1,0,0,1,0,1,1,1,0,1,1,0
1.015950067738499,-0.6961697093418069,-0.21364518135035315,-0.011497897746499092,0.4139151590872966,0.9955971658881752,1,0,0,1,1,0,0,1,1,0,0,1,0,1,0,0,1,0,0,0
-1.189727137978658,-1.7409766030272644,1.3832681295663938,-0.011497897746499092,-0.40199490441104246,-1.9053157114178105,1,0,1,0,0,1,0,1,1,0,0,0,1,0,2,1,0,1,0,0
1.8642874545527899,0.08743546092228634,-0.352507208386592,1.3478671949191148,-0.40199490441104246,0.9955971658881752,1,0,0,1,1,0,0,1,1,0,0,1,0,1,1,0,0,1,2,0
0.16761268092420772,0.69690614890547,1.3138371160482742,0.6681846485863079,-1.2179049679093814,0.028626206786179966,0,1,0,1,1,0,0,1,1,0,0,1,0,1,1,1,1,2,1,0
-0.341389751164367,1.3063768368886535,0.8278200214214383,-0.011497897746499092,2.861645349582314,-0.9383447523158153,0,1,0,1,0,1,0,1,1,0,0,1,0,2,1,2,1,1,1,0
0.6766151130127824,1.567578560310018,1.244406102530155,-0.691180444079306,0.4139151590872966,0.9955971658881752,0,1,0,1,1,0,1,0,1,0,0,0,1,0,0,0,0,0,1,0
-1.0200596606158,-0.9573714327631713,1.105544075493916,-1.370862990412113,-1.2179049679093814,0.028626206786179966,0,1,0,1,1,0,0,1,1,0,0,0,1,0,1,1,2,1,1,1
1.015950067738499,1.132242354607744,-0.4219382219047114,-2.05054553674492,0.4139151590872966,0.028626206786179966,0,1,0,1,1,0,0,1,1,0,0,1,0,0,1,1,0,1,0,0
-0.5110572285272252,-1.3927076384654453,-0.07478315431411428,-0.011497897746499092,0.4139151590872966,-0.9383447523158153,1,0,0,1,0,1,0,1,1,0,0,0,1,2,0,0,1,0,2,0
-0.5110572285272252,-1.044438673903626,1.730423197156991,1.3478671949191148,-0.40199490441104246,0.028626206786179966,0,1,0,1,0,1,0,1,1,0,1,0,0,0,1,2,1,2,0,1
-0.341389751164367,1.3063768368886535,1.3138371160482742,-0.691180444079306,3.677555413080653,0.028626206786179966,1,0,0,1,0,1,0,1,1,0,0,1,0,1,2,1,0,2,0,2
0.8462825903756406,-1.4797748796059,-0.21364518135035315,-0.011497897746499092,1.2298252225856356,0.9955971658881752,0,1,1,0,0,1,0,1,1,0,1,0,0,1,2,1,1,2,1,2
-0.8503921832529416,0.17450270206274113,1.244406102530155,-0.011497897746499092,1.2298252225856356,-0.9383447523158153,1,0,0,1,0,1,0,1,1,0,1,0,0,1,1,1,0,2,0,1
-0.002054796438650507,-0.6961697093418069,-1.0468173435677863,0.6681846485863079,-1.2179049679093814,1.9625681249901703,0,1,0,1,1,0,0,1,1,0,0,1,0,2,0,0,0,1,0,0
-0.5110572285272252,-0.34790074477998767,-0.2830761948684726,1.3478671949191148,-1.2179049679093814,0.028626206786179966,0,1,0,1,1,0,0,1,1,0,0,1,0,1,2,1,1,2,2,0
0.3372801582870659,0.17450270206274113,1.244406102530155,1.3478671949191148,0.4139151590872966,-0.9383447523158153,0,1,0,1,0,1,0,1,1,0,0,1,0,1,1,0,0,1,0,0
-1.6987295700672327,1.2193095957481987,-0.07478315431411428,-0.011497897746499092,1.2298252225856356,0.028626206786179966,0,1,0,1,0,1,0,1,1,0,0,0,1,2,1,2,2,1,1,1
0.6766151130127824,0.69690614890547,-1.6716964652308612,-0.691180444079306,2.045735286083975,0.9955971658881752,0,1,0,1,0,1,0,1,1,0,0,0,1,1,1,2,1,0,0,0
-1.189727137978658,0.69690614890547,-0.6302312624590697,-2.05054553674492,-0.40199490441104246,0.9955971658881752,1,0,0,1,1,0,0,1,1,0,0,0,1,2,1,0,0,2,0,0
-0.5110572285272252,-0.34790074477998767,0.4112339403127217,-0.011497897746499092,2.045735286083975,-0.9383447523158153,0,1,1,0,1,0,0,1,1,0,0,1,0,1,0,0,2,1,0,0
-1.6987295700672327,-0.7832369504822617,-1.3939724111583836,-0.011497897746499092,0.4139151590872966,0.028626206786179966,1,0,0,1,0,1,0,1,1,0,0,0,1,1,1,2,0,2,1,0
-1.189727137978658,-0.6961697093418069,-1.324541397640264,0.6681846485863079,-0.40199490441104246,0.9955971658881752,1,0,0,1,1,0,0,1,1,0,0,0,1,1,2,0,0,2,2,1
-2.2077320021558076,0.5227716666245603,0.8972510349395577,1.3478671949191148,0.4139151590872966,-0.9383447523158153,1,0,0,1,1,0,0,1,1,0,1,0,0,1,0,1,0,1,1,0
1.015950067738499,0.34863718434365076,-0.7690932894953085,-0.011497897746499092,0.4139151590872966,0.028626206786179966,0,1,0,1,1,0,0,1,1,0,0,1,0,1,1,0,2,2,0,0
-2.716734434244382,0.69690614890547,0.8278200214214383,-0.691180444079306,-0.40199490441104246,0.9955971658881752,0,1,0,1,1,0,0,1,1,0,0,1,0,1,2,0,1,2,1,0
0.8462825903756406,1.4805113191695631,0.20294089975836344,0.6681846485863079,-1.2179049679093814,0.028626206786179966,0,1,0,1,0,1,0,1,1,0,0,1,0,0,1,1,1,1,0,0
-0.002054796438650507,0.6098389077650151,0.9666820484576771,0.6681846485863079,0.4139151590872966,0.028626206786179966,0,1,0,1,1,0,0,1,1,0,0,1,0,1,1,0,1,1,0,1
-0.341389751164367,-1.131505915044081,-0.9079553165315475,-0.011497897746499092,-0.40199490441104246,-0.9383447523158153,0,1,1,0,0,1,0,1,1,0,0,0,1,2,1,2,0,0,0,2
-0.341389751164367,-1.044438673903626,-1.6022654517127417,0.6681846485863079,-1.2179049679093814,0.028626206786179966,0,1,0,1,0,1,0,1,1,0,0,0,1,2,2,2,2,2,1,0
0.16761268092420772,-0.08669902135862327,-0.1442141678322337,0.6681846485863079,-0.40199490441104246,-0.9383447523158153,1,0,0,1,1,0,0,1,1,0,0,1,0,1,0,1,0,0,0,0
-0.5110572285272252,0.69690614890547,-0.5608002489409503,-1.370862990412113,-1.2179049679093814,0.028626206786179966,0,1,0,1,1,0,1,0,1,0,0,1,0,0,0,1,1,2,2,0
0.5069476356499242,-0.5220352270608973,1.730423197156991,-0.691180444079306,0.4139151590872966,0.028626206786179966,0,1,1,0,1,0,0,1,1,0,0,0,1,2,0,0,2,0,0,0
-0.002054796438650507,0.08743546092228634,-1.6716964652308612,-0.691180444079306,1.2298252225856356,0.9955971658881752,0,1,0,1,0,1,1,0,0,1,0,1,0,2,1,2,1,1,0,0
0.8462825903756406,0.8710406311863795,0.5500959673489606,0.6681846485863079,0.4139151590872966,0.028626206786179966,0,1,0,1,0,1,0,1,1,0,1,0,0,2,2,1,1,1,1,0
0.8462825903756406,0.17450270206274113,-0.9773863300496669,1.3478671949191148,-0.40199490441104246,-0.9383447523158153,0,1,0,1,0,1,0,1,1,0,1,0,0,2,1,0,2,1,0,0
-0.6807247058900834,1.4805113191695631,1.452699143084513,-0.011497897746499092,2.045735286083975,-0.9383447523158153,1,0,1,0,1,0,1,0,1,0,0,1,0,1,1,0,0,2,0,0
1.015950067738499,1.4805113191695631,0.6889579943851994,0.6681846485863079,0.4139151590872966,0.028626206786179966,0,1,0,1,1,0,1,0,1,0,0,1,0,1,1,0,2,0,0,0
-1.3593946153415164,0.6098389077650151,-0.005352140795994853,1.3478671949191148,-0.40199490441104246,0.028626206786179966,1,0,1,0,0,1,1,0,0,1,0,1,0,2,2,1,0,1,1,1
-1.5290620927043745,-1.044438673903626,0.8278200214214383,-1.370862990412113,-0.40199490441104246,0.9955971658881752,0,1,0,1,0,1,0,1,0,1,0,0,1,2,1,1,0,1,0,2
0.6766151130127824,0.43570442548410554,0.5500959673489606,2.0275497412519217,-0.40199490441104246,0.9955971658881752,1,0,0,1,0,1,0,1,1,0,0,0,1,1,1,0,1,2,1,1
-0.8503921832529416,-0.9573714327631713,1.1749750890120354,0.6681846485863079,-1.2179049679093814,-1.9053157114178105,0,1,0,1,1,0,0,1,1,0,0,1,0,1,2,0,0,1,1,1
2.5429573640042227,-0.17376626249907806,1.6609921836388715,2.0275497412519217,-0.40199490441104246,-0.9383447523158153,0,1,1,0,0,1,0,1,1,0,0,0,1,2,0,1,0,1,0,0
1.3552850224642152,0.0003682197818315326,-0.7690932894953085,-1.370862990412113,-0.40199490441104246,-0.9383447523158153,1,0,1,0,1,0,0,1,1,0,0,1,0,2,2,1,0,1,2,1
1.3552850224642152,-0.34790074477998767,-0.6302312624590697,0.6681846485863079,2.861645349582314,0.9955971658881752,0,1,0,1,0,1,0,1,1,0,0,0,1,0,1,1,2,0,1,1
-1.5290620927043745,-0.5220352270608973,1.591561170120752,-0.011497897746499092,-0.40199490441104246,-0.9383447523158153,0,1,0,1,0,1,0,1,1,0,0,0,1,1,2,0,0,1,0,0
-0.341389751164367,0.17450270206274113,0.9666820484576771,-0.691180444079306,-1.2179049679093814,-1.9053157114178105,0,1,1,0,0,1,0,1,0,1,0,0,1,2,0,2,1,1,1,1
-1.3593946153415164,0.69690614890547,-0.21364518135035315,-0.691180444079306,0.4139151590872966,-0.9383447523158153,0,1,0,1,1,0,0,1,1,0,0,0,1,0,1,0,1,1,1,2
-1.868397047430091,-0.9573714327631713,0.4806649538308412,-0.011497897746499092,-0.40199490441104246,-0.9383447523158153,1,0,0,1,0,1,0,1,1,0,0,0,1,2,1,2,2,2,0,0
-1.189727137978658,1.3063768368886535,0.5500959673489606,-2.05054553674492,-0.40199490441104246,0.9955971658881752,0,1,0,1,0,1,1,0,1,0,0,1,0,1,1,0,0,2,1,1
0.8462825903756406,0.9581078723268344,1.1749750890120354,-0.011497897746499092,1.2298252225856356,1.9625681249901703,0,1,0,1,1,0,0,1,1,0,1,0,0,1,2,1,0,1,0,0
-1.3593946153415164,1.2193095957481987,0.20294089975836344,2.0275497412519217,-0.40199490441104246,-0.9383447523158153,1,0,0,1,0,1,0,1,1,0,0,1,0,1,1,1,1,2,0,0
0.5069476356499242,1.4805113191695631,1.3138371160482742,1.3478671949191148,0.4139151590872966,0.028626206786179966,0,1,0,1,0,1,0,1,1,0,0,0,1,2,0,2,0,1,0,1
0.3372801582870659,-0.609102468201352,-1.1162483570859056,-0.691180444079306,-1.2179049679093814,-1.9053157114178105,0,1,0,1,0,1,0,1,1,0,0,0,1,2,1,0,0,1,0,0
-0.341389751164367,0.9581078723268344,0.06407887272212458,-1.370862990412113,-0.40199490441104246,0.028626206786179966,1,0,0,1,0,1,0,1,1,0,0,1,0,0,1,1,1,1,0,0
-0.002054796438650507,-0.08669902135862327,0.27237191327648286,-2.05054553674492,-1.2179049679093814,0.9955971658881752,0,1,1,0,0,1,0,1,1,0,0,1,0,1,2,0,1,2,0,1
2.2036224092785064,-0.17376626249907806,0.7583890079033189,-0.011497897746499092,-0.40199490441104246,0.9955971658881752,0,1,0,1,1,0,0,1,1,0,0,0,1,0,0,1,0,2,0,0
-1.0200596606158,1.045175113467289,-1.1856793706040252,1.3478671949191148,-0.40199490441104246,-0.9383447523158153,0,1,0,1,0,1,0,1,1,0,0,0,1,1,2,2,2,0,0,0
-1.189727137978658,0.69690614890547,0.8972510349395577,1.3478671949191148,0.4139151590872966,0.9955971658881752,0,1,1,0,0,1,0,1,1,0,1,0,0,0,2,2,0,2,2,2
-0.17172227380150873,-1.044438673903626,-1.6716964652308612,-0.011497897746499092,-0.40199490441104246,-1.9053157114178105,1,0,0,1,1,0,1,0,1,0,0,0,1,2,2,1,2,1,0,1
-0.6807247058900834,0.5227716666245603,1.3138371160482742,-0.011497897746499092,-1.2179049679093814,0.9955971658881752,0,1,1,0,1,0,0,1,1,0,0,0,1,1,0,0,0,1,0,0
-0.341389751164367,-1.2185731561845357,0.9666820484576771,-0.011497897746499092,2.045735286083975,0.028626206786179966,0,1,0,1,0,1,0,1,0,1,0,0,1,1,1,2,0,1,0,0
-0.8503921832529416,-1.131505915044081,1.3138371160482742,-2.05054553674492,-0.40199490441104246,1.9625681249901703,0,1,1,0,0,1,0,1,1,0,0,0,1,1,2,2,1,1,0,2
-0.341389751164367,-0.5220352270608973,-0.5608002489409503,-0.691180444079306,0.4139151590872966,-0.9383447523158153,0,1,0,1,0,1,0,1,1,0,0,1,0,1,0,2,0,2,0,0
-1.0200596606158,0.7839733900459247,1.452699143084513,1.3478671949191148,0.4139151590872966,0.028626206786179966,1,0,1,0,1,0,0,1,1,0,0,1,0,1,0,0,0,2,1,1
-1.0200596606158,1.567578560310018,-1.6716964652308612,-0.011497897746499092,-1.2179049679093814,-1.9053157114178105,0,1,0,1,1,0,0,1,0,1,0,0,1,2,2,1,1,0,0,0
-1.3593946153415164,-1.4797748796059,-0.8385243030134281,-1.370862990412113,2.045735286083975,-0.9383447523158153,0,1,1,0,1,0,0,1,1,0,0,0,1,1,2,0,0,1,0,1
-1.3593946153415164,-0.8703041916227164,-1.5328344381946224,1.3478671949191148,0.4139151590872966,-0.9383447523158153,0,1,0,1,0,1,0,1,0,1,0,1,0,0,2,1,0,1,0,0
-1.5290620927043745,-1.7409766030272644,-1.1162483570859056,-0.011497897746499092,0.4139151590872966,-1.9053157114178105,0,1,0,1,1,0,0,1,1,0,0,0,1,1,2,2,0,1,1,1
1.015950067738499,-0.6961697093418069,-1.4634034246765029,2.0275497412519217,0.4139151590872966,-0.9383447523158153,0,1,0,1,1,0,1,0,1,0,0,1,0,1,1,1,2,2,1,1
0.16761268092420772,0.34863718434365076,1.0361130619757966,-2.05054553674492,0.4139151590872966,0.028626206786179966,0,1,0,1,1,0,0,1,1,0,0,1,0,2,2,1,1,0,0,2
1.185617545101357,-0.609102468201352,1.105544075493916,-0.011497897746499092,0.4139151590872966,0.9955971658881752,1,0,0,1,1,0,0,1,1,0,0,1,0,0,1,1,2,1,1,2
-0.17172227380150873,-0.2608335036395329,-1.5328344381946224,0.6681846485863079,-0.40199490441104246,0.028626206786179966,0,1,1,0,1,0,0,1,1,0,0,0,1,2,0,1,0,1,0,0
1.185617545101357,-0.17376626249907806,0.133509886240244,-1.370862990412113,-1.2179049679093814,0.028626206786179966,0,1,1,0,0,1,0,1,1,0,0,1,0,2,0,1,1,0,2,0
-0.6807247058900834,0.17450270206274113,-0.005352140795994853,0.6681846485863079,0.4139151590872966,-0.9383447523158153,1,0,0,1,0,1,0,1,1,0,0,0,1,1,0,1,1,1,1,0
0.3372801582870659,0.26156994320319593,-0.6302312624590697,-0.011497897746499092,0.4139151590872966,0.028626206786179966,1,0,1,0,0,1,0,1,1,0,0,1,0,1,0,1,1,1,0,0
0.5069476356499242,1.3934440780291084,0.9666820484576771,-0.011497897746499092,-0.40199490441104246,0.028626206786179966,1,0,1,0,0,1,0,1,1,0,0,0,1,0,1,1,0,1,1,2
0.5069476356499242,0.69690614890547,-1.1162483570859056,-0.011497897746499092,-0.40199490441104246,-0.9383447523158153,0,1,0,1,0,1,0,1,1,0,1,0,0,0,1,1,1,1,0,0
-0.17172227380150873,1.3063768368886535,-0.49136923542283084,1.3478671949191148,1.2298252225856356,0.9955971658881752,0,1,0,1,0,1,0,1,1,0,0,0,1,2,2,1,2,1,1,2
1.015950067738499,-1.4797748796059,-0.07478315431411428,1.3478671949191148,-0.40199490441104246,0.9955971658881752,1,0,1,0,0,1,0,1,1,0,0,0,1,1,2,1,0,1,0,0
-0.341389751164367,-0.17376626249907806,0.6889579943851994,-0.011497897746499092,1.2298252225856356,-0.9383447523158153,0,1,0,1,0,1,0,1,1,0,1,0,0,2,0,2,0,0,1,0
-0.002054796438650507,0.08743546092228634,-1.5328344381946224,-0.691180444079306,-1.2179049679093814,0.9955971658881752,1,0,0,1,0,1,0,1,1,0,0,1,0,1,0,0,1,0,0,2
0.3372801582870659,0.69690614890547,-1.0468173435677863,-1.370862990412113,-0.40199490441104246,-0.9383447523158153,0,1,0,1,0,1,0,1,1,0,0,1,0,1,1,0,0,1,0,1
0.3372801582870659,-1.044438673903626,0.06407887272212458,-0.011497897746499092,-0.40199490441104246,0.9955971658881752,0,1,0,1,1,0,0,1,1,0,0,0,1,1,2,1,1,1,0,0
-0.341389751164367,0.34863718434365076,1.1749750890120354,0.6681846485863079,-1.2179049679093814,0.028626206786179966,1,0,0,1,0,1,0,1,1,0,1,0,0,2,2,0,0,2,1,0
-0.8503921832529416,1.132242354607744,-0.9773863300496669,0.6681846485863079,-0.40199490441104246,0.9955971658881752,1,0,0,1,1,0,0,1,1,0,0,1,0,1,1,2,1,1,0,0
-0.6807247058900834,0.0003682197818315326,-0.9079553165315475,1.3478671949191148,-1.2179049679093814,0.9955971658881752,1,0,0,1,0,1,0,1,1,0,0,1,0,2,2,0,2,1,2,0
-0.341389751164367,1.045175113467289,-0.352507208386592,-0.011497897746499092,-0.40199490441104246,0.028626206786179966,0,1,0,1,0,1,0,1,1,0,0,1,0,2,1,1,0,1,0,1
-0.341389751164367,-1.3056403973249906,-0.8385243030134281,0.6681846485863079,-0.40199490441104246,0.028626206786179966,0,1,0,1,0,1,0,1,1,0,0,0,1,1,2,1,1,1,0,2
2.2036224092785064,-1.131505915044081,0.7583890079033189,-0.691180444079306,2.045735286083975,0.028626206786179966,1,0,0,1,0,1,0,1,0,1,0,0,1,2,1,1,1,2,0,0
-0.341389751164367,1.3934440780291084,-0.005352140795994853,-0.011497897746499092,0.4139151590872966,-0.9383447523158153,0,1,0,1,1,0,0,1,1,0,1,0,0,2,2,2,1,2,0,0
-0.17172227380150873,1.567578560310018,1.452699143084513,-0.691180444079306,0.4139151590872966,-0.9383447523158153,0,1,1,0,0,1,1,0,1,0,1,0,0,1,0,1,0,1,0,1
-0.5110572285272252,1.3934440780291084,0.133509886240244,0.6681846485863079,-0.40199490441104246,0.028626206786179966,1,0,0,1,1,0,0,1,1,0,0,1,0,1,1,1,1,1,2,0
-1.6987295700672327,-0.2608335036395329,1.6609921836388715,0.6681846485863079,-1.2179049679093814,0.9955971658881752,0,1,0,1,1,0,0,1,0,1,0,1,0,1,2,1,1,2,0,0
-0.8503921832529416,-1.7409766030272644,-0.6996622759771891,1.3478671949191148,-0.40199490441104246,1.9625681249901703,0,1,0,1,1,0,0,1,1,0,1,0,0,1,0,1,1,2,1,1
-0.17172227380150873,0.26156994320319593,-1.4634034246765029,0.6681846485863079,-0.40199490441104246,0.9955971658881752,0,1,1,0,0,1,0,1,1,0,0,0,1,2,0,1,0,1,0,1
0.5069476356499242,1.045175113467289,1.730423197156991,1.3478671949191148,-0.40199490441104246,-0.9383447523158153,0,1,0,1,1,0,0,1,0,1,0,1,0,1,2,1,2,2,1,0
1.015950067738499,-1.2185731561845357,0.4806649538308412,-1.370862990412113,-0.40199490441104246,0.028626206786179966,1,0,0,1,0,1,0,1,1,0,0,1,0,2,2,1,0,1,0,0
0.8462825903756406,1.6546458014504728,-0.4219382219047114,0.6681846485863079,-0.40199490441104246,0.028626206786179966,0,1,0,1,1,0,1,0,1,0,0,0,1,0,1,1,0,2,2,1
0.5069476356499242,1.2193095957481987,-0.9079553165315475,0.6681846485863079,0.4139151590872966,-2.872286670519806,1,0,0,1,0,1,0,1,1,0,0,0,1,1,0,1,0,1,2,1
-1.0200596606158,1.6546458014504728,0.7583890079033189,-0.691180444079306,0.4139151590872966,0.9955971658881752,0,1,1,0,1,0,0,1,1,0,1,0,0,2,1,0,2,2,1,0
1.185617545101357,-0.08669902135862327,1.0361130619757966,-0.691180444079306,1.2298252225856356,0.9955971658881752,0,1,0,1,0,1,0,1,1,0,0,0,1,2,2,0,1,2,0,0
-1.5290620927043745,1.3063768368886535,1.1749750890120354,-0.691180444079306,0.4139151590872966,0.028626206786179966,1,0,0,1,0,1,1,0,1,0,0,1,0,1,1,1,1,0,2,1
0.3372801582870659,1.567578560310018,-0.4219382219047114,-1.370862990412113,-0.40199490441104246,0.9955971658881752,1,0,0,1,1,0,1,0,1,0,1,0,0,1,2,0,0,2,0,1
0.6766151130127824,1.3934440780291084,1.452699143084513,-0.011497897746499092,-0.40199490441104246,0.028626206786179966,1,0,0,1,0,1,0,1,1,0,1,0,0,2,2,1,1,1,0,0
-1.0200596606158,1.567578560310018,1.6609921836388715,0.6681846485863079,-1.2179049679093814,0.028626206786179966,0,1,0,1,0,1,0,1,1,0,0,1,0,1,1,0,2,1,0,0
1.8642874545527899,0.0003682197818315326,-0.2830761948684726,-0.691180444079306,0.4139151590872966,0.028626206786179966,1,0,0,1,0,1,0,1,1,0,0,1,0,1,1,2,0,2,0,0
0.5069476356499242,1.045175113467289,-1.1856793706040252,1.3478671949191148,0.4139151590872966,-1.9053157114178105,1,0,1,0,1,0,0,1,1,0,0,1,0,2,2,1,0,1,2,0
2.2036224092785064,-1.3927076384654453,-1.6022654517127417,0.6681846485863079,1.2298252225856356,0.9955971658881752,0,1,0,1,1,0,1,0,1,0,0,0,1,1,1,0,2,1,0,0
0.16761268092420772,-0.609102468201352,1.6609921836388715,-0.691180444079306,-0.40199490441104246,1.9625681249901703,0,1,0,1,1,0,1,0,1,0,0,1,0,1,1,1,0,1,0,0
1.5249524998270736,-1.044438673903626,0.9666820484576771,-2.05054553674492,-1.2179049679093814,0.9955971658881752,0,1,1,0,1,0,0,1,0,1,0,1,0,1,1,1,1,1,1,0
-0.5110572285272252,1.3934440780291084,-1.7411274787489806,-0.011497897746499092,-0.40199490441104246,0.9955971658881752,1,0,1,0,0,1,0,1,1,0,1,0,0,1,1,0,1,1,0,0
0.16761268092420772,0.5227716666245603,-1.6716964652308612,-1.370862990412113,0.4139151590872966,-0.9383447523158153,1,0,0,1,0,1,0,1,1,0,0,0,1,0,1,1,0,2,0,1
-0.5110572285272252,0.0003682197818315326,1.1749750890120354,-1.370862990412113,-1.2179049679093814,0.9955971658881752,1,0,1,0,0,1,0,1,1,0,1,0,0,1,1,1,0,1,2,0
-2.547066956881524,0.7839733900459247,0.06407887272212458,-2.05054553674492,0.4139151590872966,0.028626206786179966,0,1,0,1,0,1,0,1,1,0,0,1,0,1,1,2,1,1,1,0
1.185617545101357,1.045175113467289,1.6609921836388715,-0.691180444079306,2.045735286083975,0.028626206786179966,1,0,1,0,0,1,0,1,1,0,0,0,1,2,1,0,0,0,0,0
0.16761268092420772,1.567578560310018,-0.352507208386592,-0.691180444079306,-0.40199490441104246,0.028626206786179966,0,1,0,1,0,1,0,1,1,0,0,0,1,0,0,1,1,1,0,1
-0.6807247058900834,-0.17376626249907806,-1.7411274787489806,-1.370862990412113,0.4139151590872966,-0.9383447523158153,0,1,1,0,0,1,0,1,1,0,0,0,1,0,1,1,0,1,1,1
-1.3593946153415164,-0.4349679859204425,-0.005352140795994853,0.6681846485863079,-0.40199490441104246,-0.9383447523158153,1,0,1,0,0,1,0,1,1,0,1,0,0,1,1,2,0,1,1,0
-1.3593946153415164,0.6098389077650151,-1.5328344381946224,-0.011497897746499092,0.4139151590872966,-1.9053157114178105,0,1,1,0,0,1,0,1,1,0,0,1,0,1,1,0,1,1,1,0
1.6946199771899317,0.8710406311863795,-0.5608002489409503,2.0275497412519217,0.4139151590872966,2.929539084092166,0,1,1,0,1,0,0,1,1,0,0,1,0,2,1,2,1,1,0,0
-0.002054796438650507,-0.17376626249907806,1.1749750890120354,-1.370862990412113,-0.40199490441104246,0.028626206786179966,0,1,0,1,0,1,0,1,1,0,0,0,1,0,1,0,1,1,0,2
1.015950067738499,0.5227716666245603,-0.5608002489409503,-1.370862990412113,0.4139151590872966,-1.9053157114178105,1,0,1,0,1,0,0,1,1,0,0,0,1,1,0,1,0,2,0,1
0.5069476356499242,0.6098389077650151,-1.324541397640264,0.6681846485863079,-0.40199490441104246,0.028626206786179966,0,1,0,1,1,0,0,1,1,0,0,0,1,2,2,1,1,2,2,1
-1.868397047430091,-0.34790074477998767,0.27237191327648286,-0.011497897746499092,-0.40199490441104246,0.028626206786179966,0,1,0,1,1,0,0,1,1,0,1,0,0,1,1,1,1,1,1,0
-0.002054796438650507,1.6546458014504728,-0.9773863300496669,1.3478671949191148,-0.40199490441104246,0.9955971658881752,0,1,1,0,0,1,0,1,1,0,0,1,0,0,0,0,2,1,0,1
0.3372801582870659,0.7839733900459247,0.20294089975836344,0.6681846485863079,2.045735286083975,0.028626206786179966,1,0,1,0,1,0,0,1,1,0,0,0,1,0,1,0,2,1,0,0
-1.189727137978658,-1.3056403973249906,-0.1442141678322337,-0.691180444079306,-1.2179049679093814,0.028626206786179966,1,0,1,0,0,1,0,1,1,0,0,0,1,0,2,1,0,1,2,0
-0.8503921832529416,0.9581078723268344,-0.7690932894953085,-0.691180444079306,-0.40199490441104246,0.028626206786179966,0,1,0,1,1,0,0,1,0,1,0,0,1,0,1,0,0,2,0,0
1.3552850224642152,0.9581078723268344,-0.1442141678322337,-1.370862990412113,0.4139151590872966,-0.9383447523158153,1,0,0,1,0,1,1,0,1,0,0,1,0,0,1,1,1,1,0,0
0.8462825903756406,1.132242354607744,-0.9079553165315475,-1.370862990412113,-1.2179049679093814,0.028626206786179966,0,1,0,1,1,0,0,1,1,0,0,1,0,1,1,1,0,1,0,2
1.5249524998270736,0.0003682197818315326,-1.6022654517127417,0.6681846485863079,2.045735286083975,0.9955971658881752,1,0,0,1,0,1,0,1,1,0,0,0,1,1,2,1,0,1,0,1
-1.3593946153415164,-0.8703041916227164,-1.5328344381946224,-1.370862990412113,0.4139151590872966,0.028626206786179966,0,1,1,0,1,0,0,1,1,0,0,0,1,1,2,1,0,1,1,0
-0.341389751164367,-0.17376626249907806,1.105544075493916,1.3478671949191148,0.4139151590872966,0.9955971658881752,1,0,0,1,1,0,0,1,1,0,0,1,0,1,1,2,2,0,1,2
-0.8503921832529416,-0.9573714327631713,-0.1442141678322337,0.6681846485863079,0.4139151590872966,-0.9383447523158153,0,1,0,1,1,0,0,1,1,0,0,1,0,0,1,1,1,1,0,1
0.5069476356499242,0.0003682197818315326,-1.2551103841221445,-1.370862990412113,-0.40199490441104246,0.9955971658881752,0,1,0,1,0,1,0,1,1,0,0,1,0,0,0,1,0,1,2,0
0.5069476356499242,0.6098389077650151,1.591561170120752,-0.691180444079306,1.2298252225856356,0.028626206786179966,0,1,0,1,0,1,0,1,1,0,0,1,0,1,1,1,1,1,1,0
1.5249524998270736,0.26156994320319593,-0.7690932894953085,0.6681846485863079,0.4139151590872966,-1.9053157114178105,0,1,0,1,0,1,0,1,1,0,0,1,0,2,2,1,1,2,0,2
1.5249524998270736,1.7417130425909275,1.730423197156991,0.6681846485863079,-1.2179049679093814,1.9625681249901703,0,1,1,0,0,1,0,1,0,1,0,1,0,1,0,0,0,1,0,0
-0.17172227380150873,-0.6961697093418069,0.06407887272212458,-0.011497897746499092,-0.40199490441104246,-0.9383447523158153,1,0,0,1,0,1,0,1,1,0,0,0,1,2,1,1,1,2,0,1
1.3552850224642152,0.6098389077650151,-1.6022654517127417,-0.691180444079306,2.045735286083975,0.028626206786179966,1,0,1,0,1,0,0,1,1,0,0,1,0,1,1,1,0,0,2,0
0.16761268092420772,0.34863718434365076,-0.005352140795994853,-0.691180444079306,-0.40199490441104246,0.028626206786179966,0,1,0,1,1,0,1,0,1,0,0,0,1,1,1,0,2,1,1,1
2.0339549319156482,0.6098389077650151,-0.2830761948684726,-0.011497897746499092,-1.2179049679093814,0.9955971658881752,0,1,0,1,0,1,0,1,0,1,0,1,0,1,2,1,2,0,1,0
0.3372801582870659,0.08743546092228634,-1.7411274787489806,0.6681846485863079,2.045735286083975,1.9625681249901703,1,0,1,0,0,1,0,1,1,0,0,0,1,0,2,2,1,1,0,2
-0.6807247058900834,1.3063768368886535,-0.8385243030134281,1.3478671949191148,-1.2179049679093814,0.028626206786179966,0,1,1,0,1,0,1,0,1,0,0,0,1,2,2,1,1,0,0,0
-0.5110572285272252,-0.2608335036395329,-1.1162483570859056,-1.370862990412113,0.4139151590872966,0.9955971658881752,0,1,1,0,0,1,0,1,1,0,0,1,0,0,1,1,1,2,0,0
-1.0200596606158,1.2193095957481987,0.9666820484576771,-1.370862990412113,-1.2179049679093814,-1.9053157114178105,1,0,0,1,0,1,0,1,1,0,0,0,1,2,1,1,1,1,2,0
-0.17172227380150873,0.08743546092228634,1.730423197156991,-0.011497897746499092,-0.40199490441104246,1.9625681249901703,1,0,1,0,1,0,0,1,1,0,1,0,0,2,1,1,0,1,2,1
2.5429573640042227,-1.6539093618868097,-0.9773863300496669,-0.011497897746499092,0.4139151590872966,0.9955971658881752,0,1,1,0,0,1,0,1,0,1,0,0,1,1,2,0,1,1,0,0
-0.8503921832529416,0.9581078723268344,-0.9773863300496669,2.0275497412519217,-1.2179049679093814,0.9955971658881752,0,1,0,1,0,1,0,1,1,0,0,1,0,1,0,1,0,2,0,1
-0.8503921832529416,0.9581078723268344,-0.005352140795994853,0.6681846485863079,2.045735286083975,-1.9053157114178105,1,0,0,1,1,0,0,1,1,0,0,1,0,0,2,1,1,1,0,0
0.16761268092420772,1.3063768368886535,1.591561170120752,-0.011497897746499092,-0.40199490441104246,-0.9383447523158153,0,1,0,1,1,0,0,1,1,0,0,0,1,0,0,0,0,2,0,0
-1.868397047430091,1.2193095957481987,0.4112339403127217,-0.691180444079306,-1.2179049679093814,0.028626206786179966,0,1,0,1,0,1,0,1,1,0,0,0,1,1,1,0,0,2,0,0
0.16761268092420772,0.34863718434365076,1.591561170120752,1.3478671949191148,-0.40199490441104246,0.028626206786179966,0,1,0,1,1,0,0,1,1,0,1,0,0,0,2,1,0,1,0,1
-1.5290620927043745,1.3934440780291084,-1.0468173435677863,-0.011497897746499092,0.4139151590872966,-1.9053157114178105,0,1,0,1,1,0,0,1,1,0,0,1,0,2,2,1,0,1,0,0
0.5069476356499242,-0.2608335036395329,-0.1442141678322337,0.6681846485863079,-0.40199490441104246,-0.9383447523158153,0,1,0,1,1,0,0,1,1,0,0,0,1,1,0,1,0,0,1,0
-0.002054796438650507,-1.2185731561845357,0.27237191327648286,-0.011497897746499092,0.4139151590872966,-0.9383447523158153,1,0,1,0,0,1,0,1,1,0,0,0,1,0,0,1,1,1,0,1
-1.3593946153415164,1.045175113467289,1.1749750890120354,-2.05054553674492,0.4139151590872966,0.028626206786179966,0,1,0,1,1,0,0,1,0,1,0,1,0,1,1,2,1,2,0,1
0.3372801582870659,0.69690614890547,-0.352507208386592,-0.011497897746499092,1.2298252225856356,-0.9383447523158153,1,0,0,1,0,1,0,1,1,0,0,0,1,1,0,1,0,1,0,0
2.7126248413670813,-0.34790074477998767,1.452699143084513,-0.691180444079306,-0.40199490441104246,-0.9383447523158153,0,1,1,0,1,0,0,1,1,0,0,1,0,1,1,1,0,1,1,0
0.5069476356499242,-0.5220352270608973,0.06407887272212458,-0.691180444079306,-0.40199490441104246,-0.9383447523158153,0,1,0,1,0,1,1,0,1,0,0,0,1,1,1,1,0,1,1,0
-0.6807247058900834,-1.3927076384654453,0.27237191327648286,-0.011497897746499092,1.2298252225856356,0.9955971658881752,1,0,1,0,0,1,0,1,0,1,0,0,1,2,1,1,1,1,2,0
1.015950067738499,0.8710406311863795,0.4112339403127217,-0.691180444079306,-0.40199490441104246,0.028626206786179966,0,1,1,0,0,1,0,1,1,0,0,1,0,0,2,1,0,1,2,0
0.3372801582870659,-1.2185731561845357,1.5221301566026326,-0.691180444079306,-1.2179049679093814,0.028626206786179966,1,0,0,1,0,1,0,1,1,0,0,1,0,1,1,0,2,0,0,1
1.3552850224642152,0.43570442548410554,-1.1162483570859056,-0.011497897746499092,-0.40199490441104246,0.028626206786179966,0,1,0,1,1,0,0,1,1,0,0,1,0,1,0,0,0,1,2,2
-1.6987295700672327,0.43570442548410554,-0.7690932894953085,0.6681846485863079,0.4139151590872966,0.028626206786179966,1,0,0,1,0,1,0,1,1,0,0,1,0,2,1,0,2,1,2,0
-0.17172227380150873,0.5227716666245603,0.20294089975836344,0.6681846485863079,0.4139151590872966,0.9955971658881752,1,0,0,1,1,0,0,1,1,0,1,0,0,2,1,1,1,1,1,0
-0.17172227380150873,1.3063768368886535,-0.07478315431411428,-0.011497897746499092,-1.2179049679093814,-0.9383447523158153,1,0,0,1,0,1,1,0,1,0,0,0,1,1,1,2,0,2,0,0
0.16761268092420772,-1.3056403973249906,0.8972510349395577,-0.011497897746499092,0.4139151590872966,-1.9053157114178105,0,1,1,0,1,0,0,1,1,0,0,1,0,2,2,0,0,1,0,0
-1.868397047430091,-1.3056403973249906,0.8972510349395577,-2.05054553674492,-0.40199490441104246,0.028626206786179966,0,1,0,1,1,0,0,1,1,0,0,0,1,1,1,0,0,1,1,0
0.6766151130127824,-1.044438673903626,1.591561170120752,-2.05054553674492,0.4139151590872966,-0.9383447523158153,0,1,0,1,0,1,0,1,1,0,1,0,0,1,1,2,1,2,0,0
0.8462825903756406,-0.609102468201352,-0.005352140795994853,-1.370862990412113,-1.2179049679093814,-0.9383447523158153,1,0,1,0,0,1,0,1,1,0,0,0,1,1,1,0,1,1,1,0
0.3372801582870659,1.7417130425909275,1.3832681295663938,-0.011497897746499092,0.4139151590872966,0.9955971658881752,0,1,0,1,1,0,0,1,1,0,0,0,1,2,1,1,0,1,1,0
-0.341389751164367,0.69690614890547,0.8278200214214383,0.6681846485863079,0.4139151590872966,-0.9383447523158153,1,0,0,1,1,0,0,1,1,0,0,1,0,0,1,1,1,2,2,1
1.3552850224642152,-1.3056403973249906,-0.7690932894953085,-2.05054553674492,3.677555413080653,0.028626206786179966,0,1,0,1,0,1,0,1,1,0,0,1,0,1,1,1,1,2,2,0
-1.6987295700672327,-1.3927076384654453,-0.7690932894953085,-0.011497897746499092,-1.2179049679093814,0.9955971658881752,1,0,0,1,1,0,0,1,0,1,0,0,1,1,2,2,1,1,0,1
1.185617545101357,-0.8703041916227164,1.6609921836388715,-0.691180444079306,0.4139151590872966,-0.9383447523158153,1,0,1,0,1,0,0,1,1,0,0,1,0,1,1,2,0,1,0,0
-1.5290620927043745,1.3063768368886535,1.3832681295663938,-1.370862990412113,-0.40199490441104246,0.028626206786179966,0,1,0,1,0,1,0,1,1,0,0,0,1,1,1,0,0,2,2,0
0.8462825903756406,-0.2608335036395329,1.0361130619757966,2.0275497412519217,-0.40199490441104246,0.028626206786179966,0,1,0,1,1,0,0,1,1,0,0,1,0,1,1,1,0,1,0,0
-0.8503921832529416,-0.17376626249907806,1.3832681295663938,1.3478671949191148,-0.40199490441104246,0.028626206786179966,0,1,0,1,0,1,0,1,1,0,0,0,1,1,2,2,2,2,0,0
0.8462825903756406,0.9581078723268344,0.06407887272212458,-0.011497897746499092,-0.40199490441104246,0.028626206786179966,1,0,1,0,0,1,0,1,1,0,0,0,1,2,0,0,0,2,1,0
1.3552850224642152,0.5227716666245603,-1.6022654517127417,-0.011497897746499092,-1.2179049679093814,1.9625681249901703,0,1,0,1,0,1,0,1,1,0,0,0,1,1,1,1,1,1,1,0
0.3372801582870659,1.567578560310018,-0.7690932894953085,-0.691180444079306,-1.2179049679093814,0.028626206786179966,1,0,0,1,0,1,0,1,1,0,0,0,1,2,1,0,1,2,0,1
0.6766151130127824,-1.131505915044081,0.7583890079033189,1.3478671949191148,0.4139151590872966,-0.9383447523158153,1,0,0,1,0,1,0,1,1,0,1,0,0,2,2,1,1,1,1,0
0.16761268092420772,-0.2608335036395329,-1.1856793706040252,-0.011497897746499092,-1.2179049679093814,0.028626206786179966,0,1,0,1,0,1,0,1,1,0,1,0,0,1,0,1,0,2,1,0
-1.6987295700672327,-1.7409766030272644,0.6889579943851994,1.3478671949191148,-1.2179049679093814,0.9955971658881752,0,1,0,1,1,0,0,1,1,0,0,0,1,1,1,1,1,2,2,0
-0.341389751164367,0.69690614890547,0.20294089975836344,0.6681846485863079,-1.2179049679093814,-0.9383447523158153,0,1,0,1,1,0,0,1,1,0,0,1,0,2,2,1,1,1,1,1
-0.341389751164367,-0.17376626249907806,0.133509886240244,0.6681846485863079,0.4139151590872966,0.9955971658881752,1,0,1,0,0,1,0,1,1,0,0,1,0,0,0,1,1,2,1,0
0.16761268092420772,0.34863718434365076,-0.9773863300496669,-0.691180444079306,-0.40199490441104246,0.9955971658881752,1,0,1,0,0,1,0,1,1,0,1,0,0,2,2,0,1,2,0,1
-0.002054796438650507,1.4805113191695631,0.4112339403127217,-0.691180444079306,0.4139151590872966,0.028626206786179966,0,1,0,1,0,1,0,1,1,0,0,1,0,2,1,2,0,0,0,1
-0.8503921832529416,-0.6961697093418069,-0.49136923542283084,0.6681846485863079,-1.2179049679093814,-0.9383447523158153,1,0,0,1,0,1,0,1,1,0,0,0,1,1,1,2,1,1,0,0
-1.3593946153415164,0.5227716666245603,0.06407887272212458,-1.370862990412113,0.4139151590872966,0.028626206786179966,1,0,0,1,0,1,1,0,1,0,0,0,1,2,1,0,2,1,2,0
-0.5110572285272252,1.7417130425909275,-1.5328344381946224,-1.370862990412113,-0.40199490441104246,0.9955971658881752,0,1,0,1,0,1,0,1,1,0,0,0,1,1,2,0,1,2,0,0
1.015950067738499,-0.609102468201352,0.133509886240244,0.6681846485863079,-1.2179049679093814,-0.9383447523158153,0,1,1,0,1,0,0,1,1,0,0,0,1,1,2,1,1,2,1,2
1.3552850224642152,-1.131505915044081,-1.6716964652308612,-0.011497897746499092,0.4139151590872966,0.028626206786179966,1,0,0,1,0,1,0,1,1,0,0,1,0,2,1,1,1,1,0,0
0.5069476356499242,-0.9573714327631713,-0.9079553165315475,-0.011497897746499092,-0.40199490441104246,0.9955971658881752,0,1,0,1,0,1,0,1,0,1,0,1,0,1,2,1,1,1,0,2
-0.17172227380150873,0.0003682197818315326,1.730423197156991,-0.691180444079306,-0.40199490441104246,0.028626206786179966,0,1,0,1,0,1,0,1,1,0,0,0,1,2,2,1,1,1,0,0
-1.5290620927043745,-1.6539093618868097,-1.3939724111583836,-0.691180444079306,2.861645349582314,0.028626206786179966,0,1,0,1,0,1,0,1,1,0,0,1,0,2,0,1,2,0,0,2
1.015950067738499,-1.4797748796059,0.06407887272212458,-1.370862990412113,1.2298252225856356,1.9625681249901703,1,0,0,1,0,1,0,1,0,1,0,1,0,1,1,1,1,2,0,0
-1.5290620927043745,-0.6961697093418069,-1.3939724111583836,0.6681846485863079,-1.2179049679093814,0.028626206786179966,0,1,0,1,1,0,0,1,0,1,0,1,0,2,0,2,1,0,1,0
0.3372801582870659,-0.7832369504822617,1.591561170120752,-0.011497897746499092,0.4139151590872966,-0.9383447523158153,1,0,0,1,0,1,0,1,1,0,0,1,0,1,0,0,0,2,0,1
-0.17172227380150873,1.6546458014504728,1.730423197156991,-0.691180444079306,-1.2179049679093814,0.028626206786179966,0,1,1,0,1,0,0,1,1,0,1,0,0,0,0,1,2,0,2,0
0.8462825903756406,0.7839733900459247,0.4112339403127217,-0.011497897746499092,1.2298252225856356,-2.872286670519806,0,1,0,1,0,1,0,1,1,0,1,0,0,1,1,2,1,1,1,0
-0.341389751164367,1.2193095957481987,0.133509886240244,1.3478671949191148,-0.40199490441104246,-0.9383447523158153,0,1,0,1,0,1,0,1,1,0,0,0,1,1,2,0,1,2,1,1
0.3372801582870659,0.5227716666245603,-1.324541397640264,-0.011497897746499092,-0.40199490441104246,0.9955971658881752,0,1,1,0,0,1,0,1,1,0,0,0,1,2,1,1,2,1,0,1
-0.5110572285272252,0.5227716666245603,-0.9773863300496669,-0.011497897746499092,0.4139151590872966,0.028626206786179966,0,1,0,1,1,0,1,0,1,0,0,0,1,1,1,1,2,1,0,1
-0.17172227380150873,-0.34790074477998767,-1.5328344381946224,-0.691180444079306,0.4139151590872966,1.9625681249901703,0,1,0,1,0,1,0,1,1,0,0,0,1,1,1,1,1,1,0,0
0.16761268092420772,1.7417130425909275,-1.1856793706040252,-1.370862990412113,0.4139151590872966,-0.9383447523158153,0,1,1,0,1,0,0,1,1,0,0,1,0,1,1,1,1,1,0,1
-1.6987295700672327,1.7417130425909275,1.244406102530155,-1.370862990412113,0.4139151590872966,-1.9053157114178105,1,0,0,1,1,0,0,1,1,0,0,1,0,0,1,0,1,0,0,2
1.015950067738499,0.17450270206274113,0.27237191327648286,-0.011497897746499092,-0.40199490441104246,-0.9383447523158153,1,0,0,1,1,0,0,1,0,1,0,0,1,2,0,1,1,1,2,0
-0.002054796438650507,1.3063768368886535,-0.7690932894953085,-0.011497897746499092,0.4139151590872966,0.028626206786179966,1,0,0,1,0,1,1,0,1,0,0,1,0,0,1,0,1,2,0,0
-0.002054796438650507,-1.3927076384654453,0.4112339403127217,-0.691180444079306,-1.2179049679093814,-1.9053157114178105,1,0,0,1,1,0,0,1,1,0,0,0,1,1,1,1,2,2,0,1
0.5069476356499242,-1.4797748796059,-0.1442141678322337,-0.011497897746499092,-0.40199490441104246,0.028626206786179966,0,1,0,1,1,0,0,1,1,0,0,1,0,1,1,0,0,1,1,1
-1.3593946153415164,-1.4797748796059,-0.352507208386592,1.3478671949191148,-0.40199490441104246,0.028626206786179966,1,0,0,1,1,0,0,1,1,0,0,0,1,2,1,0,2,0,1,0
-1.5290620927043745,-0.609102468201352,-0.5608002489409503,-0.011497897746499092,1.2298252225856356,1.9625681249901703,0,1,1,0,1,0,1,0,0,1,0,0,1,1,1,1,1,2,2,0
0.6766151130127824,-0.34790074477998767,-1.1162483570859056,0.6681846485863079,0.4139151590872966,0.9955971658881752,0,1,0,1,0,1,0,1,1,0,0,0,1,1,0,1,1,1,1,2
0.6766151130127824,0.69690614890547,-1.1856793706040252,0.6681846485863079,-0.40199490441104246,0.028626206786179966,0,1,0,1,1,0,0,1,1,0,1,0,0,0,1,1,0,2,0,0
0.3372801582870659,-0.2608335036395329,-0.21364518135035315,-0.011497897746499092,0.4139151590872966,0.028626206786179966,0,1,0,1,0,1,0,1,1,0,0,1,0,1,1,1,1,2,0,0
0.16761268092420772,1.3063768368886535,0.20294089975836344,-0.011497897746499092,0.4139151590872966,-0.9383447523158153,0,1,0,1,1,0,0,1,0,1,0,1,0,0,1,2,0,2,0,0
-1.868397047430091,-0.2608335036395329,-1.2551103841221445,-1.370862990412113,0.4139151590872966,0.028626206786179966,0,1,0,1,1,0,0,1,1,0,0,1,0,1,1,1,1,2,0,0
-0.17172227380150873,0.8710406311863795,-1.1162483570859056,-0.011497897746499092,1.2298252225856356,0.028626206786179966,0,1,0,1,1,0,0,1,1,0,0,1,0,2,2,0,2,1,1,1
0.3372801582870659,0.0003682197818315326,1.1749750890120354,2.0275497412519217,-1.2179049679093814,-0.9383447523158153,1,0,0,1,0,1,0,1,1,0,0,0,1,1,2,1,1,2,0,0
0.16761268092420772,1.2193095957481987,1.3138371160482742,-1.370862990412113,0.4139151590872966,-0.9383447523158153,0,1,1,0,1,0,0,1,1,0,0,1,0,2,2,1,0,2,1,0
2.0339549319156482,1.132242354607744,1.591561170120752,-0.691180444079306,-1.2179049679093814,0.9955971658881752,0,1,0,1,1,0,0,1,0,1,0,1,0,2,1,1,1,1,0,0
-0.6807247058900834,1.3063768368886535,0.8972510349395577,-0.691180444079306,0.4139151590872966,0.9955971658881752,1,0,0,1,0,1,0,1,1,0,0,0,1,1,0,0,2,2,0,0
-0.341389751164367,0.43570442548410554,-0.07478315431411428,-0.691180444079306,1.2298252225856356,-0.9383447523158153,0,1,1,0,0,1,0,1,1,0,1,0,0,2,1,1,0,1,1,2
-1.6987295700672327,0.17450270206274113,-0.352507208386592,0.6681846485863079,1.2298252225856356,-1.9053157114178105,1,0,0,1,1,0,0,1,0,1,0,0,1,1,0,1,0,2,2,0
1.185617545101357,0.6098389077650151,1.105544075493916,-0.691180444079306,2.045735286083975,0.9955971658881752,0,1,0,1,0,1,0,1,1,0,0,1,0,2,0,0,2,1,0,1
0.6766151130127824,0.0003682197818315326,1.730423197156991,-0.011497897746499092,-0.40199490441104246,0.028626206786179966,0,1,0,1,1,0,0,1,1,0,0,1,0,1,2,1,2,2,2,1
0.6766151130127824,-0.6961697093418069,0.4806649538308412,-0.011497897746499092,0.4139151590872966,0.9955971658881752,0,1,1,0,0,1,0,1,1,0,0,0,1,1,1,2,1,1,0,2
-0.5110572285272252,0.43570442548410554,1.3138371160482742,-0.011497897746499092,2.045735286083975,0.028626206786179966,1,0,0,1,1,0,0,1,1,0,0,0,1,1,0,2,0,1,1,0
0.5069476356499242,0.5227716666245603,-1.4634034246765029,-0.011497897746499092,0.4139151590872966,-0.9383447523158153,1,0,0,1,1,0,0,1,0,1,1,0,0,2,1,0,1,1,0,0
-0.17172227380150873,1.4805113191695631,0.20294089975836344,-1.370862990412113,-1.2179049679093814,0.028626206786179966,0,1,1,0,1,0,0,1,1,0,1,0,0,2,2,0,1,0,1,1
1.3552850224642152,-0.08669902135862327,0.4806649538308412,-2.05054553674492,-1.2179049679093814,0.028626206786179966,0,1,1,0,0,1,0,1,1,0,0,0,1,2,1,1,1,1,0,0
-0.17172227380150873,1.4805113191695631,-0.7690932894953085,0.6681846485863079,0.4139151590872966,0.028626206786179966,0,1,0,1,0,1,0,1,1,0,0,0,1,2,0,1,0,2,0,0
-1.3593946153415164,-0.08669902135862327,-0.1442141678322337,0.6681846485863079,0.4139151590872966,0.9955971658881752,0,1,1,0,1,0,0,1,1,0,0,1,0,1,1,1,1,1,0,0
-0.341389751164367,-1.3927076384654453,-0.7690932894953085,1.3478671949191148,2.045735286083975,0.9955971658881752,0,1,0,1,0,1,0,1,0,1,1,0,0,0,1,1,0,1,0,0
-0.341389751164367,0.0003682197818315326,-1.3939724111583836,0.6681846485863079,0.4139151590872966,0.028626206786179966,0,1,0,1,1,0,0,1,1,0,0,1,0,1,1,0,0,0,0,1
1.5249524998270736,1.3063768368886535,0.8972510349395577,1.3478671949191148,-1.2179049679093814,-0.9383447523158153,1,0,0,1,0,1,0,1,1,0,0,1,0,1,0,1,1,2,0,0
0.6766151130127824,-1.4797748796059,1.0361130619757966,-0.691180444079306,0.4139151590872966,1.9625681249901703,1,0,1,0,1,0,1,0,1,0,0,1,0,1,1,1,0,1,2,0
-1.0200596606158,0.5227716666245603,1.0361130619757966,0.6681846485863079,1.2298252225856356,0.028626206786179966,0,1,0,1,0,1,1,0,0,1,1,0,0,1,0,1,1,1,2,0
-0.5110572285272252,-1.2185731561845357,0.5500959673489606,0.6681846485863079,2.045735286083975,1.9625681249901703,0,1,1,0,0,1,0,1,1,0,1,0,0,1,1,1,1,2,0,1
1.3552850224642152,0.26156994320319593,1.591561170120752,-0.691180444079306,-0.40199490441104246,-0.9383447523158153,0,1,1,0,1,0,0,1,1,0,0,1,0,1,2,1,0,2,2,1
0.5069476356499242,-1.2185731561845357,0.3418029267946023,-0.011497897746499092,-0.40199490441104246,0.028626206786179966,1,0,0,1,0,1,0,1,1,0,0,0,1,2,2,1,1,1,1,1
0.3372801582870659,-1.4797748796059,-1.4634034246765029,-2.05054553674492,-1.2179049679093814,0.028626206786179966,0,1,1,0,0,1,0,1,1,0,0,0,1,1,1,1,1,1,0,1
0.8462825903756406,0.34863718434365076,-0.7690932894953085,-1.370862990412113,-1.2179049679093814,0.028626206786179966,1,0,0,1,0,1,0,1,1,0,1,0,0,1,1,1,0,1,1,1
-1.189727137978658,1.3934440780291084,-0.352507208386592,-0.691180444079306,-0.40199490441104246,0.028626206786179966,1,0,0,1,1,0,0,1,1,0,0,1,0,1,1,1,0,2,1,0
-0.6807247058900834,-0.6961697093418069,-0.6302312624590697,-0.691180444079306,-1.2179049679093814,0.9955971658881752,0,1,1,0,0,1,0,1,1,0,0,0,1,1,1,0,0,1,1,0
1.185617545101357,0.26156994320319593,-1.0468173435677863,-1.370862990412113,-1.2179049679093814,-0.9383447523158153,1,0,0,1,1,0,0,1,1,0,0,1,0,2,0,1,2,0,1,1
1.5249524998270736,0.5227716666245603,-1.6022654517127417,-0.011497897746499092,-0.40199490441104246,0.028626206786179966,1,0,0,1,0,1,0,1,1,0,0,0,1,0,0,1,0,1,1,0
0.6766151130127824,-0.6961697093418069,1.3832681295663938,-0.011497897746499092,1.2298252225856356,-0.9383447523158153,0,1,0,1,0,1,0,1,1,0,1,0,0,2,1,1,0,1,2,0
-1.189727137978658,0.34863718434365076,1.591561170120752,0.6681846485863079,0.4139151590872966,-0.9383447523158153,1,0,0,1,1,0,1,0,1,0,0,0,1,1,1,0,1,1,1,1
0.3372801582870659,-1.4797748796059,-1.5328344381946224,-0.011497897746499092,-0.40199490441104246,0.9955971658881752,0,1,0,1,0,1,0,1,1,0,0,1,0,0,0,1,2,1,0,0
-1.5290620927043745,-0.4349679859204425,0.133509886240244,1.3478671949191148,-0.40199490441104246,-0.9383447523158153,0,1,1,0,0,1,1,0,0,1,0,1,0,2,2,1,2,2,1,1
-1.3593946153415164,1.4805113191695631,0.5500959673489606,-0.011497897746499092,-1.2179049679093814,-0.9383447523158153,0,1,0,1,0,1,0,1,1,0,0,1,0,1,0,1,0,1,1,1
0.6766151130127824,0.69690614890547,-0.07478315431411428,0.6681846485863079,-1.2179049679093814,0.028626206786179966,0,1,1,0,0,1,0,1,1,0,0,1,0,1,2,1,0,2,2,0
1.3552850224642152,0.17450270206274113,0.4806649538308412,0.6681846485863079,-0.40199490441104246,-0.9383447523158153,0,1,1,0,0,1,0,1,1,0,1,0,0,1,2,0,1,1,2,0
1.8642874545527899,-0.34790074477998767,0.5500959673489606,1.3478671949191148,0.4139151590872966,0.028626206786179966,1,0,1,0,0,1,0,1,1,0,1,0,0,1,1,1,2,1,0,1
0.16761268092420772,1.2193095957481987,0.8972510349395577,0.6681846485863079,-0.40199490441104246,0.028626206786179966,0,1,0,1,1,0,0,1,1,0,0,0,1,1,1,1,1,1,1,0
1.8642874545527899,-1.3927076384654453,1.244406102530155,-0.691180444079306,-0.40199490441104246,0.028626206786179966,1,0,0,1,1,0,0,1,1,0,0,1,0,1,2,1,0,2,0,0
0.5069476356499242,1.045175113467289,-0.21364518135035315,-0.011497897746499092,-1.2179049679093814,0.9955971658881752,1,0,0,1,1,0,0,1,1,0,0,1,0,1,2,1,0,1,1,2
-0.8503921832529416,1.045175113467289,-0.5608002489409503,1.3478671949191148,-0.40199490441104246,-0.9383447523158153,0,1,0,1,0,1,0,1,1,0,0,0,1,2,0,0,2,2,2,0
-0.6807247058900834,-1.2185731561845357,-1.324541397640264,1.3478671949191148,-1.2179049679093814,0.9955971658881752,1,0,1,0,1,0,0,1,0,1,0,0,1,1,0,1,0,2,1,0
0.3372801582870659,-0.2608335036395329,0.61952698086708,-1.370862990412113,1.2298252225856356,-0.9383447523158153,0,1,0,1,0,1,1,0,1,0,0,0,1,0,1,1,2,1,0,1
-0.341389751164367,-0.34790074477998767,0.5500959673489606,-0.691180444079306,-0.40199490441104246,0.9955971658881752,0,1,0,1,1,0,0,1,1,0,0,1,0,2,2,1,2,1,0,0
-1.0200596606158,1.3063768368886535,-1.2551103841221445,-0.011497897746499092,0.4139151590872966,-0.9383447523158153,1,0,0,1,1,0,0,1,1,0,0,1,0,2,1,1,0,0,1,0
1.015950067738499,1.3934440780291084,-0.8385243030134281,-1.370862990412113,-0.40199490441104246,-0.9383447523158153,0,1,1,0,0,1,1,0,1,0,0,0,1,1,1,1,2,1,2,0
-0.17172227380150873,-0.4349679859204425,-0.7690932894953085,-0.691180444079306,0.4139151590872966,0.028626206786179966,1,0,0,1,1,0,0,1,1,0,0,1,0,1,0,2,0,1,0,0
0.8462825903756406,1.132242354607744,-1.1856793706040252,0.6681846485863079,-1.2179049679093814,0.9955971658881752,1,0,1,0,1,0,0,1,1,0,0,0,1,2,1,1,2,1,0,1
-0.17172227380150873,-0.4349679859204425,0.133509886240244,0.6681846485863079,-0.40199490441104246,0.9955971658881752,1,0,0,1,1,0,0,1,1,0,0,0,1,1,2,1,0,0,0,1
-0.5110572285272252,-1.3056403973249906,-0.6996622759771891,-0.011497897746499092,-1.2179049679093814,0.9955971658881752,0,1,1,0,1,0,0,1,1,0,0,1,0,1,1,1,2,1,0,1
1.015950067738499,-0.2608335036395329,-0.2830761948684726,-0.011497897746499092,1.2298252225856356,0.028626206786179966,1,0,0,1,0,1,0,1,1,0,0,1,0,0,1,2,2,1,0,0
0.16761268092420772,-0.08669902135862327,-0.6302312624590697,-0.011497897746499092,0.4139151590872966,0.9955971658881752,0,1,0,1,0,1,0,1,1,0,1,0,0,1,2,0,0,1,1,1
0.3372801582870659,-0.34790074477998767,-0.6996622759771891,-1.370862990412113,-1.2179049679093814,0.028626206786179966,1,0,0,1,1,0,0,1,1,0,0,1,0,0,2,0,1,2,0,2
-0.6807247058900834,1.3934440780291084,0.133509886240244,-2.05054553674492,-0.40199490441104246,-0.9383447523158153,0,1,0,1,0,1,0,1,1,0,0,0,1,1,1,2,2,2,0,0
1.5249524998270736,1.3934440780291084,-1.3939724111583836,1.3478671949191148,-1.2179049679093814,-0.9383447523158153,1,0,0,1,0,1,1,0,1,0,0,1,0,1,1,0,1,1,2,2
-0.17172227380150873,-0.2608335036395329,0.133509886240244,-0.691180444079306,-0.40199490441104246,0.028626206786179966,1,0,1,0,0,1,0,1,1,0,0,1,0,2,1,2,0,2,1,0
-0.002054796438650507,0.6098389077650151,-1.0468173435677863,-0.011497897746499092,-1.2179049679093814,-0.9383447523158153,1,0,0,1,0,1,0,1,0,1,0,0,1,1,2,1,0,1,0,2
0.3372801582870659,-1.131505915044081,-1.1856793706040252,-0.691180444079306,-0.40199490441104246,-0.9383447523158153,0,1,0,1,0,1,0,1,1,0,0,1,0,1,1,1,0,1,2,0
0.3372801582870659,1.4805113191695631,1.591561170120752,-0.011497897746499092,-1.2179049679093814,-2.872286670519806,1,0,0,1,1,0,0,1,1,0,1,0,0,2,1,2,1,1,1,1
-0.341389751164367,-1.044438673903626,0.6889579943851994,2.0275497412519217,1.2298252225856356,0.028626206786179966,0,1,0,1,0,1,0,1,1,0,0,1,0,1,2,2,0,1,0,0
-1.0200596606158,-0.2608335036395329,-1.4634034246765029,-0.011497897746499092,-0.40199490441104246,-0.9383447523158153,0,1,0,1,1,0,0,1,1,0,1,0,0,2,0,1,1,2,0,1
-0.5110572285272252,0.34863718434365076,-0.352507208386592,1.3478671949191148,-0.40199490441104246,0.9955971658881752,0,1,0,1,1,0,0,1,1,0,1,0,0,2,2,1,2,1,0,0
0.3372801582870659,0.9581078723268344,-1.6716964652308612,2.0275497412519217,0.4139151590872966,0.028626206786179966,1,0,0,1,0,1,0,1,1,0,0,1,0,0,1,2,2,1,0,0
1.8642874545527899,-0.2608335036395329,-1.5328344381946224,-1.370862990412113,-0.40199490441104246,-0.9383447523158153,1,0,0,1,0,1,0,1,1,0,0,1,0,2,0,2,1,1,0,0
-1.5290620927043745,-1.566842120746355,0.8278200214214383,-0.011497897746499092,1.2298252225856356,0.028626206786179966,1,0,0,1,0,1,1,0,1,0,0,0,1,0,2,2,0,2,0,2
1.015950067738499,0.8710406311863795,1.105544075493916,0.6681846485863079,-0.40199490441104246,0.9955971658881752,0,1,1,0,0,1,0,1,0,1,0,1,0,2,2,1,2,2,0,0
-1.3593946153415164,1.3934440780291084,-0.6996622759771891,1.3478671949191148,0.4139151590872966,0.9955971658881752,1,0,1,0,1,0,0,1,0,1,0,1,0,1,1,1,2,2,2,0
0.16761268092420772,0.43570442548410554,-0.07478315431411428,-0.691180444079306,0.4139151590872966,0.9955971658881752,1,0,0,1,0,1,0,1,1,0,0,1,0,2,2,1,1,1,0,0
-0.5110572285272252,0.26156994320319593,-0.7690932894953085,-0.691180444079306,-0.40199490441104246,0.9955971658881752,1,0,1,0,1,0,0,1,1,0,0,0,1,0,1,1,1,1,0,0
0.16761268092420772,-0.17376626249907806,1.105544075493916,-0.691180444079306,-1.2179049679093814,-1.9053157114178105,0,1,1,0,0,1,0,1,0,1,0,1,0,1,0,1,1,0,0,0
-0.5110572285272252,0.34863718434365076,1.591561170120752,-0.011497897746499092,-0.40199490441104246,-0.9383447523158153,1,0,0,1,0,1,0,1,1,0,0,1,0,1,0,2,0,2,1,2
-0.8503921832529416,1.132242354607744,-0.7690932894953085,-0.691180444079306,0.4139151590872966,0.9955971658881752,0,1,0,1,1,0,0,1,1,0,0,0,1,2,1,1,1,2,2,0
-0.8503921832529416,0.34863718434365076,-0.5608002489409503,1.3478671949191148,-0.40199490441104246,0.028626206786179966,0,1,1,0,0,1,0,1,1,0,1,0,0,1,0,1,1,2,1,1
1.185617545101357,0.0003682197818315326,-0.6996622759771891,-0.691180444079306,-0.40199490441104246,0.9955971658881752,0,1,1,0,1,0,1,0,1,0,0,1,0,1,1,2,2,1,1,1
-0.341389751164367,-0.17376626249907806,-0.4219382219047114,-0.691180444079306,-0.40199490441104246,0.9955971658881752,1,0,0,1,0,1,0,1,1,0,1,0,0,1,1,1,1,1,2,1
-0.341389751164367,-0.4349679859204425,0.8278200214214383,1.3478671949191148,1.2298252225856356,0.028626206786179966,1,0,0,1,0,1,0,1,1,0,1,0,0,1,1,0,0,1,2,0
-0.17172227380150873,-1.131505915044081,0.4806649538308412,-1.370862990412113,-0.40199490441104246,0.028626206786179966,0,1,1,0,1,0,0,1,1,0,1,0,0,1,1,2,0,0,0,0
-0.17172227380150873,-1.3056403973249906,1.244406102530155,0.6681846485863079,-0.40199490441104246,0.9955971658881752,0,1,1,0,1,0,0,1,1,0,0,1,0,0,1,0,1,2,1,0
1.185617545101357,-1.3927076384654453,-1.6716964652308612,-1.370862990412113,-0.40199490441104246,0.028626206786179966,1,0,0,1,1,0,0,1,1,0,1,0,0,1,1,2,0,2,0,0
-0.002054796438650507,0.26156994320319593,-0.005352140795994853,-0.011497897746499092,-1.2179049679093814,0.9955971658881752,1,0,0,1,0,1,0,1,1,0,0,1,0,1,1,1,1,1,0,0
-0.6807247058900834,-0.17376626249907806,-0.49136923542283084,-0.011497897746499092,1.2298252225856356,0.028626206786179966,1,0,1,0,0,1,0,1,1,0,0,0,1,1,0,2,0,2,2,2
-2.3773994795186657,1.045175113467289,0.133509886240244,-1.370862990412113,-0.40199490441104246,0.9955971658881752,0,1,0,1,0,1,0,1,1,0,0,0,1,1,1,1,0,2,0,0
-0.6807247058900834,-0.34790074477998767,-1.1162483570859056,-0.011497897746499092,-1.2179049679093814,-0.9383447523158153,1,0,0,1,1,0,0,1,1,0,0,1,0,1,1,0,0,1,1,0
-1.189727137978658,1.6546458014504728,-0.005352140795994853,-0.691180444079306,-0.40199490441104246,0.9955971658881752,1,0,0,1,1,0,0,1,0,1,0,0,1,2,1,0,1,1,1,2
-0.6807247058900834,0.08743546092228634,-0.07478315431411428,0.6681846485863079,1.2298252225856356,-0.9383447523158153,1,0,0,1,0,1,0,1,1,0,0,0,1,1,1,1,1,1,2,0
-0.341389751164367,0.6098389077650151,-1.2551103841221445,0.6681846485863079,1.2298252225856356,0.9955971658881752,0,1,0,1,1,0,1,0,1,0,0,0,1,0,0,1,2,2,0,0
0.3372801582870659,-0.34790074477998767,0.4806649538308412,1.3478671949191148,-1.2179049679093814,0.9955971658881752,0,1,1,0,1,0,0,1,1,0,0,1,0,1,1,2,1,2,0,0
0.3372801582870659,1.3934440780291084,-0.21364518135035315,-0.691180444079306,-0.40199490441104246,0.9955971658881752,1,0,0,1,0,1,0,1,1,0,0,0,1,1,1,0,2,1,1,0
-0.17172227380150873,0.08743546092228634,-0.9079553165315475,-0.691180444079306,-0.40199490441104246,0.028626206786179966,1,0,0,1,0,1,1,0,1,0,1,0,0,0,2,1,1,0,0,1
-2.2077320021558076,-0.9573714327631713,0.4806649538308412,1.3478671949191148,-0.40199490441104246,0.028626206786179966,1,0,1,0,1,0,0,1,1,0,0,0,1,0,1,0,1,2,2,0
-0.341389751164367,-0.8703041916227164,0.7583890079033189,-0.011497897746499092,-0.40199490441104246,-0.9383447523158153,1,0,0,1,1,0,0,1,1,0,0,0,1,1,1,1,2,1,0,0
2.0339549319156482,-0.9573714327631713,-0.7690932894953085,-1.370862990412113,-1.2179049679093814,0.028626206786179966,1,0,0,1,0,1,0,1,1,0,1,0,0,2,2,1,1,1,2,0
0.5069476356499242,-0.17376626249907806,-1.4634034246765029,-0.691180444079306,-1.2179049679093814,0.028626206786179966,1,0,0,1,0,1,0,1,1,0,0,1,0,1,1,2,0,1,2,0
0.6766151130127824,-0.34790074477998767,-0.1442141678322337,-0.011497897746499092,2.045735286083975,-0.9383447523158153,1,0,0,1,1,0,0,1,1,0,0,1,0,2,0,1,1,1,0,0
-0.6807247058900834,0.17450270206274113,-0.005352140795994853,-0.011497897746499092,-1.2179049679093814,-0.9383447523158153,1,0,0,1,1,0,0,1,1,0,1,0,0,0,2,1,0,1,2,1
0.5069476356499242,-1.131505915044081,1.591561170120752,1.3478671949191148,0.4139151590872966,-2.872286670519806,1,0,0,1,1,0,0,1,1,0,1,0,0,0,0,1,0,2,1,0
1.8642874545527899,1.3063768368886535,1.6609921836388715,-1.370862990412113,-0.40199490441104246,0.9955971658881752,1,0,1,0,1,0,0,1,1,0,0,1,0,1,1,1,1,1,0,0
1.3552850224642152,-0.7832369504822617,-0.4219382219047114,0.6681846485863079,-0.40199490441104246,-1.9053157114178105,1,0,1,0,1,0,0,1,1,0,0,1,0,1,1,2,1,2,1,1
-0.6807247058900834,1.132242354607744,-1.6022654517127417,-0.011497897746499092,0.4139151590872966,0.028626206786179966,0,1,0,1,0,1,0,1,1,0,0,1,0,2,1,0,1,2,0,0
1.015950067738499,1.567578560310018,-0.49136923542283084,-0.691180444079306,-0.40199490441104246,-1.9053157114178105,0,1,1,0,0,1,0,1,1,0,0,1,0,0,2,1,0,1,2,1
-0.17172227380150873,0.17450270206274113,-0.4219382219047114,1.3478671949191148,0.4139151590872966,0.028626206786179966,0,1,1,0,1,0,0,1,1,0,0,1,0,2,1,0,1,1,1,1
1.8642874545527899,1.132242354607744,1.452699143084513,-1.370862990412113,0.4139151590872966,-0.9383447523158153,0,1,0,1,0,1,0,1,1,0,0,0,1,2,0,1,0,1,0,0
0.5069476356499242,0.08743546092228634,0.61952698086708,-2.05054553674492,0.4139151590872966,1.9625681249901703,0,1,0,1,1,0,0,1,1,0,0,0,1,1,0,1,1,1,0,0
0.3372801582870659,-0.4349679859204425,-0.6302312624590697,1.3478671949191148,-1.2179049679093814,-0.9383447523158153,0,1,1,0,0,1,0,1,1,0,0,1,0,2,2,0,0,1,2,0
-1.3593946153415164,-0.08669902135862327,-1.3939724111583836,-0.691180444079306,-0.40199490441104246,0.9955971658881752,1,0,1,0,1,0,0,1,1,0,0,1,0,0,2,1,0,2,1,2
-0.5110572285272252,0.08743546092228634,0.20294089975836344,-0.691180444079306,0.4139151590872966,-0.9383447523158153,0,1,1,0,1,0,0,1,1,0,0,0,1,1,2,1,0,1,0,1
-0.17172227380150873,1.4805113191695631,-0.6302312624590697,-0.691180444079306,0.4139151590872966,-0.9383447523158153,1,0,1,0,0,1,0,1,1,0,0,0,1,2,1,2,1,1,1,1
-1.6987295700672327,-0.6961697093418069,0.9666820484576771,-0.011497897746499092,1.2298252225856356,0.9955971658881752,1,0,0,1,1,0,0,1,1,0,1,0,0,1,0,1,1,1,1,0
0.16761268092420772,0.08743546092228634,-0.6996622759771891,-0.011497897746499092,-0.40199490441104246,-0.9383447523158153,0,1,0,1,0,1,0,1,1,0,0,0,1,1,0,2,1,1,1,1
0.6766151130127824,0.34863718434365076,1.244406102530155,-0.691180444079306,0.4139151590872966,-1.9053157114178105,1,0,0,1,0,1,0,1,1,0,0,1,0,0,2,2,0,1,0,0
-1.189727137978658,-0.609102468201352,-1.0468173435677863,-0.011497897746499092,-1.2179049679093814,0.028626206786179966,1,0,0,1,0,1,0,1,1,0,0,1,0,1,2,2,2,2,1,0
1.5249524998270736,0.0003682197818315326,1.105544075493916,2.0275497412519217,-0.40199490441104246,0.028626206786179966,0,1,0,1,0,1,1,0,1,0,0,0,1,0,1,2,2,1,1,1
-0.8503921832529416,0.0003682197818315326,-1.324541397640264,1.3478671949191148,1.2298252225856356,0.028626206786179966,1,0,0,1,1,0,0,1,0,1,0,1,0,2,0,2,1,1,0,0
-2.0380645247929494,0.34863718434365076,0.3418029267946023,-0.011497897746499092,-0.40199490441104246,0.9955971658881752,0,1,0,1,1,0,0,1,1,0,0,0,1,2,2,1,2,2,0,1
1.015950067738499,1.132242354607744,0.20294089975836344,-0.691180444079306,0.4139151590872966,0.028626206786179966,1,0,0,1,0,1,0,1,1,0,0,1,0,1,1,1,1,1,2,2
-0.17172227380150873,-0.4349679859204425,-0.9773863300496669,-1.370862990412113,-1.2179049679093814,0.028626206786179966,1,0,0,1,0,1,0,1,1,0,1,0,0,1,2,2,1,1,0,0
0.8462825903756406,-0.2608335036395329,1.591561170120752,-0.011497897746499092,-1.2179049679093814,-0.9383447523158153,0,1,0,1,0,1,0,1,1,0,0,0,1,2,1,0,2,1,0,0
-0.002054796438650507,1.567578560310018,0.3418029267946023,-0.691180444079306,2.045735286083975,0.9955971658881752,0,1,0,1,0,1,0,1,1,0,0,0,1,0,1,0,1,1,1,0
-2.547066956881524,-0.4349679859204425,0.61952698086708,2.0275497412519217,-1.2179049679093814,0.9955971658881752,1,0,1,0,0,1,0,1,1,0,0,1,0,1,0,1,2,1,2,1
0.8462825903756406,-0.34790074477998767,0.9666820484576771,-1.370862990412113,1.2298252225856356,0.028626206786179966,1,0,0,1,0,1,0,1,1,0,0,1,0,1,1,2,1,2,0,2
0.5069476356499242,0.08743546092228634,-0.4219382219047114,0.6681846485863079,2.861645349582314,-0.9383447523158153,0,1,0,1,1,0,0,1,1,0,1,0,0,2,1,1,1,1,0,1
0.3372801582870659,0.5227716666245603,1.3832681295663938,1.3478671949191148,2.045735286083975,-0.9383447523158153,0,1,1,0,0,1,0,1,1,0,0,0,1,1,1,1,1,0,1,0
1.3552850224642152,-1.4797748796059,0.8278200214214383,-0.691180444079306,-1.2179049679093814,-0.9383447523158153,1,0,0,1,0,1,0,1,1,0,0,0,1,1,2,0,0,1,0,1
-0.17172227380150873,-1.3056403973249906,-1.2551103841221445,1.3478671949191148,-0.40199490441104246,-0.9383447523158153,1,0,0,1,1,0,0,1,0,1,0,0,1,1,1,0,1,1,0,0
-0.17172227380150873,-1.131505915044081,-1.1162483570859056,-0.011497897746499092,1.2298252225856356,0.028626206786179966,1,0,1,0,1,0,0,1,1,0,0,0,1,1,1,0,0,2,2,0
-0.17172227380150873,1.4805113191695631,-1.5328344381946224,-0.011497897746499092,0.4139151590872966,0.028626206786179966,0,1,1,0,1,0,0,1,1,0,0,1,0,1,2,1,0,0,1,1
1.8642874545527899,1.3934440780291084,-0.5608002489409503,0.6681846485863079,0.4139151590872966,0.028626206786179966,0,1,1,0,0,1,0,1,1,0,0,1,0,1,0,1,1,1,1,0
0.6766151130127824,-0.4349679859204425,0.133509886240244,0.6681846485863079,-0.40199490441104246,-1.9053157114178105,0,1,1,0,0,1,0,1,1,0,1,0,0,2,0,2,0,1,1,1
1.185617545101357,-0.08669902135862327,-0.6996622759771891,-0.691180444079306,-1.2179049679093814,-0.9383447523158153,0,1,1,0,1,0,0,1,1,0,1,0,0,1,0,0,1,1,1,0
0.5069476356499242,-0.7832369504822617,-0.005352140795994853,1.3478671949191148,-0.40199490441104246,-0.9383447523158153,0,1,0,1,0,1,0,1,1,0,1,0,0,0,0,0,0,1,1,0
1.5249524998270736,-0.34790074477998767,-1.0468173435677863,0.6681846485863079,0.4139151590872966,0.028626206786179966,1,0,0,1,0,1,0,1,1,0,1,0,0,0,2,1,1,1,0,0
-1.3593946153415164,-0.2608335036395329,0.6889579943851994,-0.011497897746499092,-0.40199490441104246,0.028626206786179966,0,1,0,1,0,1,0,1,1,0,0,0,1,0,0,1,1,1,1,2
0.8462825903756406,0.26156994320319593,1.3138371160482742,-0.011497897746499092,0.4139151590872966,0.028626206786179966,0,1,0,1,0,1,0,1,0,1,0,0,1,2,2,0,0,2,1,1
-1.189727137978658,-0.9573714327631713,-0.49136923542283084,-1.370862990412113,-1.2179049679093814,-1.9053157114178105,1,0,0,1,0,1,0,1,0,1,0,0,1,1,0,0,2,1,0,1
-0.8503921832529416,-0.9573714327631713,-0.07478315431411428,-0.011497897746499092,0.4139151590872966,1.9625681249901703,1,0,1,0,0,1,0,1,1,0,0,1,0,1,1,2,0,1,2,0
0.3372801582870659,-0.609102468201352,-0.21364518135035315,1.3478671949191148,1.2298252225856356,0.028626206786179966,1,0,0,1,0,1,0,1,1,0,0,0,1,0,1,0,1,1,0,0
-0.17172227380150873,0.17450270206274113,-1.1856793706040252,-0.691180444079306,0.4139151590872966,0.028626206786179966,1,0,1,0,0,1,0,1,1,0,0,0,1,2,1,0,1,2,1,0
0.6766151130127824,-0.17376626249907806,-0.9773863300496669,2.0275497412519217,0.4139151590872966,0.9955971658881752,1,0,0,1,0,1,0,1,1,0,0,0,1,0,2,2,1,1,1,1
0.3372801582870659,-0.08669902135862327,1.5221301566026326,-0.691180444079306,1.2298252225856356,0.028626206786179966,0,1,0,1,0,1,0,1,1,0,1,0,0,0,0,0,2,1,0,1
-0.002054796438650507,1.3934440780291084,-0.6996622759771891,0.6681846485863079,-1.2179049679093814,-0.9383447523158153,1,0,0,1,0,1,0,1,1,0,0,1,0,2,1,2,1,0,0,0
0.8462825903756406,0.43570442548410554,-1.1856793706040252,0.6681846485863079,0.4139151590872966,0.9955971658881752,0,1,0,1,1,0,0,1,1,0,0,1,0,1,1,1,1,2,1,0
0.6766151130127824,0.5227716666245603,-0.4219382219047114,1.3478671949191148,-0.40199490441104246,0.028626206786179966,0,1,0,1,0,1,0,1,1,0,0,1,0,1,2,2,1,2,2,0
0.8462825903756406,-0.609102468201352,-1.4634034246765029,-0.691180444079306,0.4139151590872966,0.9955971658881752,1,0,0,1,1,0,0,1,1,0,0,1,0,2,1,2,1,1,0,1
-0.5110572285272252,1.6546458014504728,0.06407887272212458,0.6681846485863079,0.4139151590872966,0.9955971658881752,0,1,0,1,1,0,1,0,1,0,0,0,1,1,1,0,2,1,2,0
0.5069476356499242,0.17450270206274113,1.3138371160482742,0.6681846485863079,-0.40199490441104246,-0.9383447523158153,0,1,0,1,0,1,0,1,0,1,1,0,0,0,1,1,1,1,0,0
1.185617545101357,0.9581078723268344,-1.2551103841221445,0.6681846485863079,-1.2179049679093814,0.9955971658881752,0,1,1,0,1,0,0,1,1,0,0,1,0,1,0,1,0,0,2,1
0.16761268092420772,-0.5220352270608973,0.133509886240244,-0.691180444079306,-1.2179049679093814,0.028626206786179966,0,1,0,1,0,1,1,0,1,0,0,1,0,1,2,2,1,1,1,0
-0.002054796438650507,1.567578560310018,-0.1442141678322337,-2.05054553674492,0.4139151590872966,-1.9053157114178105,0,1,1,0,0,1,0,1,1,0,0,0,1,1,2,1,1,0,0,2
0.16761268092420772,-0.8703041916227164,0.61952698086708,0.6681846485863079,-0.40199490441104246,0.028626206786179966,0,1,0,1,0,1,0,1,0,1,0,0,1,0,0,1,2,2,2,0
-0.17172227380150873,-1.2185731561845357,-0.07478315431411428,0.6681846485863079,-0.40199490441104246,0.028626206786179966,1,0,0,1,1,0,0,1,1,0,0,1,0,1,1,1,2,1,0,0
2.2036224092785064,0.6098389077650151,0.133509886240244,0.6681846485863079,-1.2179049679093814,0.028626206786179966,0,1,1,0,1,0,0,1,0,1,0,0,1,1,2,0,0,1,0,0
1.185617545101357,1.567578560310018,-1.324541397640264,-0.011497897746499092,-0.40199490441104246,0.028626206786179966,1,0,1,0,0,1,0,1,1,0,0,0,1,0,2,0,2,1,1,0
0.6766151130127824,-1.3927076384654453,-0.5608002489409503,-2.05054553674492,-1.2179049679093814,-1.9053157114178105,0,1,0,1,0,1,0,1,1,0,0,1,0,1,1,0,0,1,0,0
-0.5110572285272252,-1.131505915044081,-1.6022654517127417,-1.370862990412113,0.4139151590872966,0.028626206786179966,1,0,1,0,0,1,0,1,1,0,1,0,0,1,1,2,1,1,0,2
1.015950067738499,-1.6539093618868097,1.3832681295663938,-0.011497897746499092,-1.2179049679093814,0.028626206786179966,0,1,0,1,0,1,1,0,1,0,0,1,0,2,0,0,1,2,2,1
-0.6807247058900834,-0.4349679859204425,1.3138371160482742,0.6681846485863079,-1.2179049679093814,0.028626206786179966,0,1,1,0,0,1,0,1,1,0,0,0,1,1,1,1,1,1,0,1
0.8462825903756406,-1.4797748796059,-0.4219382219047114,-0.011497897746499092,-1.2179049679093814,1.9625681249901703,1,0,1,0,1,0,0,1,1,0,1,0,0,2,1,1,0,2,0,1
3.2216272734556557,-0.17376626249907806,-0.1442141678322337,-0.691180444079306,-1.2179049679093814,-0.9383447523158153,0,1,0,1,1,0,0,1,1,0,0,0,1,1,1,1,0,1,1,2
-0.5110572285272252,0.26156994320319593,-0.352507208386592,-0.011497897746499092,1.2298252225856356,1.9625681249901703,1,0,1,0,1,0,0,1,1,0,0,1,0,2,1,0,0,1,2,0
-0.8503921832529416,-1.044438673903626,-0.21364518135035315,-0.691180444079306,1.2298252225856356,0.028626206786179966,1,0,0,1,1,0,0,1,1,0,0,1,0,0,1,0,2,0,0,0
-0.341389751164367,-0.5220352270608973,-0.005352140795994853,0.6681846485863079,-0.40199490441104246,0.028626206786179966,0,1,0,1,1,0,0,1,1,0,0,0,1,2,1,2,2,2,2,1
0.5069476356499242,0.9581078723268344,-0.9079553165315475,2.0275497412519217,-0.40199490441104246,0.028626206786179966,0,1,1,0,0,1,0,1,1,0,1,0,0,1,2,0,1,2,1,0
-1.5290620927043745,1.7417130425909275,0.133509886240244,1.3478671949191148,0.4139151590872966,0.028626206786179966,1,0,0,1,1,0,0,1,1,0,0,0,1,0,2,1,1,2,2,0
-0.341389751164367,0.08743546092228634,-0.1442141678322337,1.3478671949191148,-0.40199490441104246,-0.9383447523158153,0,1,0,1,1,0,0,1,1,0,1,0,0,0,1,1,2,1,0,0
-2.2077320021558076,0.7839733900459247,-1.5328344381946224,-0.691180444079306,1.2298252225856356,-0.9383447523158153,0,1,1,0,0,1,0,1,1,0,0,1,0,2,0,1,0,2,0,1
-0.002054796438650507,-1.3927076384654453,0.3418029267946023,0.6681846485863079,-0.40199490441104246,0.028626206786179966,0,1,1,0,0,1,0,1,1,0,0,0,1,1,1,2,1,1,0,0
-0.6807247058900834,-1.2185731561845357,1.6609921836388715,0.6681846485863079,-0.40199490441104246,0.028626206786179966,0,1,1,0,1,0,0,1,1,0,0,0,1,2,2,1,0,2,0,1
-0.002054796438650507,0.34863718434365076,-0.9079553165315475,2.0275497412519217,-0.40199490441104246,-0.9383447523158153,0,1,0,1,0,1,0,1,1,0,0,1,0,1,1,2,1,1,1,1
-0.341389751164367,-1.3927076384654453,1.0361130619757966,0.6681846485863079,-0.40199490441104246,0.028626206786179966,0,1,0,1,0,1,0,1,1,0,0,1,0,1,1,1,0,1,0,0
1.5249524998270736,-0.34790074477998767,1.244406102530155,0.6681846485863079,-1.2179049679093814,0.9955971658881752,0,1,0,1,0,1,1,0,1,0,0,0,1,1,2,0,1,2,1,1
-0.5110572285272252,1.132242354607744,-0.7690932894953085,1.3478671949191148,-0.40199490441104246,0.028626206786179966,1,0,0,1,0,1,0,1,1,0,0,1,0,1,1,1,1,1,0,1
-0.002054796438650507,0.7839733900459247,1.3832681295663938,1.3478671949191148,1.2298252225856356,0.028626206786179966,0,1,0,1,0,1,0,1,1,0,0,0,1,0,1,1,0,1,0,1
0.6766151130127824,-0.5220352270608973,-1.4634034246765029,1.3478671949191148,-0.40199490441104246,0.028626206786179966,1,0,0,1,0,1,0,1,1,0,0,1,0,0,0,1,0,1,0,0
0.8462825903756406,-1.7409766030272644,-0.5608002489409503,0.6681846485863079,-0.40199490441104246,-0.9383447523158153,1,0,0,1,0,1,0,1,1,0,0,1,0,1,2,1,1,2,1,0
1.6946199771899317,1.567578560310018,-1.6716964652308612,-0.011497897746499092,-1.2179049679093814,-0.9383447523158153,0,1,0,1,1,0,0,1,1,0,0,0,1,0,1,2,0,1,0,0
0.16761268092420772,1.132242354607744,0.4806649538308412,0.6681846485863079,0.4139151590872966,0.9955971658881752,0,1,1,0,1,0,0,1,1,0,0,1,0,0,1,1,1,2,1,0
0.6766151130127824,-0.8703041916227164,-0.2830761948684726,-0.011497897746499092,-0.40199490441104246,0.9955971658881752,0,1,0,1,0,1,0,1,1,0,1,0,0,1,1,1,1,0,0,0
1.6946199771899317,0.34863718434365076,-1.6716964652308612,0.6681846485863079,-0.40199490441104246,0.9955971658881752,0,1,0,1,1,0,0,1,0,1,0,0,1,2,1,0,0,1,2,2
0.3372801582870659,-0.609102468201352,-1.1856793706040252,-0.691180444079306,-0.40199490441104246,0.028626206786179966,0,1,1,0,1,0,0,1,1,0,0,0,1,0,1,2,1,1,2,1
-0.6807247058900834,0.69690614890547,-1.6716964652308612,-0.011497897746499092,-1.2179049679093814,0.028626206786179966,1,0,0,1,0,1,0,1,1,0,0,0,1,1,2,1,1,1,1,0
-0.17172227380150873,1.6546458014504728,1.730423197156991,-0.691180444079306,-0.40199490441104246,-1.9053157114178105,0,1,1,0,0,1,0,1,1,0,0,0,1,2,1,1,0,1,0,1
0.3372801582870659,-1.6539093618868097,0.3418029267946023,-0.011497897746499092,1.2298252225856356,0.028626206786179966,0,1,0,1,0,1,0,1,1,0,0,1,0,2,1,2,1,2,2,1
-0.17172227380150873,0.7839733900459247,1.3832681295663938,-0.011497897746499092,-1.2179049679093814,0.028626206786179966,0,1,0,1,0,1,0,1,1,0,0,0,1,2,1,1,1,1,0,0
0.5069476356499242,-1.6539093618868097,0.6889579943851994,0.6681846485863079,-0.40199490441104246,-2.872286670519806,0,1,1,0,0,1,0,1,1,0,0,0,1,1,2,1,1,2,0,0
0.3372801582870659,1.2193095957481987,0.8278200214214383,0.6681846485863079,0.4139151590872966,1.9625681249901703,1,0,1,0,0,1,0,1,1,0,0,1,0,2,1,1,0,1,1,0
-1.189727137978658,0.5227716666245603,-1.1856793706040252,-0.011497897746499092,-1.2179049679093814,0.028626206786179966,0,1,1,0,1,0,1,0,1,0,0,0,1,0,1,1,1,1,0,0
0.8462825903756406,-1.566842120746355,1.3832681295663938,-0.011497897746499092,-0.40199490441104246,0.9955971658881752,0,1,0,1,0,1,0,1,0,1,0,1,0,1,1,0,2,1,1,0
2.3732898866413645,0.6098389077650151,-0.4219382219047114,-0.691180444079306,1.2298252225856356,-0.9383447523158153,0,1,1,0,1,0,0,1,1,0,0,1,0,1,0,2,0,1,1,1
0.6766151130127824,-0.08669902135862327,-1.0468173435677863,-0.011497897746499092,-1.2179049679093814,0.028626206786179966,1,0,0,1,1,0,0,1,1,0,0,1,0,0,0,0,0,2,2,0
1.6946199771899317,0.6098389077650151,-0.005352140795994853,2.0275497412519217,1.2298252225856356,0.9955971658881752,0,1,0,1,0,1,0,1,1,0,0,1,0,0,1,0,0,0,1,0
-0.341389751164367,-0.7832369504822617,0.61952698086708,-0.691180444079306,0.4139151590872966,-0.9383447523158153,0,1,0,1,1,0,0,1,1,0,0,1,0,1,1,1,1,0,2,0
1.015950067738499,-1.131505915044081,-0.005352140795994853,1.3478671949191148,0.4139151590872966,0.028626206786179966,0,1,0,1,1,0,0,1,1,0,0,0,1,1,1,1,1,1,0,0
-0.341389751164367,0.34863718434365076,1.591561170120752,-0.691180444079306,1.2298252225856356,0.028626206786179966,0,1,0,1,0,1,0,1,1,0,0,0,1,0,2,0,1,1,0,0
-0.8503921832529416,-1.131505915044081,1.3138371160482742,1.3478671949191148,-1.2179049679093814,0.9955971658881752,0,1,0,1,0,1,0,1,1,0,0,0,1,1,0,1,1,1,2,0
0.16761268092420772,0.43570442548410554,0.3418029267946023,0.6681846485863079,1.2298252225856356,0.028626206786179966,1,0,0,1,1,0,0,1,0,1,0,0,1,1,1,1,0,2,1,1
-0.341389751164367,-1.2185731561845357,1.1749750890120354,-0.011497897746499092,0.4139151590872966,0.9955971658881752,0,1,1,0,1,0,0,1,1,0,0,1,0,2,1,1,0,1,0,1
-0.5110572285272252,-0.34790074477998767,0.27237191327648286,0.6681846485863079,-0.40199490441104246,0.9955971658881752,1,0,0,1,0,1,1,0,0,1,0,1,0,1,1,0,0,1,2,2
0.5069476356499242,-1.3927076384654453,-0.21364518135035315,1.3478671949191148,-1.2179049679093814,0.028626206786179966,0,1,0,1,0,1,0,1,1,0,0,0,1,2,1,1,0,2,1,0
0.5069476356499242,0.6098389077650151,-0.21364518135035315,-0.691180444079306,-0.40199490441104246,0.028626206786179966,0,1,1,0,1,0,0,1,1,0,1,0,0,1,2,1,0,2,1,1
-2.0380645247929494,1.4805113191695631,-0.352507208386592,2.0275497412519217,-1.2179049679093814,-1.9053157114178105,0,1,0,1,0,1,0,1,1,0,0,1,0,2,1,2,0,0,0,0
-1.3593946153415164,0.7839733900459247,0.20294089975836344,0.6681846485863079,2.045735286083975,1.9625681249901703,1,0,0,1,0,1,0,1,1,0,0,1,0,1,2,0,0,1,2,0
-0.8503921832529416,0.8710406311863795,1.5221301566026326,0.6681846485863079,-0.40199490441104246,0.028626206786179966,1,0,1,0,0,1,0,1,1,0,1,0,0,2,1,1,0,2,1,0
0.6766151130127824,-1.6539093618868097,-0.7690932894953085,2.0275497412519217,-1.2179049679093814,0.028626206786179966,1,0,1,0,1,0,0,1,1,0,0,0,1,1,1,0,0,1,0,0
1.5249524998270736,-1.131505915044081,-0.21364518135035315,-0.011497897746499092,-1.2179049679093814,0.028626206786179966,1,0,0,1,1,0,1,0,1,0,0,1,0,0,2,1,1,2,0,0
1.3552850224642152,0.8710406311863795,-0.005352140795994853,0.6681846485863079,-0.40199490441104246,0.028626206786179966,0,1,0,1,0,1,0,1,0,1,0,1,0,2,0,1,0,2,0,1
-0.341389751164367,0.69690614890547,-0.21364518135035315,1.3478671949191148,0.4139151590872966,0.9955971658881752,0,1,0,1,1,0,0,1,1,0,0,1,0,1,1,2,2,2,2,1
-0.6807247058900834,-0.7832369504822617,0.133509886240244,-0.691180444079306,2.045735286083975,1.9625681249901703,0,1,0,1,0,1,0,1,0,1,0,1,0,2,0,0,1,1,1,1
-0.002054796438650507,1.567578560310018,-0.2830761948684726,1.3478671949191148,-1.2179049679093814,0.9955971658881752,0,1,0,1,1,0,0,1,1,0,1,0,0,1,1,1,0,1,1,1
1.185617545101357,-0.2608335036395329,0.7583890079033189,-0.011497897746499092,-0.40199490441104246,0.028626206786179966,0,1,0,1,0,1,0,1,1,0,0,1,0,1,1,0,2,1,0,1
0.6766151130127824,-0.4349679859204425,-0.005352140795994853,1.3478671949191148,-1.2179049679093814,0.028626206786179966,0,1,0,1,0,1,0,1,1,0,0,0,1,1,2,2,1,2,1,2
-0.17172227380150873,-1.566842120746355,1.0361130619757966,-1.370862990412113,0.4139151590872966,0.028626206786179966,0,1,0,1,1,0,0,1,1,0,0,0,1,1,1,0,0,2,1,1
0.16761268092420772,-0.9573714327631713,-0.9079553165315475,-1.370862990412113,0.4139151590872966,0.028626206786179966,0,1,0,1,0,1,0,1,1,0,0,0,1,1,1,2,0,1,0,0
-0.5110572285272252,-1.3927076384654453,0.3418029267946023,0.6681846485863079,-1.2179049679093814,-0.9383447523158153,1,0,0,1,1,0,0,1,1,0,0,0,1,1,2,1,2,2,2,0
-0.5110572285272252,-1.044438673903626,-1.2551103841221445,1.3478671949191148,0.4139151590872966,0.028626206786179966,0,1,0,1,1,0,0,1,1,0,0,1,0,2,1,1,1,0,0,1
-1.868397047430091,0.9581078723268344,-0.6996622759771891,0.6681846485863079,-1.2179049679093814,0.9955971658881752,0,1,0,1,1,0,0,1,1,0,0,0,1,1,1,2,1,1,0,1
0.6766151130127824,0.7839733900459247,0.5500959673489606,-0.011497897746499092,-0.40199490441104246,0.028626206786179966,0,1,0,1,1,0,1,0,1,0,0,1,0,0,1,1,0,0,0,1
2.0339549319156482,0.6098389077650151,1.730423197156991,1.3478671949191148,0.4139151590872966,-0.9383447523158153,0,1,1,0,0,1,0,1,1,0,0,1,0,1,2,1,1,0,2,1
-0.002054796438650507,1.6546458014504728,-0.7690932894953085,0.6681846485863079,-0.40199490441104246,-0.9383447523158153,0,1,0,1,1,0,0,1,1,0,0,0,1,1,0,0,2,1,0,0
-1.3593946153415164,-1.566842120746355,-0.6302312624590697,1.3478671949191148,-0.40199490441104246,-0.9383447523158153,1,0,1,0,0,1,0,1,1,0,0,1,0,1,1,1,0,1,1,1
1.5249524998270736,1.3934440780291084,0.9666820484576771,-2.05054553674492,0.4139151590872966,-0.9383447523158153,1,0,0,1,1,0,0,1,1,0,0,1,0,0,0,1,0,2,0,2
1.8642874545527899,-0.2608335036395329,0.61952698086708,-1.370862990412113,0.4139151590872966,1.9625681249901703,0,1,0,1,1,0,0,1,1,0,0,0,1,2,1,1,2,2,0,0
0.16761268092420772,0.9581078723268344,1.1749750890120354,1.3478671949191148,2.861645349582314,-0.9383447523158153,0,1,1,0,0,1,0,1,1,0,1,0,0,1,2,1,0,1,0,0
1.185617545101357,-0.4349679859204425,-1.0468173435677863,0.6681846485863079,2.045735286083975,-0.9383447523158153,1,0,0,1,1,0,0,1,1,0,0,0,1,1,1,1,1,1,2,1
-1.868397047430091,0.0003682197818315326,-1.6022654517127417,-2.05054553674492,-0.40199490441104246,-0.9383447523158153,1,0,0,1,0,1,0,1,1,0,0,0,1,1,0,0,2,1,2,0
-0.5110572285272252,0.69690614890547,1.3138371160482742,-0.011497897746499092,-1.2179049679093814,0.028626206786179966,0,1,0,1,0,1,0,1,1,0,0,1,0,1,2,0,1,1,0,0
0.16761268092420772,0.0003682197818315326,-1.6022654517127417,-0.691180444079306,-0.40199490441104246,0.9955971658881752,0,1,0,1,0,1,0,1,1,0,1,0,0,2,0,1,0,1,0,0
-1.5290620927043745,1.3063768368886535,0.4112339403127217,-0.691180444079306,0.4139151590872966,0.028626206786179966,0,1,0,1,1,0,0,1,1,0,0,0,1,1,1,2,0,0,0,0
-0.002054796438650507,1.567578560310018,-0.21364518135035315,0.6681846485863079,-0.40199490441104246,0.9955971658881752,1,0,0,1,1,0,0,1,1,0,1,0,0,1,1,1,2,1,0,0
1.3552850224642152,-0.8703041916227164,-0.4219382219047114,-0.691180444079306,0.4139151590872966,0.9955971658881752,0,1,0,1,0,1,0,1,0,1,0,0,1,1,1,1,0,0,0,0
0.16761268092420772,0.43570442548410554,-1.7411274787489806,0.6681846485863079,-0.40199490441104246,-0.9383447523158153,0,1,1,0,1,0,0,1,1,0,0,1,0,1,1,0,1,2,0,2
1.015950067738499,-0.7832369504822617,1.3138371160482742,-0.691180444079306,1.2298252225856356,0.9955971658881752,0,1,0,1,1,0,0,1,1,0,0,0,1,1,0,0,0,1,2,0
-0.341389751164367,0.7839733900459247,-1.5328344381946224,-1.370862990412113,2.861645349582314,0.9955971658881752,0,1,1,0,1,0,0,1,1,0,0,1,0,1,1,1,0,2,1,0
0.8462825903756406,0.17450270206274113,1.6609921836388715,-0.011497897746499092,1.2298252225856356,-0.9383447523158153,1,0,0,1,0,1,0,1,1,0,0,1,0,1,1,2,0,2,0,0
1.015950067738499,-1.3927076384654453,-0.07478315431411428,0.6681846485863079,1.2298252225856356,-0.9383447523158153,0,1,0,1,0,1,0,1,1,0,0,1,0,2,0,0,1,2,0,0
0.6766151130127824,0.08743546092228634,-0.2830761948684726,-0.011497897746499092,-0.40199490441104246,0.028626206786179966,0,1,0,1,0,1,0,1,1,0,0,1,0,1,1,2,1,2,1,0
-1.0200596606158,-0.5220352270608973,-1.4634034246765029,0.6681846485863079,0.4139151590872966,-0.9383447523158153,0,1,0,1,0,1,0,1,1,0,0,1,0,1,1,2,0,0,0,1
0.3372801582870659,0.0003682197818315326,0.27237191327648286,1.3478671949191148,-1.2179049679093814,0.028626206786179966,1,0,1,0,1,0,0,1,1,0,0,1,0,0,0,2,1,1,1,1
1.3552850224642152,-1.3927076384654453,0.20294089975836344,0.6681846485863079,0.4139151590872966,0.028626206786179966,0,1,1,0,1,0,0,1,1,0,1,0,0,1,1,0,1,1,2,0
0.16761268092420772,0.0003682197818315326,-1.0468173435677863,-0.011497897746499092,-0.40199490441104246,-0.9383447523158153,0,1,0,1,0,1,0,1,1,0,0,0,1,0,2,1,1,2,1,1
0.6766151130127824,-1.2185731561845357,-0.2830761948684726,-0.011497897746499092,-0.40199490441104246,0.028626206786179966,0,1,0,1,0,1,0,1,1,0,0,1,0,2,1,0,0,2,0,0
1.015950067738499,-0.2608335036395329,-0.4219382219047114,-0.011497897746499092,-0.40199490441104246,0.028626206786179966,1,0,0,1,0,1,0,1,0,1,0,1,0,1,0,0,2,1,0,0
-0.17172227380150873,1.132242354607744,-0.6996622759771891,-0.691180444079306,-1.2179049679093814,0.028626206786179966,0,1,0,1,1,0,0,1,1,0,0,1,0,1,2,1,1,2,0,0
-0.5110572285272252,1.132242354607744,0.8278200214214383,-0.691180444079306,-0.40199490441104246,-0.9383447523158153,1,0,1,0,1,0,0,1,1,0,1,0,0,1,1,1,0,2,0,1
-1.189727137978658,0.34863718434365076,-1.1856793706040252,0.6681846485863079,0.4139151590872966,0.028626206786179966,1,0,0,1,0,1,0,1,1,0,0,1,0,1,1,2,0,0,2,0
-0.341389751164367,-0.08669902135862327,-0.352507208386592,0.6681846485863079,1.2298252225856356,0.028626206786179966,1,0,0,1,1,0,0,1,1,0,0,0,1,1,1,2,1,1,1,0
1.6946199771899317,-0.609102468201352,-1.0468173435677863,-2.05054553674492,-1.2179049679093814,0.9955971658881752,1,0,1,0,1,0,0,1,1,0,0,0,1,2,0,1,0,0,0,1
-0.17172227380150873,0.17450270206274113,1.0361130619757966,-1.370862990412113,-0.40199490441104246,0.028626206786179966,0,1,0,1,1,0,0,1,1,0,1,0,0,1,1,1,2,1,1,0
-1.189727137978658,1.045175113467289,1.244406102530155,1.3478671949191148,0.4139151590872966,-0.9383447523158153,0,1,0,1,1,0,0,1,1,0,1,0,0,2,1,2,2,1,1,1
-0.17172227380150873,-0.08669902135862327,-1.1162483570859056,-1.370862990412113,0.4139151590872966,-0.9383447523158153,0,1,1,0,0,1,0,1,1,0,0,1,0,1,2,1,0,1,2,2
-1.189727137978658,1.567578560310018,-0.5608002489409503,0.6681846485863079,-0.40199490441104246,0.9955971658881752,1,0,1,0,0,1,0,1,1,0,0,0,1,2,2,1,1,1,2,1
-0.341389751164367,-1.3056403973249906,-1.5328344381946224,-0.691180444079306,-0.40199490441104246,0.028626206786179966,0,1,1,0,0,1,0,1,0,1,0,0,1,1,1,1,1,1,2,0
-0.5110572285272252,-1.044438673903626,-0.005352140795994853,0.6681846485863079,0.4139151590872966,0.028626206786179966,1,0,1,0,0,1,0,1,1,0,0,0,1,1,2,1,0,2,1,0
-0.5110572285272252,0.6098389077650151,0.61952698086708,-0.691180444079306,-1.2179049679093814,0.028626206786179966,0,1,0,1,0,1,0,1,1,0,0,0,1,2,0,1,1,1,1,2
-0.6807247058900834,0.69690614890547,-0.005352140795994853,-0.011497897746499092,0.4139151590872966,0.9955971658881752,1,0,0,1,1,0,0,1,1,0,0,1,0,0,2,0,1,1,2,0
-0.5110572285272252,1.2193095957481987,0.6889579943851994,0.6681846485863079,-0.40199490441104246,0.9955971658881752,0,1,0,1,1,0,0,1,1,0,0,0,1,0,1,1,1,0,0,0
-0.341389751164367,-1.2185731561845357,1.452699143084513,-1.370862990412113,-1.2179049679093814,1.9625681249901703,1,0,0,1,0,1,0,1,1,0,0,1,0,2,1,1,0,1,0,1
0.8462825903756406,-0.2608335036395329,-0.352507208386592,-0.011497897746499092,-1.2179049679093814,1.9625681249901703,0,1,0,1,0,1,0,1,1,0,0,1,0,2,1,1,1,1,0,0
1.5249524998270736,-1.044438673903626,-1.5328344381946224,-2.05054553674492,-0.40199490441104246,0.9955971658881752,0,1,1,0,0,1,0,1,1,0,1,0,0,1,2,1,1,1,0,2
1.3552850224642152,-1.3927076384654453,-1.324541397640264,1.3478671949191148,-0.40199490441104246,-0.9383447523158153,0,1,0,1,0,1,0,1,1,0,1,0,0,1,1,1,0,0,1,0
-0.002054796438650507,-0.7832369504822617,-1.6022654517127417,-1.370862990412113,-0.40199490441104246,0.028626206786179966,0,1,0,1,1,0,0,1,1,0,0,1,0,2,1,2,1,2,0,1
-0.17172227380150873,-0.609102468201352,-0.7690932894953085,-0.691180444079306,-0.40199490441104246,0.028626206786179966,1,0,0,1,0,1,0,1,1,0,0,0,1,1,1,0,2,1,1,1
-1.0200596606158,-1.566842120746355,1.5221301566026326,-0.011497897746499092,-1.2179049679093814,-1.9053157114178105,0,1,0,1,0,1,0,1,1,0,0,0,1,1,1,2,1,1,0,1
0.5069476356499242,-1.3927076384654453,-0.2830761948684726,-2.05054553674492,0.4139151590872966,-1.9053157114178105,0,1,0,1,1,0,0,1,1,0,1,0,0,1,2,0,1,1,2,0
0.8462825903756406,-1.2185731561845357,1.6609921836388715,-0.691180444079306,0.4139151590872966,0.028626206786179966,1,0,0,1,0,1,0,1,1,0,0,0,1,1,1,1,1,1,1,0
-0.5110572285272252,-0.6961697093418069,-0.6302312624590697,-1.370862990412113,0.4139151590872966,0.028626206786179966,0,1,0,1,0,1,0,1,1,0,1,0,0,0,1,1,2,2,1,0
0.8462825903756406,0.5227716666245603,0.4112339403127217,-0.011497897746499092,-0.40199490441104246,-1.9053157114178105,0,1,0,1,0,1,0,1,1,0,0,0,1,1,1,0,2,0,0,0
-0.002054796438650507,0.0003682197818315326,-0.6996622759771891,1.3478671949191148,-0.40199490441104246,0.028626206786179966,0,1,1,0,1,0,0,1,1,0,0,0,1,1,0,2,1,1,1,2
-0.6807247058900834,0.6098389077650151,0.6889579943851994,-0.691180444079306,0.4139151590872966,-1.9053157114178105,1,0,0,1,0,1,0,1,1,0,0,1,0,2,2,1,1,2,0,0
0.16761268092420772,0.0003682197818315326,0.20294089975836344,-2.05054553674492,-0.40199490441104246,0.9955971658881752,1,0,1,0,0,1,0,1,1,0,0,1,0,1,2,1,1,2,0,0
1.8642874545527899,-1.566842120746355,0.5500959673489606,0.6681846485863079,-1.2179049679093814,-0.9383447523158153,1,0,1,0,1,0,0,1,0,1,0,1,0,2,1,1,1,2,1,0
1.8642874545527899,-0.34790074477998767,-0.352507208386592,-0.011497897746499092,1.2298252225856356,0.028626206786179966,0,1,0,1,0,1,0,1,1,0,0,1,0,1,2,0,0,1,1,1
-0.6807247058900834,0.17450270206274113,-0.7690932894953085,-2.05054553674492,-0.40199490441104246,-0.9383447523158153,0,1,1,0,1,0,0,1,1,0,0,1,0,2,0,0,1,1,2,1
0.5069476356499242,-0.6961697093418069,0.8278200214214383,0.6681846485863079,1.2298252225856356,0.028626206786179966,0,1,0,1,1,0,0,1,1,0,0,1,0,1,2,0,1,0,0,0
1.015950067738499,1.6546458014504728,-0.5608002489409503,0.6681846485863079,2.045735286083975,0.9955971658881752,0,1,1,0,0,1,0,1,0,1,0,0,1,1,1,1,1,1,0,0
-1.6987295700672327,0.43570442548410554,1.1749750890120354,-1.370862990412113,-1.2179049679093814,0.9955971658881752,1,0,1,0,0,1,0,1,0,1,0,0,1,1,2,1,0,2,0,2
-1.3593946153415164,-1.566842120746355,-0.8385243030134281,-0.011497897746499092,-0.40199490441104246,0.9955971658881752,1,0,0,1,0,1,0,1,1,0,0,1,0,1,2,2,2,1,0,0
-0.17172227380150873,0.8710406311863795,0.20294089975836344,0.6681846485863079,-0.40199490441104246,0.028626206786179966,0,1,1,0,1,0,0,1,1,0,0,1,0,1,1,1,0,1,0,1
-0.17172227380150873,-1.4797748796059,-1.1856793706040252,-0.011497897746499092,0.4139151590872966,0.028626206786179966,1,0,1,0,0,1,0,1,1,0,0,1,0,0,2,1,0,2,2,0
-0.341389751164367,-0.5220352270608973,-0.6996622759771891,0.6681846485863079,-1.2179049679093814,0.9955971658881752,1,0,0,1,1,0,0,1,1,0,0,0,1,1,0,2,1,2,1,1
1.185617545101357,-0.2608335036395329,0.7583890079033189,-0.011497897746499092,-0.40199490441104246,0.028626206786179966,0,1,0,1,1,0,0,1,1,0,1,0,0,0,2,2,2,2,1,0
-1.0200596606158,-1.2185731561845357,-0.8385243030134281,2.0275497412519217,-1.2179049679093814,0.028626206786179966,0,1,0,1,0,1,0,1,1,0,0,0,1,1,1,0,0,1,0,1
0.5069476356499242,-1.566842120746355,-1.4634034246765029,1.3478671949191148,1.2298252225856356,0.9955971658881752,0,1,1,0,0,1,0,1,1,0,0,1,0,2,2,0,0,1,0,0
0.8462825903756406,1.6546458014504728,0.8972510349395577,-0.011497897746499092,1.2298252225856356,0.9955971658881752,1,0,1,0,0,1,0,1,1,0,0,0,1,2,1,1,0,1,1,1
0.5069476356499242,1.2193095957481987,1.3138371160482742,0.6681846485863079,0.4139151590872966,-0.9383447523158153,0,1,0,1,0,1,0,1,1,0,0,0,1,1,2,0,1,2,0,0
-0.17172227380150873,-0.17376626249907806,-1.1162483570859056,0.6681846485863079,0.4139151590872966,-1.9053157114178105,0,1,0,1,0,1,0,1,1,0,0,0,1,0,2,1,2,1,0,0
1.015950067738499,-1.131505915044081,0.133509886240244,-0.011497897746499092,0.4139151590872966,0.028626206786179966,0,1,1,0,0,1,0,1,0,1,0,1,0,0,1,0,0,2,0,1
-1.868397047430091,-0.609102468201352,1.452699143084513,-0.691180444079306,-1.2179049679093814,-0.9383447523158153,0,1,0,1,0,1,0,1,1,0,0,0,1,1,1,0,0,2,0,0
-0.6807247058900834,1.3063768368886535,-0.49136923542283084,0.6681846485863079,0.4139151590872966,0.9955971658881752,1,0,0,1,1,0,1,0,1,0,0,1,0,1,0,0,1,2,0,0
-1.3593946153415164,1.567578560310018,-1.4634034246765029,-2.05054553674492,0.4139151590872966,0.028626206786179966,1,0,1,0,0,1,0,1,1,0,0,1,0,1,0,1,1,2,0,0
-0.8503921832529416,-0.2608335036395329,-0.6996622759771891,-1.370862990412113,0.4139151590872966,0.9955971658881752,0,1,0,1,0,1,1,0,0,1,0,0,1,2,1,0,0,1,2,0
0.6766151130127824,1.4805113191695631,-1.6716964652308612,0.6681846485863079,1.2298252225856356,-0.9383447523158153,1,0,0,1,0,1,0,1,1,0,0,1,0,2,1,1,0,1,2,0
-1.0200596606158,-0.609102468201352,-1.2551103841221445,-0.691180444079306,0.4139151590872966,0.9955971658881752,1,0,0,1,0,1,0,1,1,0,0,1,0,2,1,2,1,1,0,1
0.16761268092420772,-1.7409766030272644,-0.2830761948684726,-0.691180444079306,-1.2179049679093814,0.9955971658881752,0,1,0,1,0,1,0,1,0,1,1,0,0,1,1,0,1,0,0,2
-0.002054796438650507,-0.4349679859204425,1.5221301566026326,-0.011497897746499092,-1.2179049679093814,-0.9383447523158153,1,0,0,1,0,1,0,1,1,0,0,1,0,0,1,2,1,1,1,0
-1.189727137978658,0.8710406311863795,0.4112339403127217,0.6681846485863079,-1.2179049679093814,0.028626206786179966,1,0,0,1,1,0,0,1,1,0,0,0,1,2,1,1,1,1,0,1
-0.17172227380150873,-1.3056403973249906,-0.6996622759771891,-1.370862990412113,-0.40199490441104246,2.929539084092166,1,0,0,1,0,1,0,1,1,0,0,0,1,1,0,2,2,1,1,1
-0.8503921832529416,-0.17376626249907806,-0.8385243030134281,1.3478671949191148,0.4139151590872966,0.028626206786179966,1,0,1,0,0,1,1,0,1,0,0,0,1,1,2,1,1,1,2,2
-0.002054796438650507,-0.6961697093418069,-1.324541397640264,1.3478671949191148,2.045735286083975,-0.9383447523158153,0,1,0,1,0,1,0,1,1,0,1,0,0,1,1,1,2,1,0,0
0.6766151130127824,0.17450270206274113,1.105544075493916,-0.691180444079306,0.4139151590872966,-1.9053157114178105,0,1,0,1,1,0,0,1,1,0,0,0,1,2,1,1,2,1,0,0
-0.5110572285272252,-0.5220352270608973,-1.7411274787489806,1.3478671949191148,-1.2179049679093814,-0.9383447523158153,1,0,0,1,1,0,0,1,1,0,1,0,0,0,1,1,0,2,0,2
-0.5110572285272252,0.7839733900459247,0.27237191327648286,1.3478671949191148,-1.2179049679093814,-0.9383447523158153,1,0,0,1,0,1,1,0,1,0,0,0,1,2,0,1,1,1,1,0
-1.5290620927043745,1.3934440780291084,-0.6302312624590697,-1.370862990412113,0.4139151590872966,0.9955971658881752,0,1,0,1,1,0,0,1,1,0,0,1,0,1,2,2,0,1,0,1
1.3552850224642152,0.0003682197818315326,1.452699143084513,-0.691180444079306,0.4139151590872966,2.929539084092166,0,1,0,1,1,0,0,1,1,0,0,0,1,1,2,2,0,1,0,0
1.8642874545527899,-1.044438673903626,-0.6302312624590697,-0.011497897746499092,-1.2179049679093814,0.028626206786179966,0,1,0,1,0,1,0,1,1,0,0,0,1,0,2,0,0,1,0,0
-2.0380645247929494,0.7839733900459247,-0.9079553165315475,0.6681846485863079,0.4139151590872966,0.9955971658881752,0,1,0,1,1,0,0,1,0,1,0,0,1,2,2,1,1,1,0,1
0.8462825903756406,1.6546458014504728,-1.1856793706040252,-0.691180444079306,-1.2179049679093814,0.9955971658881752,0,1,1,0,1,0,0,1,1,0,0,0,1,1,2,2,1,1,0,0
-0.5110572285272252,0.9581078723268344,-0.6302312624590697,0.6681846485863079,1.2298252225856356,-0.9383447523158153,0,1,0,1,0,1,0,1,1,0,0,0,1,1,1,1,1,0,1,0
1.015950067738499,0.17450270206274113,-1.0468173435677863,-0.011497897746499092,1.2298252225856356,0.028626206786179966,1,0,0,1,1,0,1,0,1,0,0,1,0,0,2,1,0,1,2,0
1.015950067738499,-0.34790074477998767,-0.07478315431411428,-0.011497897746499092,2.045735286083975,0.028626206786179966,1,0,0,1,0,1,0,1,1,0,0,0,1,2,0,1,1,2,0,1
0.8462825903756406,0.7839733900459247,-1.1162483570859056,-0.011497897746499092,-0.40199490441104246,0.9955971658881752,0,1,0,1,1,0,0,1,0,1,0,1,0,1,2,1,0,1,0,0
1.185617545101357,1.6546458014504728,-0.4219382219047114,-1.370862990412113,0.4139151590872966,-0.9383447523158153,0,1,0,1,0,1,0,1,1,0,0,0,1,1,1,1,1,0,2,1
-1.0200596606158,0.7839733900459247,-0.1442141678322337,-2.05054553674492,0.4139151590872966,0.028626206786179966,0,1,0,1,0,1,0,1,1,0,1,0,0,2,2,1,1,2,1,0
1.3552850224642152,1.2193095957481987,-0.6996622759771891,-0.691180444079306,-0.40199490441104246,-1.9053157114178105,1,0,0,1,0,1,0,1,1,0,0,0,1,1,2,2,0,2,0,0
0.5069476356499242,-1.2185731561845357,0.5500959673489606,-0.691180444079306,-1.2179049679093814,-0.9383447523158153,1,0,0,1,1,0,0,1,1,0,0,0,1,1,2,1,2,1,0,0
-0.8503921832529416,-1.2185731561845357,1.0361130619757966,-0.691180444079306,0.4139151590872966,0.028626206786179966,1,0,0,1,1,0,0,1,1,0,1,0,0,1,1,0,1,1,1,2
0.5069476356499242,-1.044438673903626,-0.49136923542283084,0.6681846485863079,-0.40199490441104246,-0.9383447523158153,0,1,0,1,0,1,0,1,1,0,0,1,0,2,0,1,1,1,1,0
-1.189727137978658,1.4805113191695631,0.4112339403127217,0.6681846485863079,1.2298252225856356,-1.9053157114178105,0,1,0,1,0,1,0,1,1,0,0,1,0,1,1,1,0,1,0,2
-0.341389751164367,-1.044438673903626,0.06407887272212458,0.6681846485863079,0.4139151590872966,0.028626206786179966,0,1,0,1,0,1,0,1,1,0,0,1,0,1,1,2,2,1,2,0
1.185617545101357,1.3063768368886535,0.8972510349395577,0.6681846485863079,1.2298252225856356,-0.9383447523158153,1,0,1,0,1,0,0,1,1,0,0,0,1,1,2,2,1,1,0,2
0.6766151130127824,-0.34790074477998767,1.1749750890120354,1.3478671949191148,-0.40199490441104246,0.028626206786179966,1,0,0,1,1,0,0,1,1,0,0,1,0,1,1,1,1,0,2,0
0.16761268092420772,-1.566842120746355,-1.4634034246765029,-0.691180444079306,-1.2179049679093814,0.028626206786179966,0,1,0,1,0,1,0,1,1,0,0,0,1,2,0,2,2,2,2,2
-0.17172227380150873,1.3934440780291084,0.4806649538308412,-0.011497897746499092,-0.40199490441104246,0.9955971658881752,0,1,0,1,1,0,0,1,1,0,0,1,0,1,1,1,2,1,2,0
0.5069476356499242,0.34863718434365076,-0.07478315431411428,-0.691180444079306,1.2298252225856356,-1.9053157114178105,1,0,0,1,1,0,1,0,1,0,0,0,1,0,0,1,0,1,0,0
-0.5110572285272252,0.6098389077650151,-0.07478315431411428,-0.691180444079306,-0.40199490441104246,0.028626206786179966,1,0,1,0,0,1,0,1,1,0,0,1,0,1,2,0,0,2,1,1
-1.6987295700672327,0.7839733900459247,0.8972510349395577,-0.011497897746499092,0.4139151590872966,-0.9383447523158153,1,0,1,0,0,1,0,1,1,0,0,0,1,2,2,1,2,1,2,0
0.3372801582870659,-0.9573714327631713,-1.6716964652308612,0.6681846485863079,-0.40199490441104246,0.028626206786179966,1,0,0,1,0,1,0,1,1,0,0,0,1,0,2,1,0,2,0,0
1.185617545101357,-0.17376626249907806,1.591561170120752,-0.691180444079306,-0.40199490441104246,0.028626206786179966,0,1,0,1,1,0,0,1,1,0,0,0,1,1,1,0,1,1,0,2
-1.189727137978658,-1.131505915044081,0.8972510349395577,-0.691180444079306,-1.2179049679093814,0.028626206786179966,1,0,0,1,0,1,0,1,1,0,0,1,0,1,2,1,0,1,1,1
-0.002054796438650507,-0.8703041916227164,-0.352507208386592,0.6681846485863079,-1.2179049679093814,1.9625681249901703,1,0,0,1,1,0,0,1,1,0,0,1,0,1,1,1,0,1,2,0
0.5069476356499242,0.69690614890547,0.61952698086708,0.6681846485863079,0.4139151590872966,0.028626206786179966,1,0,1,0,1,0,0,1,0,1,0,0,1,0,2,2,1,1,2,0
0.3372801582870659,1.567578560310018,1.5221301566026326,0.6681846485863079,-0.40199490441104246,-1.9053157114178105,1,0,1,0,1,0,0,1,0,1,0,0,1,1,1,0,2,1,2,0
-0.002054796438650507,0.69690614890547,-1.7411274787489806,-1.370862990412113,0.4139151590872966,1.9625681249901703,0,1,0,1,0,1,1,0,1,0,0,1,0,1,2,1,0,1,0,1
-0.17172227380150873,0.08743546092228634,1.452699143084513,0.6681846485863079,-1.2179049679093814,0.9955971658881752,0,1,0,1,0,1,0,1,1,0,0,1,0,0,1,2,1,2,2,0
-1.5290620927043745,-1.3056403973249906,-0.9079553165315475,-1.370862990412113,0.4139151590872966,-0.9383447523158153,1,0,0,1,0,1,0,1,1,0,0,1,0,1,0,1,1,2,1,2
-1.5290620927043745,-1.6539093618868097,-0.9773863300496669,-1.370862990412113,1.2298252225856356,-2.872286670519806,0,1,0,1,0,1,0,1,0,1,0,1,0,1,1,1,1,2,2,0
1.8642874545527899,0.43570442548410554,-0.2830761948684726,1.3478671949191148,-1.2179049679093814,-0.9383447523158153,1,0,0,1,0,1,0,1,0,1,1,0,0,1,1,0,1,2,1,1
-1.0200596606158,-1.3056403973249906,1.5221301566026326,1.3478671949191148,1.2298252225856356,0.9955971658881752,1,0,0,1,0,1,0,1,1,0,0,0,1,1,2,0,0,2,0,0
0.6766151130127824,1.4805113191695631,-0.07478315431411428,-1.370862990412113,-1.2179049679093814,1.9625681249901703,1,0,0,1,1,0,0,1,1,0,0,1,0,2,1,2,1,0,0,0
0.16761268092420772,0.9581078723268344,-1.3939724111583836,-0.011497897746499092,0.4139151590872966,0.028626206786179966,1,0,1,0,0,1,0,1,1,0,0,1,0,1,1,2,2,1,0,0
-1.189727137978658,1.3063768368886535,1.1749750890120354,-1.370862990412113,-0.40199490441104246,-0.9383447523158153,1,0,1,0,0,1,0,1,1,0,0,0,1,2,2,0,1,1,1,0
1.185617545101357,0.17450270206274113,-1.6716964652308612,-0.691180444079306,-0.40199490441104246,0.028626206786179966,0,1,0,1,1,0,0,1,1,0,1,0,0,1,2,0,0,1,0,1
1.015950067738499,-1.566842120746355,-0.21364518135035315,-0.011497897746499092,-0.40199490441104246,0.028626206786179966,1,0,0,1,0,1,0,1,1,0,0,1,0,2,0,0,1,1,1,1
0.16761268092420772,-0.7832369504822617,1.0361130619757966,0.6681846485863079,1.2298252225856356,0.9955971658881752,1,0,0,1,0,1,0,1,1,0,0,1,0,1,2,1,0,1,0,1
-0.17172227380150873,0.69690614890547,-0.6302312624590697,-0.691180444079306,1.2298252225856356,-0.9383447523158153,1,0,0,1,1,0,0,1,1,0,0,0,1,2,2,1,1,1,0,0
-1.6987295700672327,1.3063768368886535,-0.7690932894953085,-0.011497897746499092,2.045735286083975,0.028626206786179966,0,1,1,0,1,0,0,1,1,0,0,0,1,2,1,2,0,1,2,0
-0.5110572285272252,-0.2608335036395329,1.244406102530155,2.0275497412519217,1.2298252225856356,-1.9053157114178105,1,0,1,0,0,1,0,1,1,0,0,0,1,1,2,0,2,2,1,2
0.16761268092420772,0.9581078723268344,0.61952698086708,-1.370862990412113,-0.40199490441104246,-0.9383447523158153,0,1,0,1,0,1,0,1,1,0,0,1,0,1,2,1,2,0,0,0
1.6946199771899317,-0.8703041916227164,-0.005352140795994853,0.6681846485863079,-0.40199490441104246,-0.9383447523158153,1,0,1,0,1,0,0,1,1,0,0,0,1,0,1,1,1,1,0,0
-1.189727137978658,-0.8703041916227164,-1.324541397640264,0.6681846485863079,0.4139151590872966,-2.872286670519806,0,1,0,1,1,0,0,1,1,0,0,1,0,1,1,1,1,2,0,0
1.185617545101357,0.26156994320319593,1.105544075493916,-1.370862990412113,1.2298252225856356,-0.9383447523158153,0,1,0,1,1,0,0,1,1,0,0,1,0,1,0,1,0,1,2,0
1.6946199771899317,-1.6539093618868097,0.4806649538308412,0.6681846485863079,0.4139151590872966,0.028626206786179966,1,0,0,1,0,1,0,1,1,0,0,1,0,0,2,0,0,2,2,0
-1.3593946153415164,0.8710406311863795,1.244406102530155,0.6681846485863079,1.2298252225856356,0.028626206786179966,1,0,0,1,0,1,0,1,1,0,0,1,0,1,1,0,2,1,0,0
-0.17172227380150873,0.7839733900459247,-1.6022654517127417,-0.011497897746499092,0.4139151590872966,0.9955971658881752,0,1,0,1,0,1,0,1,1,0,1,0,0,2,1,1,1,1,0,1
0.16761268092420772,0.17450270206274113,-1.5328344381946224,-0.011497897746499092,-1.2179049679093814,-0.9383447523158153,0,1,0,1,0,1,0,1,1,0,0,0,1,2,2,0,2,1,2,0
-0.002054796438650507,1.6546458014504728,-0.7690932894953085,-0.011497897746499092,-1.2179049679093814,0.9955971658881752,0,1,0,1,0,1,0,1,1,0,0,0,1,1,0,2,1,1,0,0
-0.6807247058900834,1.7417130425909275,-1.6022654517127417,-0.011497897746499092,2.045735286083975,0.9955971658881752,1,0,0,1,1,0,0,1,1,0,1,0,0,2,2,1,0,1,0,0
-2.2077320021558076,-1.3927076384654453,0.4112339403127217,-0.691180444079306,0.4139151590872966,0.028626206786179966,1,0,1,0,1,0,0,1,1,0,0,0,1,2,2,1,0,0,2,1
-0.341389751164367,1.045175113467289,-0.1442141678322337,-0.691180444079306,-0.40199490441104246,1.9625681249901703,1,0,0,1,0,1,0,1,0,1,0,1,0,1,1,0,1,2,0,1
0.8462825903756406,-0.9573714327631713,0.8972510349395577,-0.011497897746499092,-1.2179049679093814,0.9955971658881752,1,0,0,1,0,1,0,1,1,0,1,0,0,1,1,2,0,1,1,0
0.5069476356499242,1.567578560310018,-0.6302312624590697,-0.691180444079306,-0.40199490441104246,-1.9053157114178105,0,1,0,1,1,0,0,1,1,0,0,1,0,1,2,1,0,1,0,1
-0.341389751164367,0.34863718434365076,-1.7411274787489806,-0.691180444079306,2.045735286083975,0.028626206786179966,0,1,1,0,0,1,0,1,1,0,1,0,0,1,0,1,2,2,2,0
0.16761268092420772,1.3934440780291084,-0.8385243030134281,-0.011497897746499092,-0.40199490441104246,-0.9383447523158153,1,0,1,0,1,0,0,1,1,0,1,0,0,1,2,1,1,1,2,2
0.16761268092420772,0.7839733900459247,0.06407887272212458,-0.011497897746499092,-0.40199490441104246,-0.9383447523158153,0,1,0,1,0,1,0,1,1,0,0,0,1,2,2,1,1,1,0,0
0.3372801582870659,0.69690614890547,-0.49136923542283084,1.3478671949191148,0.4139151590872966,-0.9383447523158153,0,1,0,1,1,0,1,0,0,1,0,1,0,1,1,1,1,1,0,0
0.6766151130127824,0.08743546092228634,-0.8385243030134281,-0.011497897746499092,-0.40199490441104246,0.028626206786179966,0,1,0,1,0,1,0,1,1,0,0,0,1,1,0,1,0,1,0,1
1.015950067738499,-0.5220352270608973,0.7583890079033189,-1.370862990412113,0.4139151590872966,0.9955971658881752,1,0,0,1,1,0,0,1,1,0,0,0,1,1,1,0,0,2,1,0
-0.002054796438650507,-0.9573714327631713,1.452699143084513,0.6681846485863079,0.4139151590872966,0.028626206786179966,0,1,0,1,0,1,0,1,1,0,0,0,1,1,1,1,1,2,0,0
-0.8503921832529416,-0.08669902135862327,-0.9079553165315475,0.6681846485863079,-0.40199490441104246,0.028626206786179966,0,1,0,1,1,0,0,1,1,0,0,0,1,2,1,0,0,0,1,0
-1.189727137978658,0.5227716666245603,0.3418029267946023,-0.011497897746499092,-1.2179049679093814,1.9625681249901703,0,1,1,0,1,0,0,1,1,0,1,0,0,1,1,1,0,1,1,0
-0.341389751164367,-0.6961697093418069,-0.2830761948684726,0.6681846485863079,0.4139151590872966,0.9955971658881752,0,1,0,1,1,0,0,1,1,0,0,0,1,1,1,0,2,1,2,0
0.3372801582870659,0.17450270206274113,-0.49136923542283084,-0.011497897746499092,0.4139151590872966,0.9955971658881752,0,1,1,0,1,0,0,1,1,0,0,1,0,2,1,2,0,1,2,0
0.8462825903756406,1.6546458014504728,0.7583890079033189,-0.011497897746499092,1.2298252225856356,0.028626206786179966,1,0,0,1,1,0,1,0,1,0,0,0,1,2,2,0,1,1,1,0
-1.189727137978658,-1.3927076384654453,-0.9079553165315475,-0.011497897746499092,-0.40199490441104246,-1.9053157114178105,1,0,0,1,0,1,0,1,1,0,0,1,0,2,2,1,0,1,1,1
0.5069476356499242,0.43570442548410554,0.133509886240244,0.6681846485863079,-1.2179049679093814,0.9955971658881752,0,1,0,1,1,0,0,1,1,0,0,0,1,0,2,1,2,1,1,0
-0.341389751164367,-0.8703041916227164,0.4112339403127217,-1.370862990412113,0.4139151590872966,-0.9383447523158153,1,0,1,0,0,1,0,1,1,0,1,0,0,2,1,0,0,1,0,2
-0.6807247058900834,0.26156994320319593,-0.9773863300496669,-0.691180444079306,-1.2179049679093814,0.9955971658881752,0,1,0,1,0,1,0,1,1,0,0,1,0,0,0,1,1,2,1,0
0.16761268092420772,0.7839733900459247,0.06407887272212458,-0.011497897746499092,1.2298252225856356,-0.9383447523158153,1,0,0,1,1,0,0,1,1,0,0,0,1,0,1,1,2,1,0,2
2.3732898866413645,-1.6539093618868097,-0.5608002489409503,-0.691180444079306,-0.40199490441104246,-0.9383447523158153,0,1,1,0,0,1,0,1,1,0,0,1,0,1,1,2,2,1,2,1
-0.8503921832529416,0.5227716666245603,-1.2551103841221445,-0.011497897746499092,-0.40199490441104246,0.028626206786179966,0,1,0,1,0,1,0,1,1,0,1,0,0,1,1,1,1,1,1,0
0.16761268092420772,-1.131505915044081,0.5500959673489606,-1.370862990412113,-0.40199490441104246,1.9625681249901703,0,1,1,0,0,1,0,1,1,0,0,1,0,1,1,1,0,2,0,0
-1.0200596606158,1.567578560310018,0.06407887272212458,-0.011497897746499092,-1.2179049679093814,-0.9383447523158153,0,1,0,1,0,1,0,1,1,0,0,1,0,2,2,1,0,1,2,0
1.015950067738499,0.5227716666245603,-0.6996622759771891,0.6681846485863079,-1.2179049679093814,0.9955971658881752,1,0,0,1,1,0,0,1,1,0,0,1,0,0,0,0,0,2,0,0
-1.3593946153415164,0.08743546092228634,-1.5328344381946224,0.6681846485863079,-0.40199490441104246,0.028626206786179966,0,1,1,0,1,0,0,1,1,0,0,0,1,2,1,0,1,2,1,0
0.3372801582870659,1.3063768368886535,0.8972510349395577,1.3478671949191148,-1.2179049679093814,-0.9383447523158153,0,1,0,1,1,0,0,1,1,0,0,0,1,1,2,0,0,2,2,0
-0.17172227380150873,1.3934440780291084,1.3832681295663938,-1.370862990412113,0.4139151590872966,0.028626206786179966,1,0,1,0,0,1,1,0,1,0,0,1,0,1,0,0,1,0,0,1
0.5069476356499242,-1.044438673903626,1.105544075493916,-1.370862990412113,2.861645349582314,-1.9053157114178105,1,0,0,1,1,0,0,1,1,0,0,1,0,1,2,0,0,1,1,0
0.5069476356499242,-0.5220352270608973,-1.2551103841221445,-0.691180444079306,-0.40199490441104246,0.028626206786179966,0,1,1,0,0,1,1,0,1,0,0,1,0,1,2,0,2,2,1,0
1.3552850224642152,-0.2608335036395329,0.9666820484576771,-0.011497897746499092,1.2298252225856356,0.028626206786179966,0,1,0,1,0,1,0,1,0,1,0,0,1,0,2,1,0,1,0,2
-0.341389751164367,-1.3056403973249906,0.8972510349395577,-0.691180444079306,-0.40199490441104246,-1.9053157114178105,0,1,1,0,1,0,0,1,0,1,0,0,1,1,0,1,1,1,1,0
0.16761268092420772,-0.7832369504822617,-1.4634034246765029,0.6681846485863079,-0.40199490441104246,0.028626206786179966,0,1,1,0,1,0,0,1,1,0,0,1,0,1,1,2,1,1,0,0
0.6766151130127824,0.8710406311863795,1.5221301566026326,-0.691180444079306,-0.40199490441104246,0.9955971658881752,0,1,0,1,0,1,0,1,1,0,0,0,1,1,1,0,2,2,0,0
2.0339549319156482,-1.3927076384654453,1.5221301566026326,-0.691180444079306,-0.40199490441104246,1.9625681249901703,0,1,0,1,0,1,0,1,1,0,0,1,0,0,0,1,1,0,1,1
-0.8503921832529416,-0.5220352270608973,-1.0468173435677863,-0.011497897746499092,0.4139151590872966,0.028626206786179966,1,0,0,1,1,0,0,1,1,0,0,0,1,1,0,0,1,1,0,2
-0.5110572285272252,1.2193095957481987,0.20294089975836344,-0.011497897746499092,-0.40199490441104246,0.028626206786179966,1,0,0,1,0,1,0,1,1,0,0,1,0,2,1,1,0,2,1,0
0.8462825903756406,-1.3056403973249906,0.6889579943851994,0.6681846485863079,0.4139151590872966,0.028626206786179966,1,0,0,1,0,1,0,1,1,0,1,0,0,2,0,1,0,1,2,0
0.6766151130127824,1.3063768368886535,0.20294089975836344,0.6681846485863079,0.4139151590872966,-0.9383447523158153,1,0,0,1,0,1,0,1,1,0,1,0,0,2,2,1,0,2,2,2
-0.341389751164367,0.6098389077650151,1.1749750890120354,-0.691180444079306,-0.40199490441104246,0.9955971658881752,1,0,1,0,0,1,0,1,1,0,0,1,0,1,1,0,0,1,0,0
-0.002054796438650507,-1.4797748796059,0.7583890079033189,-2.05054553674492,-1.2179049679093814,0.028626206786179966,0,1,0,1,0,1,0,1,1,0,0,1,0,1,1,0,2,1,1,0
-1.0200596606158,1.7417130425909275,1.730423197156991,-2.05054553674492,1.2298252225856356,0.028626206786179966,1,0,0,1,0,1,0,1,1,0,0,1,0,1,1,1,0,1,2,1
0.6766151130127824,-0.2608335036395329,0.3418029267946023,0.6681846485863079,-0.40199490441104246,-0.9383447523158153,1,0,0,1,1,0,0,1,0,1,0,0,1,1,2,2,0,2,0,1
1.185617545101357,-1.7409766030272644,-0.49136923542283084,0.6681846485863079,-0.40199490441104246,0.9955971658881752,1,0,1,0,1,0,0,1,0,1,1,0,0,1,2,2,1,1,0,2
-1.5290620927043745,0.17450270206274113,0.4112339403127217,0.6681846485863079,0.4139151590872966,-0.9383447523158153,1,0,0,1,1,0,0,1,1,0,0,0,1,2,2,2,0,2,0,1
0.3372801582870659,-0.08669902135862327,1.105544075493916,-0.011497897746499092,-1.2179049679093814,0.9955971658881752,0,1,0,1,0,1,0,1,0,1,0,0,1,1,1,0,0,1,1,1
-1.3593946153415164,0.7839733900459247,-1.1162483570859056,-2.05054553674492,0.4139151590872966,0.9955971658881752,0,1,0,1,0,1,0,1,1,0,1,0,0,2,0,0,0,2,0,0
-1.0200596606158,-1.2185731561845357,1.244406102530155,-1.370862990412113,-0.40199490441104246,-0.9383447523158153,0,1,1,0,0,1,0,1,1,0,1,0,0,1,1,1,1,1,0,0
0.5069476356499242,0.34863718434365076,0.20294089975836344,-0.691180444079306,0.4139151590872966,-0.9383447523158153,1,0,0,1,0,1,0,1,1,0,1,0,0,2,1,0,0,0,0,1
1.8642874545527899,0.34863718434365076,1.591561170120752,0.6681846485863079,-0.40199490441104246,0.9955971658881752,1,0,0,1,0,1,0,1,1,0,0,0,1,0,1,0,1,1,2,0
0.5069476356499242,1.567578560310018,0.06407887272212458,-0.691180444079306,1.2298252225856356,0.028626206786179966,0,1,0,1,0,1,0,1,1,0,0,0,1,1,2,0,0,2,0,0
0.6766151130127824,-0.08669902135862327,1.6609921836388715,-0.691180444079306,0.4139151590872966,0.028626206786179966,0,1,0,1,1,0,1,0,1,0,1,0,0,0,2,2,0,2,0,0
0.3372801582870659,0.5227716666245603,-1.3939724111583836,-0.691180444079306,2.861645349582314,0.028626206786179966,1,0,1,0,1,0,0,1,1,0,1,0,0,2,1,1,2,0,2,0
-0.6807247058900834,-1.3927076384654453,-0.352507208386592,-0.011497897746499092,2.861645349582314,0.9955971658881752,0,1,0,1,0,1,0,1,1,0,0,0,1,1,2,1,0,0,0,1
-0.17172227380150873,1.7417130425909275,0.9666820484576771,-0.011497897746499092,0.4139151590872966,0.028626206786179966,0,1,1,0,0,1,0,1,1,0,0,1,0,0,2,2,2,0,1,1
0.8462825903756406,0.9581078723268344,1.452699143084513,0.6681846485863079,1.2298252225856356,0.028626206786179966,1,0,0,1,0,1,0,1,1,0,0,1,0,0,1,1,1,1,0,0
-1.189727137978658,-0.8703041916227164,1.730423197156991,-0.011497897746499092,1.2298252225856356,0.028626206786179966,0,1,0,1,0,1,0,1,1,0,0,1,0,1,1,1,0,1,0,0
-0.341389751164367,1.3063768368886535,1.452699143084513,-0.011497897746499092,0.4139151590872966,0.9955971658881752,0,1,1,0,1,0,0,1,0,1,0,0,1,0,2,1,1,2,0,1
-0.8503921832529416,-1.3056403973249906,-0.21364518135035315,0.6681846485863079,0.4139151590872966,-0.9383447523158153,0,1,1,0,0,1,0,1,0,1,0,1,0,2,2,0,0,1,2,2
0.6766151130127824,1.3063768368886535,-0.6302312624590697,-0.011497897746499092,0.4139151590872966,0.028626206786179966,0,1,0,1,1,0,0,1,1,0,1,0,0,2,1,0,2,2,0,0
-0.5110572285272252,0.0003682197818315326,0.4112339403127217,-0.691180444079306,-0.40199490441104246,-1.9053157114178105,0,1,0,1,1,0,0,1,1,0,0,1,0,1,1,1,1,2,1,2
-0.002054796438650507,-0.2608335036395329,-1.324541397640264,0.6681846485863079,-0.40199490441104246,0.9955971658881752,0,1,0,1,1,0,0,1,1,0,0,0,1,0,1,1,1,2,1,1
-0.002054796438650507,-1.3056403973249906,1.730423197156991,-0.691180444079306,0.4139151590872966,1.9625681249901703,0,1,0,1,0,1,0,1,1,0,0,1,0,1,2,1,0,2,0,1
-0.6807247058900834,1.132242354607744,0.4806649538308412,-1.370862990412113,2.861645349582314,-1.9053157114178105,0,1,0,1,0,1,0,1,1,0,0,0,1,1,1,0,2,1,0,0
-1.189727137978658,-0.5220352270608973,1.591561170120752,-0.011497897746499092,-1.2179049679093814,0.028626206786179966,1,0,0,1,0,1,0,1,1,0,0,0,1,0,0,2,1,1,2,0
-1.3593946153415164,-0.5220352270608973,-0.1442141678322337,-0.011497897746499092,-0.40199490441104246,1.9625681249901703,0,1,0,1,1,0,0,1,1,0,0,1,0,2,1,1,0,1,0,0
-0.002054796438650507,0.0003682197818315326,1.6609921836388715,0.6681846485863079,-1.2179049679093814,0.028626206786179966,0,1,1,0,0,1,0,1,1,0,0,0,1,1,0,0,0,2,0,0
0.3372801582870659,-0.609102468201352,-1.1856793706040252,-1.370862990412113,2.045735286083975,0.028626206786179966,1,0,0,1,0,1,0,1,0,1,0,0,1,1,0,1,0,1,1,0
-0.5110572285272252,-1.3927076384654453,-0.1442141678322337,-0.011497897746499092,-0.40199490441104246,0.9955971658881752,0,1,0,1,1,0,0,1,1,0,0,1,0,1,0,2,0,1,1,0
-0.5110572285272252,-1.3927076384654453,-0.4219382219047114,-0.011497897746499092,-0.40199490441104246,0.028626206786179966,1,0,0,1,1,0,0,1,1,0,1,0,0,0,2,1,1,1,0,0
-0.6807247058900834,-0.34790074477998767,-1.324541397640264,0.6681846485863079,-0.40199490441104246,-1.9053157114178105,0,1,0,1,0,1,1,0,1,0,0,0,1,0,2,1,0,1,0,0
0.16761268092420772,1.567578560310018,-0.6302312624590697,-1.370862990412113,1.2298252225856356,1.9625681249901703,0,1,0,1,1,0,0,1,1,0,0,0,1,2,1,0,2,2,0,0
0.3372801582870659,0.17450270206274113,0.27237191327648286,0.6681846485863079,0.4139151590872966,-1.9053157114178105,1,0,0,1,1,0,1,0,1,0,1,0,0,2,2,1,1,1,1,0
1.3552850224642152,1.4805113191695631,1.244406102530155,1.3478671949191148,1.2298252225856356,0.028626206786179966,1,0,0,1,1,0,0,1,1,0,0,1,0,1,1,0,1,2,0,0
0.5069476356499242,0.17450270206274113,-1.4634034246765029,0.6681846485863079,-1.2179049679093814,-1.9053157114178105,1,0,0,1,0,1,0,1,1,0,1,0,0,0,1,1,1,2,0,0
-0.341389751164367,1.4805113191695631,0.133509886240244,-0.011497897746499092,2.045735286083975,0.9955971658881752,0,1,1,0,0,1,0,1,1,0,0,1,0,0,0,1,0,0,2,0
1.5249524998270736,-0.2608335036395329,-0.6996622759771891,0.6681846485863079,-0.40199490441104246,0.028626206786179966,0,1,0,1,0,1,0,1,1,0,0,1,0,1,1,1,1,1,0,0
-0.5110572285272252,1.4805113191695631,0.9666820484576771,0.6681846485863079,-0.40199490441104246,0.9955971658881752,0,1,0,1,0,1,0,1,1,0,0,1,0,2,0,1,0,1,1,0
-0.17172227380150873,-1.3056403973249906,-1.0468173435677863,1.3478671949191148,-0.40199490441104246,0.028626206786179966,0,1,0,1,0,1,0,1,1,0,0,1,0,1,2,0,0,1,2,1
-0.002054796438650507,-1.7409766030272644,-0.352507208386592,-0.691180444079306,0.4139151590872966,0.028626206786179966,1,0,0,1,0,1,0,1,0,1,0,1,0,1,1,1,0,1,2,0
1.185617545101357,1.045175113467289,0.5500959673489606,-0.011497897746499092,0.4139151590872966,0.9955971658881752,1,0,0,1,0,1,0,1,0,1,0,0,1,0,1,0,0,1,1,1
-0.341389751164367,0.9581078723268344,0.7583890079033189,0.6681846485863079,-0.40199490441104246,0.9955971658881752,0,1,0,1,1,0,0,1,0,1,0,1,0,2,1,2,1,1,0,1
-2.2077320021558076,-0.5220352270608973,-0.4219382219047114,2.0275497412519217,-0.40199490441104246,0.9955971658881752,0,1,0,1,1,0,0,1,1,0,0,0,1,2,1,2,2,1,0,0
0.5069476356499242,-1.044438673903626,0.4112339403127217,-1.370862990412113,-0.40199490441104246,-0.9383447523158153,0,1,0,1,0,1,0,1,1,0,0,1,0,0,1,0,0,0,2,0
-0.17172227380150873,-0.08669902135862327,-1.3939724111583836,0.6681846485863079,1.2298252225856356,0.9955971658881752,0,1,1,0,0,1,0,1,0,1,0,1,0,1,2,1,1,1,2,0
-0.5110572285272252,-1.7409766030272644,0.7583890079033189,1.3478671949191148,-1.2179049679093814,-0.9383447523158153,0,1,0,1,0,1,0,1,1,0,0,0,1,2,1,1,0,2,0,0
-1.0200596606158,-0.8703041916227164,0.8972510349395577,1.3478671949191148,-1.2179049679093814,0.9955971658881752,1,0,1,0,0,1,0,1,1,0,0,0,1,1,1,0,2,1,1,1
-1.0200596606158,1.132242354607744,-0.005352140795994853,-1.370862990412113,-1.2179049679093814,0.028626206786179966,0,1,0,1,0,1,0,1,1,0,1,0,0,1,0,0,1,2,0,1
-1.5290620927043745,1.2193095957481987,1.1749750890120354,0.6681846485863079,-1.2179049679093814,0.9955971658881752,1,0,0,1,0,1,0,1,1,0,0,1,0,0,2,2,1,1,0,0
0.16761268092420772,-0.34790074477998767,1.452699143084513,1.3478671949191148,-0.40199490441104246,1.9625681249901703,0,1,0,1,0,1,0,1,1,0,1,0,0,0,1,1,0,0,0,0
-0.5110572285272252,0.08743546092228634,1.730423197156991,-2.05054553674492,0.4139151590872966,-0.9383447523158153,0,1,1,0,0,1,0,1,1,0,0,1,0,1,1,0,1,2,1,0
0.5069476356499242,-0.5220352270608973,0.06407887272212458,-0.691180444079306,-1.2179049679093814,0.9955971658881752,0,1,1,0,0,1,0,1,1,0,1,0,0,1,2,1,1,2,0,0
-0.002054796438650507,1.567578560310018,1.0361130619757966,-0.011497897746499092,0.4139151590872966,0.9955971658881752,0,1,0,1,0,1,0,1,1,0,0,0,1,1,2,1,1,1,0,0
-0.5110572285272252,1.045175113467289,1.0361130619757966,0.6681846485863079,-0.40199490441104246,0.028626206786179966,0,1,0,1,0,1,0,1,1,0,1,0,0,1,0,2,2,0,0,0
-1.3593946153415164,0.26156994320319593,0.6889579943851994,-1.370862990412113,0.4139151590872966,-0.9383447523158153,0,1,1,0,0,1,0,1,1,0,1,0,0,2,1,1,0,2,1,0
0.5069476356499242,-1.2185731561845357,-0.1442141678322337,0.6681846485863079,0.4139151590872966,-0.9383447523158153,1,0,0,1,0,1,0,1,1,0,0,0,1,1,0,2,2,1,1,0
0.16761268092420772,-0.34790074477998767,-1.7411274787489806,-0.691180444079306,0.4139151590872966,0.9955971658881752,1,0,0,1,1,0,0,1,1,0,1,0,0,0,1,0,0,1,2,1
1.015950067738499,-0.34790074477998767,1.3832681295663938,-0.011497897746499092,-0.40199490441104246,-1.9053157114178105,0,1,0,1,1,0,0,1,1,0,0,1,0,0,0,2,0,2,2,0
-1.6987295700672327,-1.566842120746355,0.8278200214214383,-0.691180444079306,0.4139151590872966,0.028626206786179966,0,1,0,1,1,0,0,1,1,0,0,1,0,1,1,2,0,2,0,0
-0.341389751164367,0.43570442548410554,-1.324541397640264,-0.011497897746499092,-1.2179049679093814,0.9955971658881752,0,1,1,0,1,0,0,1,1,0,0,0,1,0,1,0,0,1,0,1
-0.002054796438650507,-0.9573714327631713,1.6609921836388715,0.6681846485863079,-0.40199490441104246,0.028626206786179966,1,0,0,1,0,1,0,1,0,1,1,0,0,1,0,2,1,2,0,1
1.6946199771899317,0.5227716666245603,-1.6022654517127417,0.6681846485863079,0.4139151590872966,-0.9383447523158153,1,0,0,1,0,1,0,1,0,1,1,0,0,1,0,1,1,1,1,1
0.3372801582870659,0.17450270206274113,0.20294089975836344,-0.691180444079306,1.2298252225856356,0.028626206786179966,0,1,0,1,1,0,0,1,1,0,0,1,0,0,2,1,1,2,0,1
0.3372801582870659,1.045175113467289,-0.21364518135035315,1.3478671949191148,-0.40199490441104246,0.9955971658881752,0,1,0,1,1,0,0,1,0,1,0,1,0,2,2,0,0,2,2,0
0.6766151130127824,-0.2608335036395329,-1.5328344381946224,2.0275497412519217,0.4139151590872966,0.9955971658881752,0,1,0,1,0,1,0,1,1,0,0,1,0,1,1,2,2,1,1,1
-0.002054796438650507,0.6098389077650151,-0.005352140795994853,-0.011497897746499092,-0.40199490441104246,0.028626206786179966,0,1,0,1,0,1,0,1,1,0,1,0,0,0,1,2,0,1,2,0
-0.5110572285272252,0.6098389077650151,-0.2830761948684726,1.3478671949191148,0.4139151590872966,0.028626206786179966,1,0,0,1,0,1,0,1,1,0,0,1,0,0,0,1,0,1,1,1
1.8642874545527899,1.6546458014504728,-1.2551103841221445,-2.05054553674492,-0.40199490441104246,-0.9383447523158153,1,0,0,1,0,1,0,1,1,0,0,1,0,1,0,2,2,2,2,1
0.3372801582870659,-1.4797748796059,1.5221301566026326,0.6681846485863079,2.861645349582314,0.028626206786179966,0,1,1,0,0,1,0,1,1,0,0,1,0,1,2,2,1,1,0,0
-1.868397047430091,1.4805113191695631,-0.49136923542283084,-0.691180444079306,2.861645349582314,0.028626206786179966,0,1,1,0,1,0,0,1,1,0,0,1,0,2,1,0,1,1,1,0
1.3552850224642152,0.9581078723268344,1.0361130619757966,-0.011497897746499092,0.4139151590872966,0.028626206786179966,0,1,1,0,1,0,0,1,1,0,0,1,0,0,1,1,2,0,0,0
-0.8503921832529416,0.9581078723268344,-0.9773863300496669,-0.691180444079306,-0.40199490441104246,-0.9383447523158153,0,1,0,1,1,0,1,0,1,0,0,0,1,1,1,1,1,2,0,1
-0.17172227380150873,0.08743546092228634,-1.324541397640264,2.0275497412519217,-0.40199490441104246,0.028626206786179966,0,1,0,1,0,1,0,1,1,0,0,0,1,1,0,0,1,2,0,0
-0.8503921832529416,0.34863718434365076,1.1749750890120354,-2.05054553674492,0.4139151590872966,0.028626206786179966,1,0,0,1,1,0,0,1,1,0,1,0,0,1,1,0,1,1,0,1
-0.17172227380150873,-0.2608335036395329,-1.3939724111583836,-2.05054553674492,-1.2179049679093814,0.9955971658881752,0,1,0,1,0,1,0,1,1,0,0,0,1,0,1,1,1,0,1,1
-1.868397047430091,-1.3927076384654453,1.6609921836388715,-0.691180444079306,3.677555413080653,2.929539084092166,0,1,0,1,0,1,0,1,0,1,0,0,1,1,2,1,0,2,0,1
-1.189727137978658,-0.609102468201352,-1.1162483570859056,1.3478671949191148,-1.2179049679093814,0.9955971658881752,0,1,0,1,1,0,0,1,1,0,0,1,0,1,0,1,1,2,2,0
0.16761268092420772,1.4805113191695631,0.3418029267946023,-0.691180444079306,0.4139151590872966,0.9955971658881752,0,1,1,0,0,1,0,1,1,0,0,0,1,1,1,0,1,1,1,0
0.16761268092420772,1.132242354607744,0.3418029267946023,-0.011497897746499092,1.2298252225856356,-1.9053157114178105,0,1,0,1,0,1,0,1,1,0,0,1,0,1,0,1,2,1,0,1
0.6766151130127824,1.045175113467289,-1.3939724111583836,-1.370862990412113,-0.40199490441104246,0.9955971658881752,0,1,0,1,0,1,1,0,1,0,0,1,0,1,1,1,1,1,1,0
0.16761268092420772,0.43570442548410554,1.244406102530155,-0.011497897746499092,-1.2179049679093814,0.9955971658881752,0,1,0,1,0,1,0,1,1,0,0,1,0,2,1,1,2,1,0,1
-0.5110572285272252,1.2193095957481987,-0.005352140795994853,-0.011497897746499092,-0.40199490441104246,0.028626206786179966,0,1,0,1,0,1,0,1,1,0,0,0,1,1,1,1,0,2,2,1
1.6946199771899317,0.43570442548410554,1.452699143084513,-0.691180444079306,-0.40199490441104246,0.9955971658881752,1,0,1,0,0,1,0,1,1,0,0,1,0,1,1,0,1,1,0,0
-0.6807247058900834,-0.34790074477998767,0.27237191327648286,-1.370862990412113,-1.2179049679093814,0.9955971658881752,1,0,0,1,0,1,0,1,1,0,0,0,1,0,1,1,0,2,2,1
-1.3593946153415164,-1.3927076384654453,-0.5608002489409503,-1.370862990412113,1.2298252225856356,-0.9383447523158153,0,1,1,0,1,0,0,1,0,1,0,0,1,1,0,1,0,1,0,0
2.2036224092785064,-0.6961697093418069,0.5500959673489606,0.6681846485863079,1.2298252225856356,0.9955971658881752,0,1,1,0,1,0,0,1,1,0,0,1,0,2,1,0,0,2,0,0
1.6946199771899317,-1.4797748796059,1.5221301566026326,0.6681846485863079,-0.40199490441104246,0.028626206786179966,1,0,0,1,1,0,0,1,1,0,0,1,0,2,2,1,0,2,0,0
-2.0380645247929494,1.567578560310018,-1.0468173435677863,-0.011497897746499092,-0.40199490441104246,0.028626206786179966,1,0,1,0,0,1,0,1,1,0,1,0,0,0,1,1,2,2,2,0
0.6766151130127824,0.0003682197818315326,-0.9079553165315475,1.3478671949191148,1.2298252225856356,0.028626206786179966,0,1,0,1,0,1,0,1,1,0,0,1,0,0,2,2,2,0,0,1
-0.341389751164367,1.2193095957481987,-0.4219382219047114,-0.011497897746499092,-0.40199490441104246,-0.9383447523158153,1,0,0,1,0,1,0,1,1,0,0,0,1,1,1,1,1,2,0,2
-1.189727137978658,0.43570442548410554,0.9666820484576771,-0.691180444079306,-1.2179049679093814,-1.9053157114178105,0,1,1,0,1,0,0,1,0,1,0,1,0,2,1,1,2,1,0,0
-0.17172227380150873,-0.7832369504822617,1.6609921836388715,-0.011497897746499092,-1.2179049679093814,0.9955971658881752,1,0,0,1,0,1,0,1,1,0,1,0,0,2,1,0,0,2,0,1
0.16761268092420772,-0.8703041916227164,0.20294089975836344,-0.691180444079306,1.2298252225856356,-0.9383447523158153,0,1,0,1,1,0,0,1,1,0,0,1,0,1,2,1,1,0,1,2
1.185617545101357,0.6098389077650151,-1.324541397640264,-0.691180444079306,-1.2179049679093814,-0.9383447523158153,0,1,0,1,1,0,0,1,1,0,0,1,0,2,0,1,0,2,0,1
-1.0200596606158,-0.7832369504822617,0.9666820484576771,0.6681846485863079,-1.2179049679093814,0.028626206786179966,1,0,0,1,0,1,0,1,1,0,0,1,0,2,2,1,1,1,2,0
1.3552850224642152,1.045175113467289,-0.4219382219047114,2.0275497412519217,2.045735286083975,0.9955971658881752,1,0,0,1,1,0,0,1,1,0,0,1,0,0,1,1,0,1,0,1
0.8462825903756406,-1.3056403973249906,0.9666820484576771,1.3478671949191148,0.4139151590872966,0.028626206786179966,1,0,0,1,0,1,0,1,1,0,0,1,0,0,1,1,1,2,0,0
-0.341389751164367,0.17450270206274113,-0.5608002489409503,-0.691180444079306,-0.40199490441104246,0.028626206786179966,0,1,1,0,0,1,0,1,1,0,0,0,1,0,1,0,2,0,2,1
-0.6807247058900834,0.7839733900459247,1.452699143084513,1.3478671949191148,0.4139151590872966,0.028626206786179966,0,1,0,1,1,0,0,1,1,0,0,0,1,2,1,1,1,0,1,2
0.6766151130127824,1.6546458014504728,-0.4219382219047114,-0.011497897746499092,-1.2179049679093814,0.028626206786179966,0,1,1,0,0,1,0,1,1,0,0,0,1,2,1,1,1,1,0,0
-0.5110572285272252,-1.3927076384654453,-0.8385243030134281,2.0275497412519217,-1.2179049679093814,0.028626206786179966,1,0,0,1,0,1,0,1,1,0,0,0,1,2,0,1,2,1,0,1
-0.17172227380150873,0.8710406311863795,-1.6716964652308612,-0.691180444079306,-0.40199490441104246,0.028626206786179966,0,1,0,1,0,1,0,1,0,1,1,0,0,0,0,2,0,1,2,0
-0.341389751164367,-1.3056403973249906,-0.7690932894953085,-0.011497897746499092,0.4139151590872966,-1.9053157114178105,0,1,0,1,0,1,0,1,1,0,0,0,1,2,1,1,2,1,0,0
0.3372801582870659,-0.34790074477998767,0.8278200214214383,1.3478671949191148,0.4139151590872966,0.028626206786179966,1,0,0,1,1,0,0,1,0,1,0,1,0,1,0,0,0,2,1,0
0.6766151130127824,1.6546458014504728,-1.5328344381946224,0.6681846485863079,-0.40199490441104246,0.028626206786179966,0,1,1,0,1,0,0,1,0,1,0,1,0,2,1,2,0,1,0,0
-0.341389751164367,0.34863718434365076,-0.6996622759771891,-0.011497897746499092,0.4139151590872966,0.028626206786179966,1,0,0,1,0,1,0,1,1,0,1,0,0,1,1,1,1,1,0,0
1.8642874545527899,1.132242354607744,0.3418029267946023,-0.691180444079306,1.2298252225856356,-0.9383447523158153,0,1,0,1,1,0,0,1,1,0,0,1,0,2,1,1,1,1,0,0
-1.0200596606158,0.17450270206274113,1.452699143084513,-2.05054553674492,0.4139151590872966,0.9955971658881752,0,1,1,0,1,0,0,1,0,1,1,0,0,2,1,0,2,1,0,0
-0.8503921832529416,-0.34790074477998767,0.4112339403127217,0.6681846485863079,0.4139151590872966,0.9955971658881752,1,0,1,0,0,1,0,1,1,0,0,1,0,1,2,1,0,1,2,1
0.6766151130127824,-0.4349679859204425,1.591561170120752,-1.370862990412113,-0.40199490441104246,0.028626206786179966,0,1,0,1,1,0,0,1,1,0,0,0,1,0,1,2,0,1,0,0
-0.341389751164367,-1.3927076384654453,-1.2551103841221445,-0.011497897746499092,-0.40199490441104246,0.028626206786179966,0,1,0,1,0,1,0,1,1,0,0,1,0,0,1,1,2,1,0,1
2.2036224092785064,-0.9573714327631713,0.5500959673489606,-0.011497897746499092,0.4139151590872966,-0.9383447523158153,0,1,0,1,0,1,0,1,1,0,0,1,0,1,2,1,1,0,2,0
-0.002054796438650507,-0.08669902135862327,0.6889579943851994,-0.011497897746499092,0.4139151590872966,-0.9383447523158153,0,1,0,1,0,1,0,1,1,0,0,1,0,2,2,0,1,1,1,1
0.3372801582870659,-1.3056403973249906,0.6889579943851994,-0.691180444079306,0.4139151590872966,0.028626206786179966,1,0,0,1,0,1,0,1,0,1,0,0,1,0,2,1,2,1,2,0
0.6766151130127824,1.3063768368886535,-0.2830761948684726,-0.011497897746499092,-0.40199490441104246,0.028626206786179966,0,1,0,1,0,1,0,1,1,0,0,0,1,1,2,2,1,2,0,0
1.185617545101357,1.045175113467289,-1.5328344381946224,1.3478671949191148,0.4139151590872966,-0.9383447523158153,0,1,0,1,0,1,0,1,1,0,1,0,0,0,1,0,0,1,1,2
0.5069476356499242,1.6546458014504728,-0.49136923542283084,-0.691180444079306,-0.40199490441104246,0.028626206786179966,0,1,0,1,0,1,0,1,0,1,0,1,0,0,0,2,1,1,1,2
-0.6807247058900834,-1.2185731561845357,-1.6022654517127417,1.3478671949191148,-0.40199490441104246,0.028626206786179966,0,1,0,1,0,1,0,1,0,1,1,0,0,0,1,1,1,0,0,0
0.16761268092420772,-0.2608335036395329,0.8278200214214383,2.0275497412519217,-0.40199490441104246,0.028626206786179966,0,1,0,1,1,0,0,1,1,0,0,1,0,2,1,0,0,1,1,0
-2.547066956881524,-1.566842120746355,-0.2830761948684726,-0.011497897746499092,-0.40199490441104246,0.9955971658881752,0,1,1,0,1,0,0,1,1,0,0,0,1,2,2,0,0,1,1,2
0.16761268092420772,-0.17376626249907806,-0.21364518135035315,-2.05054553674492,-0.40199490441104246,0.9955971658881752,0,1,0,1,1,0,0,1,1,0,0,1,0,1,1,1,1,2,2,0
1.185617545101357,1.3063768368886535,-0.6302312624590697,-1.370862990412113,1.2298252225856356,0.9955971658881752,0,1,0,1,1,0,0,1,1,0,0,1,0,1,1,0,1,1,0,0
1.5249524998270736,-0.2608335036395329,1.105544075493916,2.0275497412519217,0.4139151590872966,0.9955971658881752,1,0,0,1,0,1,0,1,1,0,1,0,0,1,0,2,0,1,2,0
-1.3593946153415164,-1.3056403973249906,-0.7690932894953085,-0.691180444079306,-0.40199490441104246,0.028626206786179966,1,0,0,1,0,1,0,1,1,0,0,0,1,0,1,1,1,1,1,0
-0.341389751164367,0.9581078723268344,0.4806649538308412,0.6681846485863079,1.2298252225856356,-0.9383447523158153,0,1,1,0,1,0,0,1,1,0,0,0,1,1,2,1,1,1,0,1
1.6946199771899317,0.9581078723268344,-0.4219382219047114,-0.691180444079306,0.4139151590872966,0.9955971658881752,1,0,0,1,0,1,0,1,1,0,1,0,0,2,0,1,1,2,0,1
-0.6807247058900834,0.5227716666245603,-0.8385243030134281,0.6681846485863079,0.4139151590872966,0.9955971658881752,0,1,0,1,0,1,0,1,1,0,0,0,1,0,1,1,1,1,0,0
-0.17172227380150873,1.4805113191695631,-1.6716964652308612,2.0275497412519217,1.2298252225856356,0.9955971658881752,1,0,0,1,0,1,0,1,1,0,0,1,0,1,0,2,0,2,1,2
-1.0200596606158,-0.4349679859204425,-1.6022654517127417,0.6681846485863079,1.2298252225856356,-1.9053157114178105,0,1,0,1,1,0,0,1,1,0,0,1,0,2,1,1,1,1,2,0
1.185617545101357,0.5227716666245603,-0.21364518135035315,-0.011497897746499092,-0.40199490441104246,0.9955971658881752,0,1,0,1,1,0,0,1,1,0,0,0,1,1,1,0,1,2,0,2
2.0339549319156482,-1.2185731561845357,0.133509886240244,2.0275497412519217,1.2298252225856356,-1.9053157114178105,0,1,0,1,0,1,0,1,1,0,0,1,0,2,2,2,1,1,1,0
0.8462825903756406,-1.131505915044081,-0.7690932894953085,-0.691180444079306,-1.2179049679093814,-0.9383447523158153,0,1,0,1,0,1,1,0,1,0,0,1,0,1,2,1,0,1,0,1
-0.17172227380150873,-0.08669902135862327,1.1749750890120354,0.6681846485863079,-0.40199490441104246,-0.9383447523158153,0,1,0,1,1,0,0,1,1,0,0,0,1,1,1,2,1,2,0,0
-0.8503921832529416,1.045175113467289,0.61952698086708,-1.370862990412113,-1.2179049679093814,1.9625681249901703,1,0,0,1,0,1,0,1,1,0,0,0,1,1,2,1,2,0,0,1
-0.5110572285272252,-0.4349679859204425,0.4112339403127217,0.6681846485863079,1.2298252225856356,0.028626206786179966,0,1,0,1,0,1,0,1,0,1,0,1,0,2,1,0,2,1,2,0
1.015950067738499,-0.9573714327631713,0.61952698086708,-0.011497897746499092,-1.2179049679093814,0.028626206786179966,0,1,1,0,0,1,0,1,0,1,0,1,0,0,0,1,1,1,0,1
2.2036224092785064,0.5227716666245603,0.3418029267946023,-0.011497897746499092,-1.2179049679093814,0.028626206786179966,1,0,0,1,0,1,0,1,1,0,0,1,0,0,1,1,0,2,2,0
-0.002054796438650507,-0.6961697093418069,0.9666820484576771,-0.691180444079306,-0.40199490441104246,0.028626206786179966,0,1,1,0,0,1,0,1,1,0,1,0,0,1,0,0,0,1,0,2
-0.5110572285272252,-1.6539093618868097,-0.8385243030134281,-0.011497897746499092,-0.40199490441104246,0.9955971658881752,1,0,0,1,1,0,0,1,1,0,0,0,1,2,1,0,1,1,1,1
0.8462825903756406,1.2193095957481987,0.06407887272212458,-0.011497897746499092,-0.40199490441104246,-0.9383447523158153,1,0,1,0,0,1,0,1,0,1,0,1,0,1,0,1,0,2,0,1
1.185617545101357,-1.566842120746355,-0.005352140795994853,-1.370862990412113,0.4139151590872966,-0.9383447523158153,0,1,0,1,1,0,0,1,1,0,0,0,1,2,1,1,1,2,0,0
0.5069476356499242,-1.2185731561845357,1.244406102530155,-0.011497897746499092,-0.40199490441104246,-1.9053157114178105,1,0,0,1,0,1,0,1,1,0,0,0,1,1,2,2,2,2,0,0
-0.341389751164367,-0.4349679859204425,0.5500959673489606,1.3478671949191148,0.4139151590872966,0.9955971658881752,1,0,0,1,0,1,0,1,0,1,0,0,1,2,1,1,0,1,2,1
-0.6807247058900834,-0.17376626249907806,1.0361130619757966,1.3478671949191148,1.2298252225856356,0.028626206786179966,0,1,0,1,1,0,0,1,1,0,1,0,0,0,2,1,0,1,2,1
-2.0380645247929494,0.7839733900459247,0.4112339403127217,-0.011497897746499092,2.045735286083975,0.028626206786179966,0,1,0,1,0,1,0,1,1,0,0,1,0,1,2,0,0,1,1,0
1.185617545101357,1.3934440780291084,0.61952698086708,-0.011497897746499092,-0.40199490441104246,0.028626206786179966,0,1,0,1,0,1,0,1,1,0,0,1,0,2,0,1,2,1,1,0
0.16761268092420772,0.8710406311863795,-0.352507208386592,-0.011497897746499092,0.4139151590872966,-0.9383447523158153,1,0,0,1,1,0,0,1,1,0,1,0,0,1,0,1,0,1,2,0
-0.002054796438650507,0.34863718434365076,1.452699143084513,-1.370862990412113,-0.40199490441104246,-0.9383447523158153,0,1,0,1,1,0,0,1,1,0,1,0,0,0,1,0,0,1,0,0
1.6946199771899317,-0.8703041916227164,0.5500959673489606,1.3478671949191148,-0.40199490441104246,-0.9383447523158153,1,0,1,0,0,1,0,1,1,0,0,1,0,1,2,1,2,1,2,0
-0.8503921832529416,-0.17376626249907806,-1.2551103841221445,-2.05054553674492,0.4139151590872966,-0.9383447523158153,1,0,0,1,1,0,0,1,1,0,1,0,0,1,2,2,1,2,0,0
0.3372801582870659,-1.6539093618868097,1.5221301566026326,-0.691180444079306,-1.2179049679093814,-0.9383447523158153,0,1,0,1,0,1,0,1,0,1,1,0,0,1,1,2,0,2,0,0
-0.5110572285272252,1.132242354607744,0.8278200214214383,0.6681846485863079,0.4139151590872966,0.028626206786179966,0,1,1,0,1,0,0,1,1,0,1,0,0,1,1,0,2,2,1,1
0.8462825903756406,-0.34790074477998767,0.8972510349395577,-0.691180444079306,-0.40199490441104246,0.028626206786179966,0,1,1,0,0,1,0,1,1,0,1,0,0,1,0,0,1,1,1,2
-0.6807247058900834,0.34863718434365076,-0.005352140795994853,-0.011497897746499092,0.4139151590872966,0.028626206786179966,1,0,0,1,1,0,0,1,1,0,1,0,0,0,1,2,1,1,0,0
-1.3593946153415164,-0.5220352270608973,-0.6302312624590697,0.6681846485863079,-0.40199490441104246,-0.9383447523158153,0,1,0,1,0,1,0,1,1,0,0,0,1,2,0,0,0,1,0,0
-2.0380645247929494,-1.3056403973249906,0.5500959673489606,-0.011497897746499092,1.2298252225856356,0.9955971658881752,1,0,0,1,1,0,0,1,1,0,1,0,0,1,1,0,1,1,0,0
0.8462825903756406,-1.7409766030272644,-0.2830761948684726,-0.691180444079306,0.4139151590872966,-0.9383447523158153,0,1,0,1,1,0,0,1,1,0,0,0,1,1,0,0,2,1,0,0
-1.5290620927043745,0.7839733900459247,-0.4219382219047114,1.3478671949191148,-0.40199490441104246,0.028626206786179966,0,1,0,1,1,0,0,1,1,0,0,1,0,0,2,0,0,0,0,0
0.5069476356499242,0.7839733900459247,0.4806649538308412,-0.011497897746499092,0.4139151590872966,-1.9053157114178105,0,1,0,1,1,0,0,1,1,0,0,0,1,1,0,1,2,2,1,0
0.6766151130127824,-0.4349679859204425,-1.6716964652308612,-0.691180444079306,-0.40199490441104246,0.028626206786179966,0,1,0,1,0,1,1,0,1,0,1,0,0,2,2,2,1,2,0,0
-0.6807247058900834,-1.2185731561845357,-1.5328344381946224,-0.011497897746499092,0.4139151590872966,-0.9383447523158153,0,1,0,1,0,1,0,1,1,0,1,0,0,1,1,2,1,1,2,1
1.185617545101357,-0.609102468201352,0.3418029267946023,0.6681846485863079,1.2298252225856356,0.028626206786179966,1,0,1,0,1,0,0,1,1,0,1,0,0,1,1,0,1,1,0,0
-0.8503921832529416,0.7839733900459247,-0.2830761948684726,-0.691180444079306,-0.40199490441104246,0.9955971658881752,1,0,0,1,0,1,0,1,1,0,0,0,1,1,1,1,1,2,0,0
1.6946199771899317,-1.131505915044081,1.3138371160482742,0.6681846485863079,-0.40199490441104246,-0.9383447523158153,1,0,0,1,0,1,0,1,1,0,0,1,0,1,1,1,1,1,1,0
0.6766151130127824,-0.9573714327631713,-1.3939724111583836,-0.011497897746499092,1.2298252225856356,0.9955971658881752,0,1,0,1,0,1,0,1,1,0,0,1,0,1,2,0,1,2,0,0
-0.002054796438650507,0.0003682197818315326,0.61952698086708,2.0275497412519217,-0.40199490441104246,0.9955971658881752,0,1,0,1,1,0,0,1,1,0,0,0,1,1,1,1,1,1,1,0
0.6766151130127824,0.5227716666245603,-1.4634034246765029,-0.011497897746499092,-1.2179049679093814,-0.9383447523158153,0,1,0,1,0,1,0,1,1,0,0,1,0,2,0,1,0,2,1,0
-1.3593946153415164,1.2193095957481987,-0.49136923542283084,-1.370862990412113,-0.40199490441104246,-0.9383447523158153,0,1,0,1,1,0,0,1,1,0,0,1,0,2,2,2,2,1,0,0
-0.002054796438650507,0.26156994320319593,-0.49136923542283084,-0.011497897746499092,-0.40199490441104246,-1.9053157114178105,1,0,0,1,0,1,0,1,1,0,0,0,1,1,1,2,1,1,0,0
-0.5110572285272252,-1.131505915044081,1.5221301566026326,1.3478671949191148,-0.40199490441104246,0.028626206786179966,1,0,0,1,1,0,0,1,1,0,0,1,0,1,1,1,1,0,2,1
1.015950067738499,0.5227716666245603,1.105544075493916,1.3478671949191148,1.2298252225856356,0.028626206786179966,1,0,0,1,0,1,0,1,0,1,0,1,0,1,2,1,2,1,0,0
-0.341389751164367,-1.2185731561845357,-0.49136923542283084,-0.691180444079306,-0.40199490441104246,0.028626206786179966,0,1,0,1,0,1,1,0,0,1,0,0,1,2,1,0,1,2,0,2
-0.002054796438650507,0.5227716666245603,-1.5328344381946224,-0.011497897746499092,-0.40199490441104246,-0.9383447523158153,0,1,0,1,0,1,0,1,1,0,1,0,0,1,0,1,0,2,0,0
1.5249524998270736,0.7839733900459247,0.9666820484576771,0.6681846485863079,-0.40199490441104246,0.9955971658881752,0,1,1,0,0,1,0,1,1,0,0,1,0,1,0,0,1,2,0,1
-0.002054796438650507,-0.7832369504822617,-0.6996622759771891,-0.011497897746499092,0.4139151590872966,0.9955971658881752,1,0,0,1,0,1,1,0,1,0,1,0,0,1,1,1,1,1,0,1
-1.0200596606158,-0.08669902135862327,1.244406102530155,2.0275497412519217,0.4139151590872966,0.028626206786179966,0,1,0,1,0,1,0,1,1,0,0,1,0,2,1,1,1,1,1,0
-0.6807247058900834,1.132242354607744,0.133509886240244,-0.691180444079306,0.4139151590872966,-1.9053157114178105,0,1,0,1,1,0,0,1,1,0,1,0,0,0,2,2,0,1,0,1
-0.002054796438650507,-1.566842120746355,1.591561170120752,-0.691180444079306,-1.2179049679093814,0.028626206786179966,0,1,0,1,0,1,0,1,1,0,0,1,0,2,1,2,2,2,2,0
0.6766151130127824,-0.7832369504822617,-1.3939724111583836,-0.011497897746499092,0.4139151590872966,0.028626206786179966,0,1,0,1,0,1,0,1,1,0,0,0,1,1,2,0,2,1,1,2
-1.5290620927043745,1.2193095957481987,-0.6302312624590697,1.3478671949191148,0.4139151590872966,-0.9383447523158153,0,1,1,0,1,0,1,0,1,0,0,0,1,1,1,1,0,2,0,1
-0.002054796438650507,-1.3056403973249906,-0.07478315431411428,-0.691180444079306,-1.2179049679093814,0.028626206786179966,0,1,1,0,1,0,0,1,1,0,0,0,1,1,0,0,1,1,1,1
1.185617545101357,1.7417130425909275,0.20294089975836344,-0.011497897746499092,0.4139151590872966,-0.9383447523158153,0,1,0,1,0,1,0,1,1,0,1,0,0,0,0,0,1,1,0,0
0.16761268092420772,-0.08669902135862327,-0.7690932894953085,-2.05054553674492,-1.2179049679093814,0.9955971658881752,0,1,0,1,1,0,0,1,1,0,1,0,0,2,1,0,0,2,1,1
-0.8503921832529416,1.7417130425909275,-0.07478315431411428,2.0275497412519217,0.4139151590872966,1.9625681249901703,0,1,0,1,1,0,0,1,1,0,1,0,0,1,0,1,1,1,0,2
-0.17172227380150873,-0.17376626249907806,0.20294089975836344,1.3478671949191148,0.4139151590872966,-0.9383447523158153,1,0,0,1,0,1,0,1,1,0,1,0,0,0,2,1,0,2,1,0
1.185617545101357,0.9581078723268344,-0.352507208386592,0.6681846485863079,-0.40199490441104246,2.929539084092166,1,0,0,1,0,1,0,1,1,0,0,1,0,0,2,0,1,0,0,1
-0.002054796438650507,-0.2608335036395329,1.591561170120752,-1.370862990412113,0.4139151590872966,-0.9383447523158153,1,0,1,0,1,0,0,1,1,0,0,1,0,1,1,0,0,2,2,2
-0.8503921832529416,-0.2608335036395329,0.20294089975836344,-0.011497897746499092,-1.2179049679093814,0.028626206786179966,0,1,0,1,0,1,0,1,1,0,0,1,0,1,2,1,0,2,0,1
-0.002054796438650507,0.26156994320319593,1.3138371160482742,-0.691180444079306,-0.40199490441104246,-0.9383447523158153,0,1,0,1,0,1,0,1,1,0,0,1,0,2,0,1,0,1,0,0
-0.002054796438650507,0.26156994320319593,0.9666820484576771,-0.011497897746499092,1.2298252225856356,0.9955971658881752,1,0,1,0,1,0,0,1,1,0,1,0,0,2,1,1,0,2,0,0
0.16761268092420772,0.5227716666245603,-1.2551103841221445,-1.370862990412113,-0.40199490441104246,0.028626206786179966,0,1,1,0,1,0,0,1,1,0,1,0,0,2,2,1,0,1,0,0
-0.5110572285272252,0.26156994320319593,-1.6716964652308612,0.6681846485863079,-1.2179049679093814,0.9955971658881752,0,1,0,1,1,0,0,1,1,0,1,0,0,1,2,0,0,1,0,1
-0.8503921832529416,-1.131505915044081,-0.005352140795994853,0.6681846485863079,-1.2179049679093814,0.9955971658881752,1,0,0,1,1,0,0,1,1,0,1,0,0,1,1,1,2,2,2,0
0.16761268092420772,-1.044438673903626,0.6889579943851994,-1.370862990412113,1.2298252225856356,-0.9383447523158153,0,1,0,1,0,1,1,0,1,0,0,0,1,1,1,1,2,1,1,1
-1.0200596606158,-1.6539093618868097,-0.2830761948684726,-0.011497897746499092,-1.2179049679093814,-1.9053157114178105,1,0,1,0,0,1,0,1,1,0,0,1,0,1,0,1,1,0,2,0
-0.5110572285272252,-1.3056403973249906,-0.005352140795994853,-1.370862990412113,0.4139151590872966,0.028626206786179966,1,0,0,1,0,1,0,1,1,0,0,0,1,0,2,1,0,1,0,0
1.185617545101357,0.5227716666245603,-1.1162483570859056,-0.011497897746499092,-0.40199490441104246,0.028626206786179966,0,1,0,1,0,1,0,1,1,0,0,1,0,0,1,0,1,1,0,0
0.16761268092420772,1.7417130425909275,1.1749750890120354,-1.370862990412113,1.2298252225856356,0.028626206786179966,0,1,0,1,1,0,0,1,0,1,0,0,1,1,1,0,0,0,2,0
0.8462825903756406,1.2193095957481987,-1.5328344381946224,-0.691180444079306,-0.40199490441104246,0.028626206786179966,1,0,0,1,0,1,0,1,1,0,1,0,0,1,0,0,1,1,0,0
0.16761268092420772,1.132242354607744,-0.5608002489409503,-0.691180444079306,-0.40199490441104246,0.028626206786179966,1,0,0,1,0,1,0,1,1,0,0,0,1,1,2,2,1,2,2,0
0.3372801582870659,0.7839733900459247,0.3418029267946023,-0.691180444079306,-0.40199490441104246,0.028626206786179966,1,0,0,1,0,1,0,1,1,0,0,0,1,2,2,1,2,2,0,0
1.3552850224642152,0.34863718434365076,0.4112339403127217,-0.011497897746499092,-0.40199490441104246,0.028626206786179966,0,1,0,1,0,1,0,1,1,0,1,0,0,1,1,1,1,2,1,0
-0.5110572285272252,0.9581078723268344,0.61952698086708,2.0275497412519217,4.493465476578992,0.9955971658881752,0,1,0,1,0,1,0,1,0,1,0,1,0,2,0,1,0,2,1,1
-0.341389751164367,1.2193095957481987,-1.6022654517127417,0.6681846485863079,-0.40199490441104246,0.9955971658881752,1,0,1,0,0,1,0,1,1,0,0,0,1,0,1,1,1,1,1,0
-0.8503921832529416,0.26156994320319593,0.9666820484576771,-1.370862990412113,-0.40199490441104246,-0.9383447523158153,1,0,0,1,1,0,1,0,0,1,0,1,0,1,2,0,1,2,0,0
0.6766151130127824,0.7839733900459247,1.3138371160482742,-0.691180444079306,0.4139151590872966,-0.9383447523158153,0,1,0,1,0,1,0,1,1,0,0,1,0,1,0,0,1,1,0,2
-1.3593946153415164,-0.6961697093418069,-0.5608002489409503,0.6681846485863079,2.045735286083975,0.9955971658881752,0,1,0,1,1,0,0,1,1,0,0,1,0,1,1,0,1,1,0,0
1.015950067738499,-1.4797748796059,-0.8385243030134281,0.6681846485863079,-0.40199490441104246,0.028626206786179966,0,1,0,1,1,0,0,1,1,0,0,1,0,1,2,0,2,2,2,0
-0.8503921832529416,-1.6539093618868097,-1.4634034246765029,-0.691180444079306,-1.2179049679093814,-0.9383447523158153,0,1,1,0,0,1,0,1,1,0,0,1,0,1,2,1,2,2,2,0
-0.5110572285272252,0.17450270206274113,-1.324541397640264,1.3478671949191148,1.2298252225856356,-0.9383447523158153,1,0,0,1,1,0,0,1,1,0,0,0,1,2,0,0,2,1,0,0
0.6766151130127824,-1.3056403973249906,-0.7690932894953085,-0.011497897746499092,-0.40199490441104246,-1.9053157114178105,0,1,0,1,1,0,0,1,1,0,0,1,0,1,0,0,2,1,2,0
0.5069476356499242,0.6098389077650151,0.4112339403127217,-0.691180444079306,2.861645349582314,-0.9383447523158153,1,0,1,0,1,0,0,1,1,0,0,1,0,2,0,0,1,2,0,2
2.3732898866413645,1.4805113191695631,-1.0468173435677863,0.6681846485863079,0.4139151590872966,0.9955971658881752,0,1,1,0,1,0,0,1,1,0,0,1,0,1,1,1,1,1,0,0
0.8462825903756406,-0.8703041916227164,-1.6716964652308612,-0.011497897746499092,-0.40199490441104246,0.9955971658881752,1,0,0,1,1,0,0,1,1,0,1,0,0,1,1,1,2,1,1,0
1.8642874545527899,-0.08669902135862327,1.591561170120752,-0.011497897746499092,-0.40199490441104246,-0.9383447523158153,0,1,0,1,1,0,0,1,1,0,0,1,0,1,2,1,1,2,1,1
0.6766151130127824,0.8710406311863795,-0.6996622759771891,0.6681846485863079,2.045735286083975,0.9955971658881752,0,1,0,1,1,0,0,1,1,0,0,1,0,1,1,1,0,1,0,1
-0.5110572285272252,-1.131505915044081,-0.2830761948684726,2.0275497412519217,-0.40199490441104246,0.028626206786179966,0,1,0,1,1,0,0,1,1,0,0,0,1,2,0,1,1,1,0,0
-0.002054796438650507,-0.6961697093418069,0.3418029267946023,-0.011497897746499092,-0.40199490441104246,0.028626206786179966,0,1,1,0,0,1,0,1,1,0,1,0,0,2,1,1,0,2,1,0
2.3732898866413645,1.132242354607744,1.105544075493916,-0.691180444079306,0.4139151590872966,0.028626206786179966,1,0,0,1,1,0,0,1,1,0,0,1,0,0,1,0,2,1,0,1
1.015950067738499,-1.3927076384654453,-0.9079553165315475,-0.691180444079306,-0.40199490441104246,1.9625681249901703,0,1,1,0,1,0,0,1,1,0,0,0,1,0,2,0,0,1,0,1
1.6946199771899317,0.34863718434365076,-0.21364518135035315,-0.011497897746499092,1.2298252225856356,-0.9383447523158153,0,1,0,1,0,1,0,1,1,0,0,0,1,2,1,1,1,1,0,0
-0.341389751164367,-0.08669902135862327,0.4112339403127217,-0.011497897746499092,-0.40199490441104246,0.9955971658881752,1,0,1,0,1,0,1,0,1,0,0,0,1,1,1,1,1,2,1,1
-0.002054796438650507,-1.131505915044081,1.452699143084513,1.3478671949191148,-0.40199490441104246,0.028626206786179966,1,0,0,1,1,0,0,1,1,0,0,0,1,2,1,2,2,2,0,0
-0.8503921832529416,1.3063768368886535,-0.352507208386592,0.6681846485863079,0.4139151590872966,0.028626206786179966,1,0,0,1,1,0,0,1,0,1,0,1,0,2,0,1,2,2,0,0
-0.002054796438650507,-0.4349679859204425,0.06407887272212458,-0.011497897746499092,1.2298252225856356,0.028626206786179966,1,0,1,0,1,0,0,1,1,0,1,0,0,0,1,1,2,2,1,0
-0.8503921832529416,0.9581078723268344,0.3418029267946023,-0.691180444079306,-1.2179049679093814,0.028626206786179966,0,1,1,0,1,0,0,1,1,0,0,0,1,2,1,1,0,1,2,0
-0.17172227380150873,1.6546458014504728,-1.6022654517127417,-0.011497897746499092,-0.40199490441104246,0.9955971658881752,0,1,0,1,1,0,0,1,1,0,0,1,0,2,1,1,1,1,0,0
-1.0200596606158,1.7417130425909275,-0.005352140795994853,-0.011497897746499092,-0.40199490441104246,0.028626206786179966,0,1,0,1,1,0,0,1,1,0,0,0,1,0,1,0,0,1,2,1
0.16761268092420772,0.43570442548410554,-1.6716964652308612,-2.05054553674492,0.4139151590872966,0.028626206786179966,1,0,0,1,1,0,0,1,1,0,0,1,0,1,1,0,0,1,1,0
-0.17172227380150873,-1.3927076384654453,0.7583890079033189,0.6681846485863079,1.2298252225856356,0.028626206786179966,1,0,1,0,0,1,0,1,1,0,0,1,0,2,0,0,2,1,2,0
-0.341389751164367,-0.17376626249907806,-1.3939724111583836,-0.011497897746499092,-1.2179049679093814,0.028626206786179966,0,1,0,1,1,0,0,1,1,0,1,0,0,1,2,2,2,1,0,0
-1.868397047430091,0.7839733900459247,1.105544075493916,-0.011497897746499092,-0.40199490441104246,0.028626206786179966,0,1,0,1,0,1,0,1,1,0,0,1,0,0,2,1,2,0,2,0
1.015950067738499,0.5227716666245603,0.5500959673489606,-0.691180444079306,0.4139151590872966,0.9955971658881752,0,1,0,1,0,1,0,1,1,0,0,0,1,1,2,1,0,1,0,0
0.16761268092420772,0.6098389077650151,0.20294089975836344,-1.370862990412113,-0.40199490441104246,-0.9383447523158153,1,0,1,0,0,1,0,1,1,0,0,0,1,0,2,2,0,1,0,0
1.185617545101357,1.4805113191695631,0.4112339403127217,0.6681846485863079,-1.2179049679093814,1.9625681249901703,1,0,0,1,0,1,0,1,1,0,0,0,1,0,2,1,2,1,0,0
0.16761268092420772,1.3934440780291084,-1.1162483570859056,-0.011497897746499092,0.4139151590872966,-0.9383447523158153,0,1,0,1,0,1,0,1,1,0,1,0,0,1,1,0,2,1,1,0
2.2036224092785064,1.3063768368886535,0.133509886240244,-0.691180444079306,0.4139151590872966,0.028626206786179966,1,0,1,0,0,1,0,1,1,0,0,0,1,0,0,0,2,2,0,1
-0.17172227380150873,0.34863718434365076,-0.4219382219047114,1.3478671949191148,0.4139151590872966,0.9955971658881752,1,0,0,1,0,1,0,1,1,0,0,1,0,1,1,1,1,0,1,0
-0.5110572285272252,-0.7832369504822617,-1.1856793706040252,-0.691180444079306,1.2298252225856356,0.028626206786179966,0,1,1,0,0,1,0,1,0,1,0,0,1,1,1,1,1,1,0,0
-0.341389751164367,-0.8703041916227164,-1.0468173435677863,-0.011497897746499092,-0.40199490441104246,0.028626206786179966,0,1,0,1,0,1,0,1,1,0,0,0,1,2,0,1,1,2,1,0
0.3372801582870659,-0.609102468201352,1.1749750890120354,-2.05054553674492,-1.2179049679093814,0.9955971658881752,0,1,0,1,0,1,0,1,1,0,0,0,1,0,2,1,0,1,2,1
-1.0200596606158,0.8710406311863795,-1.7411274787489806,-0.691180444079306,-1.2179049679093814,0.028626206786179966,0,1,1,0,0,1,0,1,1,0,0,0,1,0,1,1,1,2,1,1
1.015950067738499,-0.609102468201352,0.5500959673489606,0.6681846485863079,0.4139151590872966,0.9955971658881752,0,1,0,1,0,1,0,1,1,0,0,0,1,2,2,0,1,1,1,0
-1.0200596606158,-0.8703041916227164,-1.6716964652308612,1.3478671949191148,-0.40199490441104246,0.9955971658881752,0,1,0,1,0,1,0,1,1,0,1,0,0,1,1,0,0,2,1,0
1.015950067738499,-0.8703041916227164,-1.1856793706040252,-1.370862990412113,-0.40199490441104246,0.028626206786179966,0,1,1,0,0,1,0,1,1,0,0,0,1,2,2,1,0,0,2,1
0.3372801582870659,-0.7832369504822617,0.27237191327648286,-0.691180444079306,-0.40199490441104246,0.028626206786179966,0,1,0,1,1,0,0,1,1,0,0,0,1,2,1,2,0,0,0,0
-0.8503921832529416,0.5227716666245603,1.0361130619757966,-0.691180444079306,-1.2179049679093814,0.028626206786179966,0,1,0,1,1,0,0,1,1,0,0,1,0,1,0,1,1,2,2,2
-0.17172227380150873,1.7417130425909275,-0.6302312624590697,-0.691180444079306,-1.2179049679093814,0.028626206786179966,0,1,0,1,1,0,0,1,1,0,0,1,0,1,0,2,0,1,0,1
0.5069476356499242,-1.3056403973249906,-0.5608002489409503,-0.691180444079306,1.2298252225856356,1.9625681249901703,0,1,1,0,1,0,1,0,1,0,1,0,0,2,1,2,1,1,0,1
1.185617545101357,1.7417130425909275,-0.5608002489409503,-0.011497897746499092,-0.40199490441104246,0.028626206786179966,0,1,0,1,1,0,0,1,1,0,0,1,0,2,1,1,2,2,1,1
-0.5110572285272252,-0.609102468201352,0.6889579943851994,-1.370862990412113,1.2298252225856356,-1.9053157114178105,1,0,0,1,0,1,0,1,1,0,0,0,1,0,1,2,1,1,1,0
0.16761268092420772,0.6098389077650151,0.4806649538308412,-0.691180444079306,-1.2179049679093814,1.9625681249901703,1,0,0,1,0,1,0,1,1,0,0,1,0,0,0,1,1,2,2,0
1.185617545101357,1.132242354607744,0.20294089975836344,1.3478671949191148,-0.40199490441104246,-0.9383447523158153,1,0,0,1,0,1,0,1,1,0,0,0,1,1,1,0,0,1,2,0
1.3552850224642152,1.2193095957481987,-1.0468173435677863,-0.011497897746499092,-0.40199490441104246,0.028626206786179966,0,1,0,1,1,0,0,1,1,0,0,0,1,1,2,0,0,1,0,0
1.5249524998270736,0.26156994320319593,0.133509886240244,-0.691180444079306,-0.40199490441104246,0.9955971658881752,0,1,0,1,0,1,0,1,1,0,0,1,0,1,0,2,1,1,0,0
1.3552850224642152,0.5227716666245603,1.452699143084513,-0.011497897746499092,0.4139151590872966,0.9955971658881752,0,1,0,1,0,1,0,1,1,0,0,1,0,1,1,1,1,0,0,0
-1.0200596606158,1.3934440780291084,-0.7690932894953085,1.3478671949191148,0.4139151590872966,0.028626206786179966,0,1,0,1,0,1,0,1,1,0,0,1,0,0,2,2,0,2,2,1
0.6766151130127824,-1.566842120746355,1.3832681295663938,-0.011497897746499092,-0.40199490441104246,0.028626206786179966,1,0,0,1,1,0,0,1,1,0,0,0,1,0,1,1,2,0,1,2
1.015950067738499,0.8710406311863795,-1.5328344381946224,1.3478671949191148,-0.40199490441104246,0.9955971658881752,0,1,1,0,0,1,0,1,1,0,0,1,0,2,2,1,0,1,0,2
0.5069476356499242,-1.131505915044081,-0.4219382219047114,0.6681846485863079,-0.40199490441104246,-0.9383447523158153,1,0,0,1,0,1,0,1,1,0,0,1,0,2,2,0,2,1,0,0
-0.341389751164367,-0.9573714327631713,0.9666820484576771,2.0275497412519217,0.4139151590872966,-1.9053157114178105,0,1,0,1,0,1,0,1,0,1,0,1,0,0,0,0,0,2,0,1
0.8462825903756406,0.6098389077650151,1.5221301566026326,2.0275497412519217,2.045735286083975,0.028626206786179966,1,0,1,0,0,1,0,1,0,1,0,1,0,0,1,1,0,0,0,0
-1.868397047430091,0.69690614890547,1.244406102530155,-1.370862990412113,0.4139151590872966,0.9955971658881752,0,1,0,1,0,1,0,1,1,0,0,1,0,0,1,0,1,1,2,0
1.015950067738499,-0.609102468201352,1.105544075493916,0.6681846485863079,2.045735286083975,1.9625681249901703,0,1,0,1,1,0,0,1,1,0,0,1,0,2,1,1,0,0,0,1
-1.189727137978658,-0.8703041916227164,-1.1162483570859056,-1.370862990412113,-1.2179049679093814,-0.9383447523158153,1,0,1,0,1,0,0,1,1,0,0,0,1,1,1,1,1,2,2,0
-0.6807247058900834,1.3063768368886535,-0.6996622759771891,-1.370862990412113,-1.2179049679093814,0.028626206786179966,1,0,1,0,0,1,0,1,1,0,0,1,0,0,1,2,1,1,1,0
-0.002054796438650507,0.0003682197818315326,0.9666820484576771,-1.370862990412113,-1.2179049679093814,0.028626206786179966,0,1,0,1,0,1,0,1,1,0,0,1,0,0,1,1,2,2,2,2
-0.002054796438650507,0.8710406311863795,1.5221301566026326,-0.011497897746499092,0.4139151590872966,0.028626206786179966,0,1,0,1,0,1,0,1,1,0,0,0,1,1,0,1,2,2,1,1
-1.6987295700672327,0.17450270206274113,0.4806649538308412,-0.011497897746499092,0.4139151590872966,0.9955971658881752,0,1,1,0,1,0,0,1,1,0,0,1,0,2,1,0,0,2,0,0
-2.0380645247929494,0.5227716666245603,-1.7411274787489806,-0.691180444079306,-0.40199490441104246,-0.9383447523158153,0,1,0,1,1,0,0,1,1,0,0,0,1,1,2,2,1,1,1,0
-0.341389751164367,-0.6961697093418069,0.27237191327648286,0.6681846485863079,-0.40199490441104246,0.9955971658881752,0,1,0,1,0,1,0,1,1,0,0,0,1,0,1,1,1,2,0,1
0.16761268092420772,1.132242354607744,-0.5608002489409503,-0.011497897746499092,0.4139151590872966,0.028626206786179966,1,0,0,1,1,0,0,1,1,0,0,1,0,1,0,2,0,1,1,2
-0.17172227380150873,1.567578560310018,0.8278200214214383,0.6681846485863079,-1.2179049679093814,2.929539084092166,0,1,1,0,0,1,0,1,1,0,1,0,0,1,1,1,1,1,0,0
-1.3593946153415164,1.4805113191695631,-1.2551103841221445,-0.011497897746499092,-1.2179049679093814,0.9955971658881752,1,0,1,0,0,1,0,1,1,0,0,0,1,1,2,0,0,1,1,1
-0.341389751164367,0.8710406311863795,-0.4219382219047114,1.3478671949191148,-0.40199490441104246,0.028626206786179966,1,0,1,0,0,1,0,1,1,0,0,0,1,1,2,1,2,2,1,1
-0.5110572285272252,0.08743546092228634,-1.4634034246765029,-0.011497897746499092,2.045735286083975,0.028626206786179966,1,0,0,1,1,0,0,1,1,0,0,0,1,2,1,1,0,1,0,0
1.6946199771899317,1.2193095957481987,0.8972510349395577,-0.691180444079306,0.4139151590872966,0.028626206786179966,1,0,1,0,0,1,0,1,0,1,0,1,0,0,1,0,0,1,1,0
0.16761268092420772,0.9581078723268344,-0.07478315431411428,0.6681846485863079,-1.2179049679093814,-0.9383447523158153,1,0,0,1,0,1,0,1,1,0,1,0,0,1,2,0,1,1,2,0
0.8462825903756406,0.08743546092228634,0.7583890079033189,0.6681846485863079,-0.40199490441104246,0.028626206786179966,0,1,0,1,0,1,0,1,1,0,1,0,0,1,0,1,0,1,2,0
-0.341389751164367,1.4805113191695631,0.27237191327648286,-0.011497897746499092,1.2298252225856356,0.028626206786179966,0,1,1,0,0,1,0,1,1,0,0,0,1,2,0,1,2,1,0,2
-1.5290620927043745,-0.34790074477998767,1.1749750890120354,-1.370862990412113,2.045735286083975,-0.9383447523158153,0,1,0,1,0,1,0,1,1,0,1,0,0,0,1,1,1,0,2,0
1.8642874545527899,-1.566842120746355,1.105544075493916,0.6681846485863079,2.045735286083975,0.9955971658881752,0,1,0,1,0,1,0,1,1,0,0,0,1,1,1,2,2,2,0,1
1.6946199771899317,1.567578560310018,-0.9773863300496669,2.0275497412519217,-1.2179049679093814,0.028626206786179966,0,1,0,1,0,1,0,1,1,0,0,0,1,0,1,1,0,1,2,1
0.16761268092420772,-1.566842120746355,1.3138371160482742,-0.011497897746499092,-0.40199490441104246,0.028626206786179966,1,0,1,0,1,0,0,1,1,0,0,0,1,1,1,0,0,2,1,1
-1.868397047430091,-0.8703041916227164,0.4806649538308412,0.6681846485863079,0.4139151590872966,-0.9383447523158153,1,0,0,1,1,0,1,0,1,0,1,0,0,2,1,0,2,2,0,0
1.185617545101357,0.0003682197818315326,1.3138371160482742,-1.370862990412113,1.2298252225856356,0.028626206786179966,0,1,0,1,0,1,0,1,1,0,1,0,0,0,0,2,2,1,0,0
-1.0200596606158,0.17450270206274113,0.133509886240244,-0.691180444079306,1.2298252225856356,0.028626206786179966,1,0,0,1,0,1,0,1,1,0,0,0,1,1,1,1,1,1,1,0
1.6946199771899317,-0.7832369504822617,1.591561170120752,1.3478671949191148,0.4139151590872966,-1.9053157114178105,1,0,0,1,1,0,0,1,1,0,0,0,1,0,2,0,2,1,0,1
-0.341389751164367,1.2193095957481987,-0.2830761948684726,-0.691180444079306,0.4139151590872966,0.028626206786179966,0,1,0,1,1,0,0,1,1,0,0,1,0,1,1,0,2,1,2,2
-2.2077320021558076,-1.044438673903626,-0.07478315431411428,1.3478671949191148,-0.40199490441104246,0.028626206786179966,1,0,0,1,1,0,0,1,1,0,0,0,1,2,1,1,0,2,0,0
-0.6807247058900834,-0.6961697093418069,-1.5328344381946224,-1.370862990412113,-0.40199490441104246,0.028626206786179966,0,1,0,1,1,0,0,1,1,0,0,0,1,1,2,1,2,2,1,0
-1.868397047430091,1.132242354607744,-0.6302312624590697,-0.011497897746499092,-1.2179049679093814,-0.9383447523158153,0,1,1,0,0,1,0,1,1,0,0,1,0,2,0,1,0,0,1,1
2.0339549319156482,0.17450270206274113,0.8972510349395577,0.6681846485863079,-1.2179049679093814,-0.9383447523158153,0,1,0,1,0,1,0,1,1,0,0,0,1,0,1,0,2,1,1,1
-0.17172227380150873,0.17450270206274113,1.3832681295663938,0.6681846485863079,0.4139151590872966,0.9955971658881752,1,0,0,1,1,0,0,1,0,1,0,1,0,0,2,1,0,2,2,1
-0.17172227380150873,-0.7832369504822617,1.3138371160482742,1.3478671949191148,-0.40199490441104246,0.9955971658881752,0,1,1,0,0,1,0,1,1,0,0,0,1,1,2,2,2,1,0,0
1.185617545101357,-1.131505915044081,1.3138371160482742,1.3478671949191148,-1.2179049679093814,-0.9383447523158153,1,0,0,1,0,1,0,1,1,0,0,0,1,2,2,2,2,0,1,0
0.16761268092420772,-1.131505915044081,-1.6022654517127417,-0.011497897746499092,1.2298252225856356,0.028626206786179966,1,0,0,1,1,0,0,1,0,1,1,0,0,1,2,1,0,1,0,1
0.5069476356499242,0.08743546092228634,0.6889579943851994,-0.011497897746499092,-1.2179049679093814,0.9955971658881752,0,1,0,1,1,0,0,1,1,0,0,0,1,1,1,0,1,1,0,0
2.0339549319156482,-1.3927076384654453,-1.5328344381946224,1.3478671949191148,-0.40199490441104246,0.028626206786179966,1,0,1,0,0,1,1,0,1,0,0,0,1,0,2,0,0,1,1,0
1.015950067738499,-1.131505915044081,-1.324541397640264,0.6681846485863079,-0.40199490441104246,1.9625681249901703,1,0,0,1,0,1,0,1,1,0,1,0,0,1,1,1,1,1,1,0
0.3372801582870659,-0.6961697093418069,1.452699143084513,1.3478671949191148,-0.40199490441104246,0.028626206786179966,0,1,1,0,0,1,0,1,1,0,0,0,1,0,0,2,0,1,1,0
0.8462825903756406,-0.609102468201352,0.4806649538308412,-1.370862990412113,-0.40199490441104246,0.028626206786179966,0,1,1,0,0,1,1,0,0,1,0,0,1,2,1,0,1,1,0,0
0.16761268092420772,0.0003682197818315326,-0.1442141678322337,-0.011497897746499092,-1.2179049679093814,-0.9383447523158153,1,0,1,0,1,0,0,1,1,0,0,1,0,2,0,1,1,0,0,1
-0.17172227380150873,1.3063768368886535,1.6609921836388715,0.6681846485863079,-1.2179049679093814,-0.9383447523158153,0,1,0,1,0,1,0,1,1,0,0,1,0,0,2,1,0,1,2,1
-0.5110572285272252,-0.7832369504822617,-1.2551103841221445,0.6681846485863079,1.2298252225856356,0.9955971658881752,1,0,1,0,1,0,0,1,1,0,0,0,1,1,0,1,1,2,0,0
-1.0200596606158,-1.6539093618868097,0.6889579943851994,-0.011497897746499092,-0.40199490441104246,-1.9053157114178105,1,0,0,1,1,0,0,1,1,0,0,1,0,0,1,2,0,1,0,0
0.16761268092420772,0.69690614890547,1.105544075493916,-0.691180444079306,0.4139151590872966,-1.9053157114178105,1,0,0,1,1,0,0,1,1,0,0,1,0,2,1,1,2,1,0,1
1.015950067738499,-0.9573714327631713,1.0361130619757966,-0.691180444079306,1.2298252225856356,0.028626206786179966,1,0,0,1,0,1,0,1,1,0,0,0,1,2,2,1,1,1,1,1
0.5069476356499242,-0.9573714327631713,-1.1856793706040252,-0.691180444079306,-1.2179049679093814,-1.9053157114178105,1,0,0,1,0,1,0,1,1,0,0,1,0,1,1,2,1,1,2,0
0.16761268092420772,-0.6961697093418069,1.452699143084513,-0.691180444079306,2.045735286083975,-0.9383447523158153,1,0,0,1,0,1,0,1,0,1,0,0,1,1,0,0,2,1,1,1
-0.341389751164367,0.17450270206274113,0.6889579943851994,-1.370862990412113,1.2298252225856356,0.9955971658881752,0,1,1,0,0,1,0,1,1,0,0,1,0,2,1,2,1,2,2,0
-1.0200596606158,-0.08669902135862327,-0.352507208386592,-0.691180444079306,-0.40199490441104246,2.929539084092166,0,1,0,1,0,1,0,1,1,0,0,0,1,1,1,1,0,1,1,1
-0.6807247058900834,0.0003682197818315326,0.06407887272212458,-0.691180444079306,-0.40199490441104246,0.9955971658881752,0,1,0,1,1,0,0,1,1,0,0,0,1,2,1,1,1,2,1,0
0.3372801582870659,-1.131505915044081,0.7583890079033189,-0.011497897746499092,-0.40199490441104246,0.028626206786179966,1,0,0,1,1,0,0,1,1,0,0,0,1,0,1,0,0,1,0,1
1.3552850224642152,-1.6539093618868097,0.7583890079033189,-0.691180444079306,-0.40199490441104246,0.028626206786179966,0,1,1,0,1,0,0,1,0,1,1,0,0,1,2,2,0,1,2,2
-0.002054796438650507,0.08743546092228634,-1.0468173435677863,-1.370862990412113,1.2298252225856356,0.9955971658881752,0,1,0,1,0,1,0,1,0,1,0,0,1,1,1,0,1,1,0,0
0.16761268092420772,-1.4797748796059,-0.352507208386592,2.0275497412519217,-0.40199490441104246,-0.9383447523158153,1,0,1,0,1,0,0,1,1,0,0,0,1,1,1,0,2,2,1,0
-0.5110572285272252,0.08743546092228634,0.133509886240244,1.3478671949191148,1.2298252225856356,0.9955971658881752,0,1,0,1,0,1,0,1,1,0,0,1,0,0,1,1,0,1,1,2
1.8642874545527899,-0.9573714327631713,-1.0468173435677863,-0.011497897746499092,-0.40199490441104246,0.028626206786179966,1,0,0,1,0,1,0,1,1,0,0,1,0,2,0,1,0,1,2,0
0.6766151130127824,-1.566842120746355,1.0361130619757966,-1.370862990412113,-1.2179049679093814,0.028626206786179966,0,1,1,0,0,1,0,1,1,0,0,0,1,2,1,0,2,1,1,0
0.5069476356499242,-0.6961697093418069,0.61952698086708,2.0275497412519217,0.4139151590872966,-0.9383447523158153,0,1,0,1,0,1,0,1,1,0,1,0,0,2,0,0,0,1,0,1
1.015950067738499,-0.4349679859204425,-0.352507208386592,-1.370862990412113,-1.2179049679093814,-0.9383447523158153,0,1,1,0,1,0,0,1,1,0,0,1,0,2,1,0,2,0,2,0
-0.341389751164367,-1.3927076384654453,0.9666820484576771,1.3478671949191148,-0.40199490441104246,0.028626206786179966,0,1,1,0,0,1,0,1,1,0,0,1,0,1,2,0,1,2,0,1
-0.17172227380150873,-0.8703041916227164,1.0361130619757966,-0.691180444079306,0.4139151590872966,0.028626206786179966,0,1,1,0,0,1,0,1,1,0,0,0,1,1,1,0,0,1,0,1
-0.8503921832529416,-0.17376626249907806,1.3138371160482742,0.6681846485863079,-1.2179049679093814,0.9955971658881752,0,1,1,0,1,0,0,1,1,0,0,0,1,1,2,2,0,1,2,1
1.6946199771899317,0.6098389077650151,-0.6302312624590697,-0.691180444079306,-0.40199490441104246,0.9955971658881752,0,1,0,1,0,1,0,1,1,0,0,1,0,2,2,0,1,1,0,0
-0.5110572285272252,1.567578560310018,0.8278200214214383,1.3478671949191148,-1.2179049679093814,0.028626206786179966,1,0,1,0,1,0,0,1,1,0,0,0,1,1,1,0,2,1,0,1
0.16761268092420772,1.3063768368886535,-0.4219382219047114,0.6681846485863079,-1.2179049679093814,0.028626206786179966,0,1,0,1,0,1,1,0,1,0,1,0,0,0,2,1,0,2,2,0
-2.0380645247929494,0.69690614890547,1.1749750890120354,0.6681846485863079,-0.40199490441104246,0.9955971658881752,0,1,0,1,0,1,0,1,1,0,1,0,0,1,1,2,0,1,1,0
-0.341389751164367,0.0003682197818315326,1.1749750890120354,0.6681846485863079,-1.2179049679093814,-1.9053157114178105,0,1,1,0,0,1,0,1,1,0,0,0,1,1,0,2,1,2,1,0
-0.5110572285272252,0.08743546092228634,0.20294089975836344,0.6681846485863079,-0.40199490441104246,0.9955971658881752,0,1,1,0,0,1,0,1,1,0,0,0,1,0,1,0,0,2,1,1
-0.002054796438650507,1.567578560310018,1.3832681295663938,1.3478671949191148,-0.40199490441104246,-0.9383447523158153,1,0,0,1,0,1,0,1,1,0,0,0,1,2,0,0,0,1,0,1
0.5069476356499242,-1.3927076384654453,1.3832681295663938,-0.691180444079306,-0.40199490441104246,-0.9383447523158153,1,0,0,1,0,1,0,1,0,1,0,0,1,1,0,2,0,1,1,2
-1.5290620927043745,-0.08669902135862327,1.6609921836388715,-1.370862990412113,-0.40199490441104246,0.028626206786179966,1,0,0,1,0,1,0,1,1,0,0,0,1,2,2,1,2,0,0,0
-0.002054796438650507,-1.6539093618868097,-1.4634034246765029,1.3478671949191148,0.4139151590872966,0.9955971658881752,0,1,1,0,0,1,0,1,1,0,0,0,1,2,2,1,2,1,2,0
-1.189727137978658,0.43570442548410554,0.8972510349395577,-0.691180444079306,0.4139151590872966,0.028626206786179966,1,0,0,1,0,1,0,1,1,0,0,0,1,1,2,1,1,2,0,1
-0.6807247058900834,0.17450270206274113,1.6609921836388715,-0.011497897746499092,1.2298252225856356,0.028626206786179966,0,1,0,1,1,0,0,1,1,0,0,0,1,2,2,0,1,1,2,1
-1.0200596606158,-1.2185731561845357,1.452699143084513,-0.691180444079306,-1.2179049679093814,0.028626206786179966,0,1,0,1,0,1,0,1,1,0,1,0,0,0,1,0,2,1,1,1
0.16761268092420772,0.6098389077650151,0.61952698086708,0.6681846485863079,-0.40199490441104246,-0.9383447523158153,0,1,1,0,0,1,0,1,1,0,0,0,1,1,1,2,0,0,1,0
0.16761268092420772,0.7839733900459247,1.0361130619757966,-0.011497897746499092,2.045735286083975,1.9625681249901703,0,1,0,1,1,0,0,1,1,0,0,1,0,0,1,0,2,1,2,2
1.185617545101357,0.8710406311863795,0.7583890079033189,-0.011497897746499092,0.4139151590872966,0.028626206786179966,0,1,0,1,1,0,0,1,1,0,0,0,1,1,2,2,1,1,1,1
0.3372801582870659,1.4805113191695631,-1.4634034246765029,-0.691180444079306,0.4139151590872966,-0.9383447523158153,0,1,0,1,0,1,1,0,1,0,0,1,0,1,1,1,2,1,1,0
0.3372801582870659,-1.3056403973249906,0.4806649538308412,0.6681846485863079,0.4139151590872966,-1.9053157114178105,1,0,0,1,1,0,0,1,1,0,0,0,1,2,0,1,1,2,2,0
0.16761268092420772,-0.2608335036395329,1.0361130619757966,-0.011497897746499092,2.045735286083975,0.028626206786179966,0,1,1,0,0,1,0,1,1,0,0,1,0,0,1,1,1,1,2,1
1.3552850224642152,0.6098389077650151,-1.2551103841221445,-0.011497897746499092,0.4139151590872966,0.9955971658881752,0,1,1,0,0,1,0,1,1,0,1,0,0,0,0,1,1,2,0,1
0.6766151130127824,-1.3056403973249906,1.3138371160482742,2.0275497412519217,0.4139151590872966,-0.9383447523158153,0,1,0,1,1,0,0,1,1,0,0,1,0,2,2,1,1,1,2,1
-0.8503921832529416,1.3063768368886535,-0.5608002489409503,-1.370862990412113,1.2298252225856356,0.028626206786179966,1,0,0,1,1,0,0,1,1,0,0,0,1,0,0,2,1,1,0,1
0.8462825903756406,0.6098389077650151,1.3138371160482742,0.6681846485863079,-1.2179049679093814,0.9955971658881752,0,1,0,1,1,0,0,1,1,0,0,0,1,1,1,2,1,2,0,0
0.6766151130127824,-1.7409766030272644,0.5500959673489606,1.3478671949191148,0.4139151590872966,0.028626206786179966,0,1,0,1,0,1,0,1,0,1,0,0,1,1,2,2,1,0,0,0
-0.8503921832529416,-0.17376626249907806,0.133509886240244,-0.011497897746499092,-1.2179049679093814,0.028626206786179966,0,1,0,1,0,1,0,1,1,0,0,1,0,2,0,0,2,1,1,0
-0.5110572285272252,0.08743546092228634,1.3832681295663938,-0.691180444079306,0.4139151590872966,0.028626206786179966,0,1,1,0,1,0,0,1,1,0,0,0,1,2,1,2,1,1,0,0
0.16761268092420772,1.567578560310018,-1.6716964652308612,0.6681846485863079,-1.2179049679093814,0.028626206786179966,0,1,0,1,0,1,0,1,1,0,0,1,0,0,2,1,1,1,0,0
-0.341389751164367,1.132242354607744,0.06407887272212458,-2.05054553674492,1.2298252225856356,0.028626206786179966,1,0,0,1,1,0,0,1,1,0,1,0,0,1,2,2,0,1,1,0
-0.17172227380150873,0.26156994320319593,0.06407887272212458,0.6681846485863079,1.2298252225856356,0.028626206786179966,1,0,0,1,1,0,0,1,1,0,0,1,0,0,0,0,0,0,2,0
-1.0200596606158,-0.6961697093418069,-1.5328344381946224,1.3478671949191148,2.045735286083975,0.028626206786179966,0,1,0,1,1,0,0,1,1,0,1,0,0,1,2,1,1,1,2,0
-1.0200596606158,-0.2608335036395329,1.452699143084513,0.6681846485863079,1.2298252225856356,-0.9383447523158153,0,1,0,1,0,1,0,1,1,0,0,1,0,2,1,1,1,1,2,0
0.6766151130127824,-1.7409766030272644,1.6609921836388715,0.6681846485863079,0.4139151590872966,-1.9053157114178105,0,1,0,1,0,1,0,1,1,0,0,1,0,1,1,1,0,0,0,1
-0.17172227380150873,-1.3056403973249906,-0.07478315431411428,-1.370862990412113,-0.40199490441104246,0.028626206786179966,1,0,1,0,0,1,0,1,1,0,0,0,1,2,2,1,0,1,0,0
-0.002054796438650507,1.567578560310018,-0.7690932894953085,-0.691180444079306,-0.40199490441104246,0.028626206786179966,0,1,1,0,0,1,0,1,1,0,0,0,1,1,1,1,2,2,2,1
-0.341389751164367,1.7417130425909275,0.06407887272212458,1.3478671949191148,-0.40199490441104246,-0.9383447523158153,1,0,0,1,1,0,0,1,1,0,0,0,1,2,0,0,0,1,0,0
1.185617545101357,0.17450270206274113,-0.9079553165315475,-1.370862990412113,-0.40199490441104246,0.9955971658881752,1,0,1,0,0,1,0,1,1,0,0,1,0,1,2,0,0,2,0,1
0.5069476356499242,0.69690614890547,0.4806649538308412,-0.691180444079306,-1.2179049679093814,0.028626206786179966,0,1,1,0,1,0,0,1,1,0,1,0,0,1,1,1,1,1,1,0
-0.8503921832529416,-0.17376626249907806,0.6889579943851994,-0.011497897746499092,-0.40199490441104246,-1.9053157114178105,0,1,0,1,1,0,1,0,1,0,1,0,0,2,2,1,2,1,0,2
-2.2077320021558076,-0.4349679859204425,0.06407887272212458,-0.011497897746499092,-1.2179049679093814,0.9955971658881752,1,0,1,0,0,1,0,1,1,0,0,0,1,1,2,1,1,0,1,1
1.015950067738499,-1.131505915044081,1.5221301566026326,0.6681846485863079,0.4139151590872966,-2.872286670519806,1,0,0,1,0,1,0,1,1,0,0,1,0,2,0,1,1,1,0,1
0.3372801582870659,-0.9573714327631713,0.5500959673489606,-0.691180444079306,-0.40199490441104246,-0.9383447523158153,1,0,0,1,0,1,0,1,1,0,0,0,1,1,2,1,0,1,1,1
-0.341389751164367,-0.9573714327631713,-0.9079553165315475,-2.05054553674492,-0.40199490441104246,0.028626206786179966,0,1,0,1,0,1,0,1,1,0,0,1,0,0,2,2,1,0,0,1
1.3552850224642152,-1.6539093618868097,1.1749750890120354,-2.05054553674492,-0.40199490441104246,0.9955971658881752,1,0,1,0,0,1,0,1,1,0,0,1,0,2,1,0,1,2,1,0
-0.002054796438650507,-0.8703041916227164,0.27237191327648286,-0.691180444079306,2.045735286083975,0.9955971658881752,0,1,0,1,0,1,0,1,1,0,0,0,1,0,1,0,1,1,2,0
0.5069476356499242,-0.34790074477998767,-1.2551103841221445,-0.011497897746499092,-0.40199490441104246,0.028626206786179966,1,0,0,1,0,1,0,1,1,0,1,0,0,1,1,2,1,1,0,1
1.5249524998270736,-0.6961697093418069,-0.49136923542283084,-0.011497897746499092,-1.2179049679093814,0.028626206786179966,1,0,0,1,1,0,0,1,1,0,0,0,1,1,1,0,0,1,1,0
0.8462825903756406,-0.9573714327631713,-0.6302312624590697,-0.011497897746499092,-1.2179049679093814,0.028626206786179966,0,1,0,1,1,0,1,0,0,1,0,1,0,1,1,1,0,0,1,0
-0.5110572285272252,1.4805113191695631,1.452699143084513,1.3478671949191148,-1.2179049679093814,-1.9053157114178105,0,1,0,1,1,0,0,1,1,0,1,0,0,1,2,2,2,1,2,0
-0.341389751164367,-0.8703041916227164,-1.6716964652308612,0.6681846485863079,-0.40199490441104246,0.028626206786179966,0,1,1,0,0,1,0,1,1,0,1,0,0,1,1,1,0,1,1,1
1.015950067738499,0.9581078723268344,-0.21364518135035315,2.0275497412519217,2.045735286083975,0.028626206786179966,0,1,0,1,1,0,0,1,1,0,0,1,0,0,1,0,2,1,1,1
-1.0200596606158,-0.7832369504822617,-0.9773863300496669,-0.691180444079306,-1.2179049679093814,0.028626206786179966,1,0,0,1,0,1,0,1,1,0,0,0,1,2,0,0,0,1,2,0
-0.6807247058900834,0.26156994320319593,-0.1442141678322337,-2.05054553674492,1.2298252225856356,0.028626206786179966,1,0,0,1,0,1,0,1,1,0,1,0,0,1,1,2,0,0,1,0
1.3552850224642152,-1.6539093618868097,0.3418029267946023,-0.011497897746499092,0.4139151590872966,0.9955971658881752,1,0,0,1,0,1,0,1,1,0,0,0,1,0,1,0,1,1,2,0
0.5069476356499242,-1.3927076384654453,-1.0468173435677863,-0.691180444079306,0.4139151590872966,0.028626206786179966,1,0,0,1,0,1,0,1,1,0,1,0,0,2,1,0,1,1,1,0
-0.5110572285272252,0.6098389077650151,1.105544075493916,-0.011497897746499092,1.2298252225856356,0.028626206786179966,1,0,0,1,0,1,0,1,0,1,0,0,1,1,1,2,0,2,1,0
1.5249524998270736,0.8710406311863795,0.5500959673489606,1.3478671949191148,-1.2179049679093814,0.028626206786179966,1,0,1,0,0,1,0,1,1,0,0,0,1,1,1,1,1,2,0,0
-0.002054796438650507,-0.34790074477998767,1.3138371160482742,-0.691180444079306,0.4139151590872966,0.028626206786179966,0,1,0,1,1,0,0,1,0,1,0,1,0,1,1,0,0,2,0,1
0.3372801582870659,-0.8703041916227164,1.6609921836388715,-0.011497897746499092,-0.40199490441104246,-0.9383447523158153,0,1,1,0,1,0,0,1,1,0,0,0,1,2,0,1,0,2,0,1
0.5069476356499242,0.9581078723268344,1.244406102530155,-0.691180444079306,1.2298252225856356,0.028626206786179966,1,0,0,1,1,0,0,1,1,0,0,1,0,2,1,1,0,0,0,1
0.8462825903756406,-0.5220352270608973,1.3138371160482742,0.6681846485863079,-1.2179049679093814,0.9955971658881752,1,0,0,1,0,1,0,1,1,0,0,0,1,0,2,2,0,1,0,1
-0.5110572285272252,1.7417130425909275,-0.8385243030134281,0.6681846485863079,-0.40199490441104246,1.9625681249901703,0,1,1,0,1,0,0,1,1,0,0,0,1,2,2,0,0,1,0,0
0.16761268092420772,0.5227716666245603,-0.21364518135035315,0.6681846485863079,-1.2179049679093814,0.028626206786179966,0,1,0,1,1,0,0,1,1,0,0,0,1,2,1,1,2,2,0,1
-1.189727137978658,1.6546458014504728,1.3832681295663938,-0.691180444079306,-1.2179049679093814,0.9955971658881752,0,1,0,1,0,1,1,0,1,0,0,0,1,0,2,1,0,1,2,0
-0.17172227380150873,-1.044438673903626,-0.21364518135035315,0.6681846485863079,0.4139151590872966,0.028626206786179966,0,1,1,0,0,1,0,1,1,0,0,1,0,0,2,2,0,2,1,2
-0.6807247058900834,1.132242354607744,-1.3939724111583836,0.6681846485863079,-1.2179049679093814,0.9955971658881752,0,1,0,1,0,1,0,1,1,0,0,1,0,1,1,0,2,1,0,1
0.3372801582870659,1.567578560310018,0.27237191327648286,-1.370862990412113,0.4139151590872966,1.9625681249901703,0,1,0,1,0,1,1,0,1,0,0,1,0,1,2,1,2,1,0,1
1.8642874545527899,-1.3056403973249906,-0.2830761948684726,-0.011497897746499092,-0.40199490441104246,0.9955971658881752,0,1,0,1,0,1,0,1,1,0,0,1,0,1,0,1,0,1,0,1
0.16761268092420772,0.0003682197818315326,0.27237191327648286,-0.691180444079306,0.4139151590872966,0.028626206786179966,0,1,0,1,0,1,0,1,1,0,0,0,1,1,1,0,1,2,1,0
0.5069476356499242,-0.08669902135862327,1.591561170120752,-0.011497897746499092,-1.2179049679093814,0.9955971658881752,1,0,0,1,0,1,0,1,1,0,0,1,0,2,0,0,1,2,1,0
0.8462825903756406,1.4805113191695631,0.133509886240244,-0.691180444079306,-0.40199490441104246,0.9955971658881752,0,1,1,0,0,1,0,1,1,0,0,0,1,1,1,0,0,2,2,0
-0.5110572285272252,0.5227716666245603,-1.6716964652308612,-1.370862990412113,0.4139151590872966,-0.9383447523158153,0,1,1,0,0,1,0,1,1,0,0,1,0,1,1,1,0,1,2,1
-0.341389751164367,1.3934440780291084,-1.6022654517127417,-0.011497897746499092,-0.40199490441104246,0.9955971658881752,1,0,1,0,0,1,0,1,1,0,0,1,0,2,0,0,0,1,1,0
-1.868397047430091,-1.2185731561845357,1.730423197156991,1.3478671949191148,1.2298252225856356,0.028626206786179966,0,1,0,1,1,0,0,1,1,0,0,1,0,0,1,0,1,1,1,0
1.3552850224642152,-1.131505915044081,0.4806649538308412,0.6681846485863079,-0.40199490441104246,0.9955971658881752,1,0,0,1,1,0,0,1,1,0,0,1,0,2,2,0,2,0,0,0
-0.341389751164367,0.26156994320319593,1.730423197156991,0.6681846485863079,-0.40199490441104246,-0.9383447523158153,1,0,1,0,1,0,0,1,1,0,1,0,0,0,1,1,0,2,0,0
0.16761268092420772,0.43570442548410554,-0.005352140795994853,-1.370862990412113,-0.40199490441104246,-0.9383447523158153,1,0,0,1,0,1,0,1,1,0,0,0,1,2,1,0,2,2,0,1
1.6946199771899317,-0.7832369504822617,-0.352507208386592,2.0275497412519217,1.2298252225856356,0.9955971658881752,1,0,0,1,1,0,0,1,0,1,0,1,0,2,0,0,1,1,0,0
1.5249524998270736,0.34863718434365076,-0.49136923542283084,-0.011497897746499092,-0.40199490441104246,-0.9383447523158153,0,1,1,0,0,1,0,1,1,0,0,1,0,1,0,0,0,1,0,1
-0.002054796438650507,0.08743546092228634,0.8278200214214383,0.6681846485863079,-0.40199490441104246,0.028626206786179966,0,1,1,0,1,0,0,1,1,0,0,1,0,1,1,1,2,1,0,0
0.5069476356499242,-1.3927076384654453,-0.49136923542283084,0.6681846485863079,1.2298252225856356,0.028626206786179966,1,0,0,1,0,1,0,1,1,0,0,1,0,1,2,0,0,2,0,0
0.5069476356499242,-1.044438673903626,1.105544075493916,0.6681846485863079,2.861645349582314,1.9625681249901703,1,0,0,1,1,0,0,1,1,0,1,0,0,0,0,1,0,1,2,0
0.16761268092420772,1.3063768368886535,0.8278200214214383,-1.370862990412113,0.4139151590872966,0.9955971658881752,0,1,1,0,1,0,0,1,1,0,0,1,0,1,0,0,1,1,0,0
-1.3593946153415164,0.7839733900459247,-1.3939724111583836,-0.691180444079306,-0.40199490441104246,0.028626206786179966,1,0,0,1,0,1,0,1,1,0,1,0,0,1,0,0,0,2,0,0
-1.189727137978658,-0.9573714327631713,-0.352507208386592,0.6681846485863079,-0.40199490441104246,0.028626206786179966,0,1,1,0,1,0,0,1,1,0,0,1,0,1,0,1,2,2,0,1
0.3372801582870659,0.34863718434365076,-1.324541397640264,-2.05054553674492,-1.2179049679093814,-0.9383447523158153,0,1,1,0,1,0,0,1,1,0,0,0,1,1,1,1,2,0,0,1
0.16761268092420772,-0.2608335036395329,0.8972510349395577,0.6681846485863079,0.4139151590872966,-1.9053157114178105,1,0,1,0,0,1,0,1,1,0,0,0,1,1,1,0,2,1,1,1
-0.8503921832529416,-1.3056403973249906,-0.6996622759771891,1.3478671949191148,-0.40199490441104246,-0.9383447523158153,1,0,0,1,1,0,0,1,1,0,0,1,0,1,1,1,0,1,1,0
1.5249524998270736,0.69690614890547,1.5221301566026326,0.6681846485863079,2.045735286083975,0.028626206786179966,0,1,0,1,0,1,0,1,0,1,1,0,0,0,1,1,0,2,1,1
-0.341389751164367,-1.3056403973249906,-0.8385243030134281,-0.691180444079306,-0.40199490441104246,-0.9383447523158153,0,1,0,1,0,1,0,1,1,0,1,0,0,2,1,2,0,1,0,2
0.3372801582870659,1.045175113467289,-0.6996622759771891,0.6681846485863079,-1.2179049679093814,-0.9383447523158153,0,1,1,0,1,0,0,1,1,0,0,0,1,2,2,1,1,2,0,1
-1.5290620927043745,0.9581078723268344,-0.4219382219047114,-0.011497897746499092,0.4139151590872966,-0.9383447523158153,0,1,1,0,1,0,0,1,1,0,0,0,1,2,1,1,0,1,1,0
-1.3593946153415164,-0.6961697093418069,0.8972510349395577,-0.691180444079306,0.4139151590872966,0.028626206786179966,1,0,0,1,1,0,0,1,1,0,0,0,1,1,1,2,2,1,0,0
1.5249524998270736,0.0003682197818315326,0.6889579943851994,-1.370862990412113,-1.2179049679093814,-0.9383447523158153,0,1,0,1,1,0,0,1,1,0,0,1,0,1,0,2,2,2,0,1
-0.5110572285272252,-1.2185731561845357,0.9666820484576771,1.3478671949191148,-0.40199490441104246,0.9955971658881752,1,0,0,1,0,1,1,0,1,0,0,0,1,1,1,1,1,2,0,1
0.5069476356499242,0.8710406311863795,-0.6302312624590697,-0.011497897746499092,0.4139151590872966,0.028626206786179966,1,0,0,1,0,1,0,1,1,0,0,1,0,2,1,0,2,2,0,0
0.6766151130127824,-1.7409766030272644,0.6889579943851994,-0.691180444079306,-0.40199490441104246,-0.9383447523158153,0,1,0,1,1,0,0,1,1,0,0,1,0,1,1,0,2,1,2,1
1.185617545101357,1.045175113467289,-0.9079553165315475,-0.691180444079306,-1.2179049679093814,0.9955971658881752,0,1,0,1,1,0,0,1,1,0,0,0,1,2,1,2,1,2,1,0
-1.0200596606158,0.17450270206274113,0.5500959673489606,0.6681846485863079,-1.2179049679093814,-0.9383447523158153,0,1,0,1,0,1,0,1,1,0,1,0,0,1,1,1,1,1,0,1
-0.17172227380150873,1.3934440780291084,-0.352507208386592,-1.370862990412113,-1.2179049679093814,-0.9383447523158153,0,1,0,1,0,1,0,1,1,0,0,0,1,0,0,2,0,1,0,2
-1.189727137978658,-0.2608335036395329,-0.4219382219047114,-0.011497897746499092,0.4139151590872966,1.9625681249901703,0,1,1,0,0,1,0,1,1,0,0,1,0,2,2,1,0,2,1,1
-0.6807247058900834,1.2193095957481987,1.3138371160482742,0.6681846485863079,0.4139151590872966,0.028626206786179966,0,1,1,0,0,1,0,1,1,0,1,0,0,1,2,2,0,2,0,0
-0.002054796438650507,-1.3056403973249906,1.5221301566026326,0.6681846485863079,-1.2179049679093814,0.028626206786179966,1,0,0,1,0,1,0,1,1,0,1,0,0,1,1,2,0,1,1,0
0.6766151130127824,-1.131505915044081,0.61952698086708,0.6681846485863079,-1.2179049679093814,-1.9053157114178105,1,0,0,1,1,0,0,1,1,0,0,1,0,0,2,2,0,1,1,0
1.015950067738499,-0.609102468201352,1.452699143084513,-0.011497897746499092,-1.2179049679093814,0.028626206786179966,1,0,1,0,1,0,0,1,1,0,0,1,0,1,1,2,1,2,0,0
-0.8503921832529416,-1.2185731561845357,-1.0468173435677863,-0.011497897746499092,0.4139151590872966,0.028626206786179966,1,0,1,0,0,1,0,1,1,0,1,0,0,1,2,2,2,1,0,1
0.16761268092420772,1.6546458014504728,-0.5608002489409503,-2.05054553674492,-0.40199490441104246,0.9955971658881752,1,0,1,0,0,1,0,1,1,0,1,0,0,2,0,1,1,1,1,0
1.6946199771899317,-1.6539093618868097,-0.7690932894953085,2.0275497412519217,2.045735286083975,-0.9383447523158153,0,1,0,1,1,0,0,1,1,0,0,0,1,2,2,0,1,1,2,1
0.16761268092420772,0.34863718434365076,-1.5328344381946224,1.3478671949191148,0.4139151590872966,0.028626206786179966,1,0,0,1,1,0,0,1,1,0,1,0,0,1,0,0,1,2,0,1
-1.5290620927043745,1.567578560310018,0.4806649538308412,-1.370862990412113,-0.40199490441104246,-0.9383447523158153,0,1,1,0,0,1,0,1,1,0,0,1,0,2,2,2,1,1,2,0
-0.002054796438650507,1.3934440780291084,-0.352507208386592,1.3478671949191148,0.4139151590872966,-0.9383447523158153,0,1,0,1,1,0,0,1,0,1,0,0,1,1,2,1,0,0,0,0
-0.5110572285272252,-0.08669902135862327,0.61952698086708,0.6681846485863079,-1.2179049679093814,-0.9383447523158153,0,1,0,1,0,1,0,1,1,0,0,1,0,1,2,1,1,1,0,1
-0.341389751164367,-0.6961697093418069,-1.1856793706040252,-0.011497897746499092,3.677555413080653,-2.872286670519806,0,1,0,1,1,0,0,1,1,0,0,0,1,0,2,0,0,1,0,1
-2.88640191160724,0.26156994320319593,-1.1162483570859056,-0.011497897746499092,0.4139151590872966,1.9625681249901703,0,1,0,1,0,1,0,1,1,0,0,0,1,2,0,0,1,2,0,1
-1.0200596606158,-1.3927076384654453,0.6889579943851994,-0.691180444079306,-1.2179049679093814,0.028626206786179966,0,1,0,1,0,1,0,1,1,0,0,1,0,1,1,1,1,1,0,0
0.5069476356499242,1.4805113191695631,-1.0468173435677863,0.6681846485863079,-0.40199490441104246,0.028626206786179966,0,1,0,1,0,1,0,1,1,0,0,1,0,1,2,1,1,2,1,0
0.3372801582870659,0.5227716666245603,-0.21364518135035315,-0.011497897746499092,1.2298252225856356,-0.9383447523158153,0,1,0,1,0,1,0,1,1,0,0,0,1,0,1,0,0,2,0,1
0.6766151130127824,-0.7832369504822617,0.3418029267946023,1.3478671949191148,0.4139151590872966,0.028626206786179966,1,0,1,0,1,0,0,1,1,0,0,0,1,1,0,1,1,2,0,0
1.6946199771899317,0.9581078723268344,0.20294089975836344,-0.011497897746499092,1.2298252225856356,-0.9383447523158153,0,1,1,0,0,1,0,1,1,0,0,0,1,1,1,2,1,1,2,0
-0.17172227380150873,-1.6539093618868097,-0.7690932894953085,2.0275497412519217,1.2298252225856356,0.028626206786179966,0,1,0,1,1,0,0,1,1,0,0,0,1,2,1,1,0,1,0,1
-2.0380645247929494,1.7417130425909275,-0.2830761948684726,-0.691180444079306,-1.2179049679093814,-0.9383447523158153,1,0,0,1,0,1,0,1,1,0,0,0,1,2,2,1,0,2,2,0
0.8462825903756406,-1.4797748796059,0.9666820484576771,-0.691180444079306,-0.40199490441104246,0.9955971658881752,0,1,1,0,1,0,0,1,1,0,0,1,0,1,0,2,1,2,0,1
-0.8503921832529416,0.7839733900459247,-1.3939724111583836,-0.691180444079306,-0.40199490441104246,0.028626206786179966,0,1,1,0,0,1,0,1,1,0,0,0,1,1,1,2,0,1,0,0
-0.6807247058900834,0.17450270206274113,-0.4219382219047114,2.0275497412519217,0.4139151590872966,0.9955971658881752,0,1,0,1,0,1,0,1,1,0,0,0,1,1,2,1,0,1,1,0
1.185617545101357,0.08743546092228634,1.591561170120752,-1.370862990412113,-1.2179049679093814,0.028626206786179966,0,1,0,1,0,1,0,1,1,0,0,0,1,1,0,1,2,1,0,0
1.185617545101357,-1.6539093618868097,0.27237191327648286,-0.691180444079306,-0.40199490441104246,0.028626206786179966,0,1,0,1,1,0,0,1,1,0,0,0,1,1,1,1,0,1,0,1
0.6766151130127824,-1.4797748796059,1.1749750890120354,1.3478671949191148,2.045735286083975,0.9955971658881752,0,1,1,0,0,1,0,1,1,0,0,0,1,1,1,1,1,1,2,0
0.6766151130127824,-0.4349679859204425,-1.2551103841221445,-0.011497897746499092,-1.2179049679093814,-1.9053157114178105,0,1,0,1,1,0,0,1,1,0,0,1,0,2,0,1,1,1,2,0
-0.6807247058900834,-1.2185731561845357,1.5221301566026326,-0.011497897746499092,2.861645349582314,0.028626206786179966,0,1,0,1,0,1,0,1,1,0,0,0,1,1,1,1,0,2,2,0
0.16761268092420772,-1.4797748796059,-0.07478315431411428,0.6681846485863079,-1.2179049679093814,0.028626206786179966,1,0,0,1,1,0,0,1,1,0,1,0,0,1,0,1,0,1,0,0
0.5069476356499242,1.2193095957481987,1.730423197156991,0.6681846485863079,-1.2179049679093814,0.028626206786179966,0,1,0,1,1,0,1,0,1,0,0,1,0,0,1,1,0,1,2,0
0.8462825903756406,0.43570442548410554,-1.3939724111583836,-1.370862990412113,1.2298252225856356,0.028626206786179966,1,0,0,1,1,0,0,1,1,0,1,0,0,0,1,0,2,1,0,1
0.3372801582870659,0.9581078723268344,-0.1442141678322337,-0.691180444079306,1.2298252225856356,0.9955971658881752,0,1,0,1,0,1,0,1,1,0,0,0,1,2,2,0,2,1,2,0
-0.002054796438650507,1.7417130425909275,1.105544075493916,0.6681846485863079,1.2298252225856356,0.028626206786179966,0,1,0,1,0,1,0,1,1,0,0,0,1,1,1,1,0,1,0,0
0.6766151130127824,1.2193095957481987,0.3418029267946023,0.6681846485863079,-0.40199490441104246,0.9955971658881752,1,0,0,1,0,1,1,0,1,0,0,1,0,2,0,2,0,1,0,0
-1.3593946153415164,1.4805113191695631,-0.4219382219047114,-0.011497897746499092,-1.2179049679093814,1.9625681249901703,1,0,0,1,0,1,0,1,1,0,0,0,1,1,0,0,0,2,0,0
-0.002054796438650507,-0.7832369504822617,1.1749750890120354,-0.691180444079306,-0.40199490441104246,0.9955971658881752,0,1,1,0,0,1,0,1,1,0,1,0,0,1,0,2,0,1,1,0
-0.002054796438650507,0.17450270206274113,1.3138371160482742,-0.691180444079306,1.2298252225856356,-0.9383447523158153,0,1,1,0,1,0,0,1,1,0,0,0,1,1,1,1,0,1,0,0
-0.341389751164367,1.132242354607744,0.6889579943851994,-1.370862990412113,-1.2179049679093814,0.028626206786179966,0,1,0,1,0,1,0,1,1,0,0,0,1,1,2,1,0,1,0,0
-1.868397047430091,-0.7832369504822617,0.9666820484576771,-0.011497897746499092,-1.2179049679093814,-0.9383447523158153,0,1,0,1,0,1,0,1,1,0,1,0,0,0,2,1,0,1,0,0
-1.6987295700672327,0.7839733900459247,-0.9079553165315475,-0.691180444079306,2.045735286083975,0.028626206786179966,0,1,0,1,0,1,0,1,1,0,0,0,1,1,1,1,0,1,2,1
-0.002054796438650507,1.567578560310018,0.9666820484576771,-0.011497897746499092,-0.40199490441104246,0.028626206786179966,1,0,0,1,1,0,0,1,1,0,0,0,1,1,2,1,2,1,1,2
0.6766151130127824,-1.2185731561845357,0.4806649538308412,1.3478671949191148,-0.40199490441104246,-0.9383447523158153,1,0,0,1,1,0,0,1,0,1,0,1,0,1,0,0,1,1,0,0
-0.6807247058900834,-0.4349679859204425,-0.9079553165315475,1.3478671949191148,1.2298252225856356,0.9955971658881752,1,0,0,1,0,1,0,1,1,0,0,0,1,2,1,1,0,1,0,1
0.5069476356499242,1.045175113467289,-1.4634034246765029,-0.691180444079306,1.2298252225856356,-0.9383447523158153,0,1,0,1,0,1,0,1,0,1,0,0,1,1,0,2,1,1,2,0
1.6946199771899317,0.26156994320319593,0.133509886240244,-2.05054553674492,-1.2179049679093814,0.9955971658881752,1,0,0,1,0,1,0,1,1,0,0,1,0,0,1,1,0,1,0,0
-0.341389751164367,-1.3927076384654453,1.5221301566026326,-0.011497897746499092,0.4139151590872966,0.9955971658881752,0,1,1,0,0,1,0,1,1,0,0,1,0,0,0,0,1,0,1,0
-0.17172227380150873,0.6098389077650151,0.133509886240244,0.6681846485863079,1.2298252225856356,0.9955971658881752,0,1,1,0,1,0,0,1,1,0,0,1,0,2,2,0,0,1,0,1
1.015950067738499,-0.2608335036395329,1.0361130619757966,-1.370862990412113,-0.40199490441104246,-0.9383447523158153,1,0,1,0,0,1,0,1,1,0,0,1,0,2,1,1,1,1,0,2
0.5069476356499242,0.43570442548410554,-0.5608002489409503,0.6681846485863079,-0.40199490441104246,0.028626206786179966,1,0,1,0,1,0,0,1,1,0,0,1,0,1,0,0,1,1,2,2
0.3372801582870659,1.6546458014504728,1.1749750890120354,-0.691180444079306,1.2298252225856356,0.9955971658881752,0,1,0,1,0,1,0,1,1,0,1,0,0,1,0,0,1,1,2,1
0.8462825903756406,-0.2608335036395329,-0.2830761948684726,-0.011497897746499092,-1.2179049679093814,0.028626206786179966,1,0,0,1,0,1,0,1,1,0,1,0,0,0,1,1,1,1,0,0
-0.17172227380150873,1.6546458014504728,-0.4219382219047114,0.6681846485863079,-1.2179049679093814,-0.9383447523158153,0,1,1,0,1,0,0,1,1,0,1,0,0,0,2,0,2,1,0,1
2.3732898866413645,-1.3056403973249906,-0.9079553165315475,-0.691180444079306,-1.2179049679093814,0.028626206786179966,0,1,0,1,0,1,0,1,1,0,1,0,0,1,1,2,1,2,0,0
-1.189727137978658,1.3934440780291084,-0.9079553165315475,0.6681846485863079,-1.2179049679093814,-0.9383447523158153,0,1,1,0,1,0,0,1,1,0,0,1,0,1,2,1,2,1,2,0
-0.8503921832529416,-0.34790074477998767,0.61952698086708,-0.691180444079306,-1.2179049679093814,0.028626206786179966,1,0,0,1,0,1,0,1,1,0,0,1,0,1,1,0,1,2,1,0
3.2216272734556557,-0.4349679859204425,0.4806649538308412,-0.691180444079306,-0.40199490441104246,0.028626206786179966,0,1,0,1,0,1,0,1,1,0,1,0,0,1,2,2,2,0,1,0
2.8822923187299394,-0.9573714327631713,0.8278200214214383,1.3478671949191148,-0.40199490441104246,-0.9383447523158153,1,0,0,1,0,1,1,0,1,0,1,0,0,1,2,1,0,1,1,2
-0.341389751164367,0.8710406311863795,0.4112339403127217,-0.011497897746499092,0.4139151590872966,0.028626206786179966,0,1,0,1,1,0,0,1,1,0,1,0,0,2,1,1,1,0,2,1
-0.341389751164367,-0.7832369504822617,0.6889579943851994,-0.011497897746499092,-0.40199490441104246,-0.9383447523158153,0,1,0,1,0,1,0,1,1,0,0,1,0,1,0,0,0,0,0,1
-0.002054796438650507,-0.6961697093418069,1.0361130619757966,-0.011497897746499092,0.4139151590872966,0.028626206786179966,0,1,0,1,0,1,0,1,1,0,0,1,0,2,1,2,1,1,0,0
0.8462825903756406,0.6098389077650151,0.61952698086708,0.6681846485863079,0.4139151590872966,0.9955971658881752,0,1,0,1,0,1,0,1,1,0,0,0,1,2,2,0,2,1,1,1
-0.5110572285272252,-1.4797748796059,1.3138371160482742,-0.691180444079306,-1.2179049679093814,-0.9383447523158153,0,1,0,1,1,0,0,1,1,0,1,0,0,1,1,0,1,1,0,1
-1.189727137978658,1.2193095957481987,-1.324541397640264,-0.011497897746499092,0.4139151590872966,0.9955971658881752,0,1,0,1,0,1,0,1,1,0,0,1,0,0,1,2,0,2,1,0
-0.6807247058900834,-1.044438673903626,0.5500959673489606,-0.011497897746499092,0.4139151590872966,-0.9383447523158153,1,0,0,1,1,0,0,1,1,0,0,0,1,1,2,2,0,2,0,0
-1.0200596606158,-1.044438673903626,-1.6716964652308612,-1.370862990412113,-0.40199490441104246,1.9625681249901703,0,1,0,1,1,0,0,1,0,1,0,1,0,2,2,2,2,1,0,1
0.3372801582870659,-1.566842120746355,-1.6716964652308612,1.3478671949191148,0.4139151590872966,-0.9383447523158153,0,1,0,1,1,0,0,1,1,0,0,1,0,2,1,1,0,1,0,0
2.0339549319156482,-1.3056403973249906,-1.2551103841221445,2.0275497412519217,-0.40199490441104246,-0.9383447523158153,1,0,1,0,1,0,0,1,1,0,1,0,0,2,1,1,2,1,0,0
0.3372801582870659,-1.131505915044081,-1.5328344381946224,0.6681846485863079,-1.2179049679093814,0.028626206786179966,0,1,0,1,0,1,0,1,1,0,1,0,0,0,2,1,1,2,0,2
-1.189727137978658,-1.3927076384654453,-1.7411274787489806,-0.011497897746499092,-1.2179049679093814,0.9955971658881752,0,1,0,1,0,1,0,1,1,0,0,0,1,1,0,2,1,0,0,0
-1.0200596606158,0.0003682197818315326,1.244406102530155,0.6681846485863079,1.2298252225856356,0.9955971658881752,1,0,1,0,0,1,0,1,1,0,0,0,1,0,1,1,0,2,0,0
-0.17172227380150873,-0.6961697093418069,1.105544075493916,0.6681846485863079,-0.40199490441104246,0.9955971658881752,0,1,1,0,0,1,0,1,1,0,0,0,1,1,1,2,0,1,0,1
-2.2077320021558076,-0.2608335036395329,-1.5328344381946224,-0.011497897746499092,2.045735286083975,-0.9383447523158153,1,0,1,0,0,1,0,1,1,0,0,0,1,0,1,2,0,1,1,1
-0.8503921832529416,1.567578560310018,1.591561170120752,1.3478671949191148,-1.2179049679093814,0.028626206786179966,1,0,1,0,0,1,0,1,1,0,0,0,1,1,1,2,1,1,0,0
-0.002054796438650507,-0.34790074477998767,1.3832681295663938,-1.370862990412113,2.045735286083975,0.028626206786179966,0,1,0,1,0,1,0,1,1,0,0,0,1,0,1,1,0,2,0,0
-0.002054796438650507,1.4805113191695631,0.06407887272212458,-0.011497897746499092,0.4139151590872966,0.028626206786179966,0,1,1,0,0,1,0,1,1,0,0,0,1,1,1,0,0,0,2,0
-0.8503921832529416,0.0003682197818315326,0.3418029267946023,-0.011497897746499092,-1.2179049679093814,1.9625681249901703,1,0,0,1,1,0,0,1,1,0,0,1,0,2,1,1,0,0,0,0
0.5069476356499242,-1.2185731561845357,0.4806649538308412,-0.011497897746499092,-0.40199490441104246,-0.9383447523158153,0,1,0,1,0,1,0,1,1,0,0,0,1,1,2,2,1,1,0,0
0.5069476356499242,-0.17376626249907806,-1.7411274787489806,2.0275497412519217,-0.40199490441104246,0.028626206786179966,1,0,1,0,0,1,0,1,0,1,0,0,1,1,1,1,1,1,2,0
-0.17172227380150873,1.3934440780291084,-0.5608002489409503,-1.370862990412113,2.045735286083975,-1.9053157114178105,0,1,1,0,0,1,0,1,1,0,0,1,0,1,2,1,2,1,0,1
-0.002054796438650507,0.6098389077650151,-1.324541397640264,2.0275497412519217,0.4139151590872966,-0.9383447523158153,1,0,0,1,1,0,0,1,1,0,0,1,0,1,1,1,1,1,1,1
-0.6807247058900834,0.6098389077650151,-1.5328344381946224,1.3478671949191148,1.2298252225856356,1.9625681249901703,0,1,1,0,1,0,0,1,1,0,0,1,0,2,1,2,1,2,1,0
-0.6807247058900834,0.0003682197818315326,-1.1856793706040252,1.3478671949191148,-1.2179049679093814,-0.9383447523158153,1,0,0,1,1,0,0,1,1,0,0,1,0,2,0,0,1,1,0,0
-1.189727137978658,0.0003682197818315326,0.06407887272212458,1.3478671949191148,-1.2179049679093814,-0.9383447523158153,1,0,0,1,1,0,0,1,1,0,0,1,0,1,1,1,2,1,0,0
0.5069476356499242,1.3063768368886535,1.3138371160482742,0.6681846485863079,-0.40199490441104246,0.9955971658881752,0,1,0,1,0,1,0,1,1,0,0,0,1,1,1,1,1,1,0,0
-0.17172227380150873,-0.4349679859204425,-0.7690932894953085,0.6681846485863079,0.4139151590872966,1.9625681249901703,1,0,0,1,1,0,0,1,1,0,1,0,0,1,2,1,2,0,2,1
-0.341389751164367,0.34863718434365076,-0.7690932894953085,-0.691180444079306,0.4139151590872966,-0.9383447523158153,1,0,0,1,1,0,0,1,1,0,0,0,1,2,0,1,0,2,0,0
1.015950067738499,1.2193095957481987,-1.3939724111583836,1.3478671949191148,0.4139151590872966,0.028626206786179966,0,1,0,1,0,1,0,1,1,0,0,1,0,0,0,0,2,1,0,0
0.6766151130127824,1.132242354607744,-1.324541397640264,-2.05054553674492,2.045735286083975,-0.9383447523158153,1,0,0,1,1,0,0,1,1,0,1,0,0,1,2,0,0,2,2,1
-0.8503921832529416,0.0003682197818315326,1.105544075493916,1.3478671949191148,1.2298252225856356,-0.9383447523158153,1,0,0,1,0,1,0,1,1,0,0,0,1,1,1,0,0,1,1,1
-1.189727137978658,1.2193095957481987,-0.352507208386592,-0.011497897746499092,-0.40199490441104246,0.028626206786179966,0,1,1,0,0,1,0,1,1,0,1,0,0,2,2,1,1,1,0,1
0.5069476356499242,0.34863718434365076,-0.1442141678322337,-0.011497897746499092,-1.2179049679093814,0.028626206786179966,0,1,0,1,1,0,0,1,1,0,0,0,1,0,2,0,0,1,0,0
0.3372801582870659,0.34863718434365076,0.9666820484576771,-0.691180444079306,0.4139151590872966,0.028626206786179966,0,1,0,1,0,1,0,1,1,0,0,1,0,2,1,1,1,1,0,0
1.015950067738499,0.8710406311863795,0.61952698086708,-0.011497897746499092,-0.40199490441104246,0.028626206786179966,0,1,0,1,0,1,0,1,1,0,0,0,1,1,0,0,1,1,0,1
1.3552850224642152,-0.9573714327631713,0.133509886240244,0.6681846485863079,1.2298252225856356,0.9955971658881752,1,0,0,1,1,0,0,1,1,0,0,1,0,0,1,1,1,1,1,1
-1.0200596606158,0.0003682197818315326,-0.9079553165315475,-0.691180444079306,-1.2179049679093814,-0.9383447523158153,0,1,1,0,1,0,0,1,1,0,1,0,0,2,1,1,2,1,2,0
0.5069476356499242,-0.6961697093418069,0.61952698086708,-0.011497897746499092,-1.2179049679093814,0.9955971658881752,0,1,0,1,0,1,0,1,1,0,0,0,1,0,1,2,1,1,0,0
-0.002054796438650507,0.9581078723268344,1.105544075493916,-0.691180444079306,1.2298252225856356,-0.9383447523158153,0,1,0,1,1,0,0,1,1,0,0,1,0,2,1,1,2,2,0,0
-0.6807247058900834,-1.566842120746355,0.27237191327648286,-0.011497897746499092,0.4139151590872966,0.028626206786179966,0,1,0,1,0,1,0,1,1,0,0,1,0,1,1,0,1,1,0,0
-0.002054796438650507,0.8710406311863795,-1.324541397640264,-2.05054553674492,-1.2179049679093814,-1.9053157114178105,0,1,1,0,0,1,0,1,1,0,0,0,1,2,1,1,0,2,0,1
-0.6807247058900834,0.6098389077650151,-1.324541397640264,2.0275497412519217,0.4139151590872966,-2.872286670519806,1,0,1,0,0,1,0,1,1,0,0,1,0,0,1,0,1,2,2,1
-0.8503921832529416,1.3934440780291084,0.4806649538308412,1.3478671949191148,0.4139151590872966,0.028626206786179966,1,0,1,0,1,0,0,1,1,0,0,1,0,2,2,1,0,0,0,0
-0.5110572285272252,-0.9573714327631713,1.452699143084513,1.3478671949191148,0.4139151590872966,0.028626206786179966,0,1,0,1,0,1,0,1,1,0,1,0,0,2,2,1,0,1,1,2
-0.17172227380150873,-0.8703041916227164,-0.5608002489409503,-0.691180444079306,2.861645349582314,0.9955971658881752,1,0,0,1,0,1,0,1,1,0,0,0,1,1,1,1,1,0,2,1
0.6766151130127824,0.17450270206274113,0.133509886240244,1.3478671949191148,1.2298252225856356,-0.9383447523158153,1,0,0,1,1,0,0,1,1,0,0,0,1,1,1,1,1,1,0,0
-0.17172227380150873,-0.08669902135862327,-0.8385243030134281,0.6681846485863079,2.045735286083975,-0.9383447523158153,0,1,0,1,0,1,0,1,1,0,0,1,0,1,2,1,0,2,0,1
-0.5110572285272252,1.2193095957481987,1.1749750890120354,2.0275497412519217,0.4139151590872966,-0.9383447523158153,0,1,1,0,1,0,0,1,1,0,1,0,0,1,1,0,0,1,0,0
0.6766151130127824,-0.609102468201352,-0.2830761948684726,1.3478671949191148,-1.2179049679093814,0.028626206786179966,0,1,0,1,0,1,0,1,1,0,0,1,0,0,1,2,0,1,0,1
-1.189727137978658,1.3934440780291084,-0.4219382219047114,-1.370862990412113,0.4139151590872966,0.028626206786179966,0,1,0,1,1,0,0,1,1,0,0,0,1,1,1,1,1,0,0,0
1.3552850224642152,-0.609102468201352,1.244406102530155,-0.011497897746499092,0.4139151590872966,0.028626206786179966,0,1,1,0,0,1,0,1,1,0,0,1,0,0,0,2,0,2,1,0
0.5069476356499242,0.34863718434365076,0.3418029267946023,-0.011497897746499092,-0.40199490441104246,0.028626206786179966,1,0,1,0,0,1,0,1,1,0,0,0,1,1,0,1,1,2,1,1
-0.002054796438650507,-1.3056403973249906,-1.7411274787489806,0.6681846485863079,-1.2179049679093814,1.9625681249901703,0,1,0,1,0,1,0,1,1,0,0,0,1,1,2,1,0,1,0,0
-1.3593946153415164,0.8710406311863795,-0.5608002489409503,0.6681846485863079,0.4139151590872966,0.028626206786179966,1,0,0,1,1,0,0,1,1,0,0,1,0,2,2,0,0,0,0,0
-0.8503921832529416,1.045175113467289,-0.4219382219047114,0.6681846485863079,-0.40199490441104246,0.9955971658881752,0,1,1,0,1,0,0,1,1,0,0,1,0,0,1,1,2,1,2,0
-0.17172227380150873,0.7839733900459247,1.3138371160482742,2.0275497412519217,-1.2179049679093814,-1.9053157114178105,1,0,1,0,0,1,0,1,1,0,0,1,0,2,2,1,2,1,1,0
-0.341389751164367,-0.9573714327631713,0.6889579943851994,2.0275497412519217,0.4139151590872966,-2.872286670519806,1,0,1,0,0,1,0,1,1,0,0,0,1,1,2,1,2,1,1,1
-1.3593946153415164,-0.609102468201352,0.4806649538308412,-0.011497897746499092,-0.40199490441104246,0.028626206786179966,0,1,0,1,1,0,1,0,1,0,0,0,1,0,1,1,0,1,0,2
1.6946199771899317,0.34863718434365076,-0.6302312624590697,-1.370862990412113,-1.2179049679093814,-0.9383447523158153,1,0,0,1,0,1,0,1,1,0,0,0,1,2,0,0,1,0,2,0
0.3372801582870659,1.045175113467289,1.3832681295663938,-1.370862990412113,-1.2179049679093814,0.028626206786179966,0,1,0,1,0,1,0,1,1,0,0,0,1,2,0,0,0,0,2,0
1.185617545101357,-0.17376626249907806,-1.3939724111583836,0.6681846485863079,1.2298252225856356,-0.9383447523158153,0,1,0,1,0,1,0,1,1,0,0,1,0,1,1,0,2,1,2,1
0.16761268092420772,-0.34790074477998767,-0.7690932894953085,-0.011497897746499092,-0.40199490441104246,-0.9383447523158153,0,1,1,0,0,1,0,1,1,0,0,0,1,1,1,0,1,2,0,1
-0.5110572285272252,-0.4349679859204425,-0.4219382219047114,-0.011497897746499092,-0.40199490441104246,0.9955971658881752,0,1,0,1,0,1,0,1,1,0,0,0,1,2,0,1,2,1,0,0
0.3372801582870659,-1.3927076384654453,0.133509886240244,-1.370862990412113,-0.40199490441104246,-0.9383447523158153,0,1,1,0,1,0,0,1,1,0,1,0,0,2,1,1,2,1,1,0
-0.341389751164367,0.26156994320319593,-0.6302312624590697,-1.370862990412113,-1.2179049679093814,0.9955971658881752,0,1,1,0,0,1,0,1,1,0,0,0,1,1,2,1,2,1,2,0
-1.0200596606158,0.0003682197818315326,1.591561170120752,-0.011497897746499092,0.4139151590872966,-0.9383447523158153,0,1,1,0,0,1,0,1,1,0,1,0,0,2,0,2,0,2,0,0
2.5429573640042227,0.8710406311863795,1.1749750890120354,-0.011497897746499092,-1.2179049679093814,0.9955971658881752,0,1,1,0,0,1,1,0,1,0,0,1,0,2,1,0,0,1,0,0
-1.0200596606158,-1.3056403973249906,-0.21364518135035315,-1.370862990412113,1.2298252225856356,-0.9383447523158153,0,1,1,0,0,1,0,1,1,0,1,0,0,1,2,0,0,2,0,0
-1.5290620927043745,0.34863718434365076,0.06407887272212458,-0.691180444079306,1.2298252225856356,0.028626206786179966,1,0,0,1,0,1,0,1,1,0,1,0,0,2,1,2,0,2,0,1
-1.189727137978658,-1.7409766030272644,0.133509886240244,1.3478671949191148,0.4139151590872966,1.9625681249901703,0,1,1,0,1,0,0,1,0,1,0,0,1,1,1,0,1,2,0,0
0.3372801582870659,-0.8703041916227164,0.61952698086708,-0.011497897746499092,1.2298252225856356,1.9625681249901703,0,1,0,1,1,0,0,1,1,0,0,0,1,1,2,0,0,2,0,0
-0.17172227380150873,1.045175113467289,0.6889579943851994,-1.370862990412113,-0.40199490441104246,0.9955971658881752,0,1,1,0,0,1,0,1,1,0,0,1,0,1,1,1,1,2,0,0
-0.341389751164367,-1.2185731561845357,1.244406102530155,-0.691180444079306,-0.40199490441104246,0.028626206786179966,1,0,0,1,0,1,0,1,0,1,0,1,0,0,1,1,0,1,1,0
1.015950067738499,-1.131505915044081,0.4112339403127217,-0.691180444079306,2.045735286083975,0.028626206786179966,0,1,0,1,0,1,0,1,0,1,0,1,0,0,2,2,0,2,1,0
-0.5110572285272252,-0.08669902135862327,0.3418029267946023,-0.011497897746499092,-0.40199490441104246,0.028626206786179966,1,0,0,1,0,1,0,1,1,0,0,0,1,1,1,0,2,2,1,0
-0.5110572285272252,1.6546458014504728,-0.5608002489409503,-1.370862990412113,0.4139151590872966,0.9955971658881752,0,1,1,0,1,0,0,1,1,0,0,1,0,1,1,0,1,1,2,2
-1.5290620927043745,0.34863718434365076,0.4112339403127217,-1.370862990412113,-0.40199490441104246,0.028626206786179966,1,0,1,0,1,0,0,1,1,0,1,0,0,2,1,0,0,1,0,1
-0.8503921832529416,1.3934440780291084,-0.07478315431411428,-0.011497897746499092,0.4139151590872966,-0.9383447523158153,0,1,1,0,1,0,0,1,1,0,0,0,1,2,1,1,0,0,0,2
-0.8503921832529416,-0.08669902135862327,-0.6302312624590697,-0.011497897746499092,0.4139151590872966,0.028626206786179966,1,0,0,1,0,1,0,1,1,0,0,0,1,1,2,1,0,1,1,2
-0.341389751164367,-0.34790074477998767,0.4806649538308412,2.0275497412519217,-0.40199490441104246,0.9955971658881752,0,1,1,0,0,1,0,1,1,0,1,0,0,0,2,2,1,1,1,0
0.16761268092420772,-0.08669902135862327,1.3832681295663938,0.6681846485863079,-1.2179049679093814,-0.9383447523158153,1,0,0,1,0,1,0,1,1,0,0,1,0,1,1,2,1,1,2,0
1.185617545101357,-0.6961697093418069,-1.5328344381946224,-1.370862990412113,-0.40199490441104246,1.9625681249901703,0,1,1,0,0,1,0,1,1,0,0,1,0,2,2,1,2,1,2,0
-0.002054796438650507,0.9581078723268344,0.4806649538308412,-0.011497897746499092,-1.2179049679093814,0.9955971658881752,0,1,0,1,0,1,0,1,1,0,0,1,0,2,0,1,1,1,1,0
-0.17172227380150873,-0.8703041916227164,-0.49136923542283084,0.6681846485863079,-0.40199490441104246,0.028626206786179966,1,0,0,1,0,1,1,0,1,0,0,0,1,2,1,2,0,1,1,0
-0.341389751164367,-1.3927076384654453,-0.4219382219047114,0.6681846485863079,1.2298252225856356,0.028626206786179966,0,1,0,1,1,0,0,1,1,0,0,0,1,2,2,1,2,1,1,1
0.3372801582870659,-0.7832369504822617,1.3138371160482742,-0.011497897746499092,-0.40199490441104246,0.9955971658881752,0,1,0,1,0,1,0,1,1,0,0,1,0,1,2,1,1,1,0,0
-0.17172227380150873,0.6098389077650151,-1.7411274787489806,-0.691180444079306,1.2298252225856356,-0.9383447523158153,0,1,0,1,0,1,0,1,1,0,0,1,0,0,2,1,0,1,2,0
-1.868397047430091,0.17450270206274113,0.20294089975836344,0.6681846485863079,-1.2179049679093814,-2.872286670519806,1,0,0,1,1,0,0,1,1,0,0,1,0,2,1,1,2,1,0,1
-1.189727137978658,-1.4797748796059,-1.6022654517127417,0.6681846485863079,0.4139151590872966,0.9955971658881752,0,1,0,1,0,1,0,1,1,0,0,0,1,1,2,1,0,1,0,0
-1.868397047430091,-0.8703041916227164,0.20294089975836344,1.3478671949191148,-0.40199490441104246,-0.9383447523158153,1,0,0,1,1,0,0,1,1,0,0,1,0,1,1,0,1,0,0,0
-0.6807247058900834,-0.9573714327631713,-1.324541397640264,0.6681846485863079,0.4139151590872966,0.028626206786179966,0,1,1,0,1,0,0,1,1,0,0,1,0,1,1,0,1,1,2,0
0.16761268092420772,-0.34790074477998767,0.5500959673489606,0.6681846485863079,-1.2179049679093814,1.9625681249901703,0,1,0,1,0,1,0,1,1,0,0,0,1,1,2,1,0,1,0,0
0.5069476356499242,1.7417130425909275,-0.49136923542283084,1.3478671949191148,2.045735286083975,0.028626206786179966,0,1,1,0,0,1,0,1,1,0,1,0,0,1,1,1,2,2,2,0
-0.17172227380150873,0.9581078723268344,-0.07478315431411428,0.6681846485863079,2.045735286083975,-0.9383447523158153,1,0,0,1,0,1,0,1,0,1,0,1,0,1,0,0,1,1,2,0
-0.17172227380150873,-1.131505915044081,-1.3939724111583836,-0.691180444079306,-0.40199490441104246,0.9955971658881752,0,1,0,1,0,1,0,1,1,0,0,1,0,1,1,0,1,1,0,0
0.8462825903756406,1.2193095957481987,1.452699143084513,0.6681846485863079,3.677555413080653,0.028626206786179966,1,0,0,1,1,0,0,1,0,1,1,0,0,2,2,2,1,1,0,2
-0.002054796438650507,0.08743546092228634,-1.324541397640264,-0.011497897746499092,-0.40199490441104246,0.028626206786179966,0,1,1,0,0,1,1,0,1,0,0,0,1,2,2,0,1,1,0,0
-0.002054796438650507,-1.4797748796059,-0.005352140795994853,-0.011497897746499092,0.4139151590872966,-0.9383447523158153,1,0,0,1,0,1,0,1,1,0,0,1,0,0,1,0,1,2,0,0
-0.002054796438650507,-0.5220352270608973,-0.4219382219047114,-1.370862990412113,-0.40199490441104246,0.9955971658881752,1,0,0,1,0,1,0,1,1,0,0,0,1,2,0,2,1,1,1,1
-0.341389751164367,1.4805113191695631,0.8972510349395577,1.3478671949191148,-0.40199490441104246,0.028626206786179966,1,0,0,1,1,0,0,1,0,1,0,1,0,1,2,0,2,1,0,0
-0.002054796438650507,1.567578560310018,0.9666820484576771,0.6681846485863079,1.2298252225856356,-0.9383447523158153,0,1,0,1,0,1,0,1,0,1,1,0,0,1,1,2,2,1,1,0
-0.002054796438650507,-0.7832369504822617,-0.352507208386592,-0.011497897746499092,-1.2179049679093814,0.9955971658881752,1,0,0,1,1,0,0,1,1,0,1,0,0,1,1,2,2,2,0,0
-0.002054796438650507,-1.3927076384654453,-1.2551103841221445,-0.691180444079306,1.2298252225856356,0.9955971658881752,1,0,0,1,0,1,0,1,1,0,0,1,0,1,1,1,0,2,1,0
-0.8503921832529416,1.3063768368886535,0.8972510349395577,-0.691180444079306,-0.40199490441104246,1.9625681249901703,0,1,0,1,0,1,0,1,1,0,1,0,0,0,0,0,0,1,0,0
-2.88640191160724,1.3934440780291084,-1.1162483570859056,1.3478671949191148,0.4139151590872966,0.028626206786179966,1,0,0,1,0,1,0,1,1,0,1,0,0,2,2,1,0,1,1,1
-0.341389751164367,-0.08669902135862327,-1.3939724111583836,-0.011497897746499092,-0.40199490441104246,0.028626206786179966,1,0,0,1,0,1,0,1,1,0,0,0,1,1,1,1,0,2,0,1
-0.8503921832529416,0.7839733900459247,0.4806649538308412,1.3478671949191148,-0.40199490441104246,0.028626206786179966,0,1,0,1,0,1,0,1,1,0,0,1,0,0,1,0,1,1,1,0
-0.6807247058900834,-0.34790074477998767,-0.6302312624590697,-0.691180444079306,-0.40199490441104246,0.028626206786179966,1,0,1,0,1,0,0,1,1,0,0,1,0,0,1,0,1,1,2,0
0.16761268092420772,-0.6961697093418069,1.730423197156991,0.6681846485863079,1.2298252225856356,0.028626206786179966,0,1,1,0,0,1,0,1,1,0,0,0,1,2,2,1,0,2,1,2
0.6766151130127824,-1.4797748796059,-1.1162483570859056,0.6681846485863079,-0.40199490441104246,0.028626206786179966,0,1,0,1,1,0,0,1,0,1,0,1,0,2,1,0,0,1,0,0
0.5069476356499242,-1.566842120746355,1.3138371160482742,-2.05054553674492,-1.2179049679093814,0.028626206786179966,1,0,1,0,1,0,0,1,1,0,0,0,1,2,0,1,1,0,2,2
-0.17172227380150873,-1.3056403973249906,0.06407887272212458,-0.011497897746499092,-1.2179049679093814,0.028626206786179966,1,0,0,1,0,1,1,0,1,0,0,1,0,1,2,1,1,1,2,0
0.3372801582870659,-1.3056403973249906,-0.7690932894953085,-0.011497897746499092,-0.40199490441104246,-0.9383447523158153,0,1,1,0,0,1,0,1,1,0,1,0,0,1,1,2,1,2,0,1
1.3552850224642152,-1.566842120746355,0.8972510349395577,2.0275497412519217,-1.2179049679093814,-0.9383447523158153,0,1,0,1,0,1,0,1,0,1,0,0,1,2,1,1,0,2,2,1
-1.0200596606158,0.08743546092228634,0.4112339403127217,1.3478671949191148,-0.40199490441104246,0.028626206786179966,1,0,1,0,1,0,0,1,1,0,1,0,0,1,1,1,0,2,2,0
-0.8503921832529416,-0.34790074477998767,-1.5328344381946224,0.6681846485863079,-0.40199490441104246,0.9955971658881752,0,1,0,1,1,0,0,1,1,0,0,1,0,2,2,1,0,1,1,0
-0.341389751164367,0.26156994320319593,-0.7690932894953085,-0.691180444079306,-0.40199490441104246,0.028626206786179966,1,0,1,0,0,1,1,0,1,0,1,0,0,1,2,0,1,2,0,0
-0.002054796438650507,-1.044438673903626,0.6889579943851994,-0.011497897746499092,-0.40199490441104246,0.028626206786179966,0,1,0,1,0,1,0,1,1,0,0,1,0,2,1,1,1,1,1,2
-1.868397047430091,1.3934440780291084,-0.005352140795994853,0.6681846485863079,-0.40199490441104246,0.9955971658881752,1,0,1,0,0,1,0,1,0,1,0,0,1,1,0,0,0,2,0,0
0.3372801582870659,1.3063768368886535,1.3832681295663938,0.6681846485863079,0.4139151590872966,0.9955971658881752,1,0,1,0,0,1,1,0,1,0,0,1,0,1,0,1,0,2,0,0
-1.189727137978658,1.7417130425909275,-1.4634034246765029,0.6681846485863079,-1.2179049679093814,0.028626206786179966,1,0,0,1,0,1,0,1,1,0,0,0,1,1,0,1,1,2,1,0
0.6766151130127824,-0.5220352270608973,-0.8385243030134281,0.6681846485863079,-0.40199490441104246,0.028626206786179966,0,1,0,1,0,1,0,1,1,0,0,0,1,0,0,2,0,2,0,1
-1.3593946153415164,0.17450270206274113,1.591561170120752,-1.370862990412113,-1.2179049679093814,-1.9053157114178105,0,1,0,1,1,0,0,1,1,0,0,1,0,0,1,1,0,2,0,1
-1.3593946153415164,0.7839733900459247,-0.21364518135035315,-0.011497897746499092,-0.40199490441104246,1.9625681249901703,0,1,0,1,0,1,0,1,1,0,0,1,0,1,0,1,2,2,1,0
1.6946199771899317,-1.131505915044081,-1.6022654517127417,-0.691180444079306,-0.40199490441104246,-1.9053157114178105,1,0,0,1,1,0,0,1,1,0,0,1,0,1,2,1,0,1,0,0
1.185617545101357,-1.044438673903626,-0.6302312624590697,1.3478671949191148,1.2298252225856356,0.028626206786179966,0,1,1,0,1,0,0,1,1,0,0,0,1,1,1,1,2,1,0,2
-1.0200596606158,0.08743546092228634,0.6889579943851994,-2.05054553674492,1.2298252225856356,0.9955971658881752,1,0,0,1,1,0,0,1,1,0,0,0,1,2,1,0,1,2,2,1
0.16761268092420772,0.69690614890547,-1.1856793706040252,-0.691180444079306,1.2298252225856356,0.9955971658881752,0,1,1,0,1,0,0,1,1,0,0,1,0,2,0,1,2,1,1,0
-0.8503921832529416,0.26156994320319593,1.591561170120752,-2.05054553674492,1.2298252225856356,0.028626206786179966,1,0,0,1,1,0,0,1,1,0,0,0,1,1,2,0,0,2,0,1
-1.3593946153415164,-0.9573714327631713,1.1749750890120354,-0.011497897746499092,-0.40199490441104246,0.028626206786179966,1,0,0,1,0,1,0,1,1,0,0,1,0,2,1,0,1,1,1,0
0.6766151130127824,-0.34790074477998767,-1.3939724111583836,2.0275497412519217,0.4139151590872966,0.9955971658881752,0,1,0,1,1,0,0,1,1,0,0,0,1,2,1,0,0,1,0,0
0.3372801582870659,-1.3927076384654453,-0.6302312624590697,-0.691180444079306,-0.40199490441104246,0.9955971658881752,0,1,0,1,1,0,0,1,1,0,0,1,0,1,2,0,1,1,1,0
1.185617545101357,1.2193095957481987,-1.2551103841221445,-0.011497897746499092,-0.40199490441104246,-1.9053157114178105,0,1,1,0,0,1,0,1,1,0,0,1,0,1,1,1,1,1,0,0
-1.3593946153415164,-1.4797748796059,-0.4219382219047114,-1.370862990412113,-1.2179049679093814,-0.9383447523158153,1,0,0,1,0,1,0,1,1,0,1,0,0,1,2,0,1,2,1,1
0.5069476356499242,0.8710406311863795,0.20294089975836344,-1.370862990412113,-0.40199490441104246,0.028626206786179966,0,1,1,0,0,1,1,0,1,0,0,1,0,1,2,2,1,1,0,1
0.5069476356499242,1.6546458014504728,-0.49136923542283084,-0.011497897746499092,-1.2179049679093814,-0.9383447523158153,0,1,1,0,0,1,0,1,1,0,0,0,1,0,1,1,2,2,0,2
1.5249524998270736,1.3934440780291084,1.3138371160482742,0.6681846485863079,0.4139151590872966,0.9955971658881752,0,1,0,1,1,0,1,0,1,0,1,0,0,1,2,2,0,2,0,0
-0.002054796438650507,-0.609102468201352,0.9666820484576771,-1.370862990412113,0.4139151590872966,1.9625681249901703,1,0,0,1,0,1,0,1,0,1,0,0,1,2,1,1,1,2,0,1
1.6946199771899317,0.69690614890547,1.452699143084513,1.3478671949191148,-0.40199490441104246,0.028626206786179966,0,1,1,0,0,1,0,1,0,1,0,1,0,2,1,1,1,2,0,0
-1.868397047430091,-0.6961697093418069,1.105544075493916,2.0275497412519217,-0.40199490441104246,-0.9383447523158153,1,0,0,1,0,1,1,0,1,0,0,1,0,1,2,1,2,1,0,2
0.16761268092420772,-1.7409766030272644,-0.9079553165315475,1.3478671949191148,0.4139151590872966,0.028626206786179966,0,1,0,1,0,1,0,1,1,0,0,0,1,2,1,1,0,1,0,0
0.3372801582870659,0.08743546092228634,0.3418029267946023,-0.011497897746499092,-0.40199490441104246,0.028626206786179966,1,0,0,1,0,1,0,1,1,0,0,0,1,1,0,0,1,1,1,1
-0.5110572285272252,0.43570442548410554,-0.6302312624590697,2.0275497412519217,-0.40199490441104246,-1.9053157114178105,0,1,0,1,0,1,0,1,0,1,0,1,0,2,1,1,2,1,2,1
1.015950067738499,0.08743546092228634,0.8278200214214383,0.6681846485863079,0.4139151590872966,-1.9053157114178105,0,1,0,1,0,1,0,1,1,0,0,1,0,1,2,1,2,2,2,0
-0.6807247058900834,-0.5220352270608973,0.3418029267946023,0.6681846485863079,-1.2179049679093814,0.9955971658881752,1,0,0,1,1,0,0,1,1,0,0,0,1,2,1,1,0,1,2,0
1.185617545101357,0.08743546092228634,1.244406102530155,0.6681846485863079,-1.2179049679093814,0.028626206786179966,1,0,0,1,0,1,0,1,1,0,0,1,0,1,2,1,2,2,1,0
-0.6807247058900834,-0.609102468201352,-0.6996622759771891,-0.011497897746499092,-0.40199490441104246,0.9955971658881752,0,1,1,0,0,1,0,1,1,0,0,0,1,2,2,0,1,1,1,1
0.16761268092420772,1.4805113191695631,1.452699143084513,0.6681846485863079,0.4139151590872966,0.9955971658881752,1,0,0,1,0,1,0,1,1,0,0,0,1,0,1,2,0,2,1,1
-0.17172227380150873,0.17450270206274113,-1.2551103841221445,-0.011497897746499092,-0.40199490441104246,0.028626206786179966,0,1,0,1,0,1,0,1,1,0,0,1,0,1,2,1,1,1,0,0
0.16761268092420772,0.0003682197818315326,1.1749750890120354,-0.011497897746499092,-0.40199490441104246,0.028626206786179966,0,1,0,1,1,0,0,1,1,0,0,0,1,1,1,0,1,1,0,1
0.6766151130127824,-1.131505915044081,0.7583890079033189,-0.691180444079306,3.677555413080653,0.028626206786179966,1,0,1,0,1,0,0,1,0,1,0,0,1,2,0,1,0,1,2,1
-2.0380645247929494,1.2193095957481987,0.9666820484576771,0.6681846485863079,-1.2179049679093814,-0.9383447523158153,1,0,0,1,1,0,0,1,1,0,0,1,0,2,0,2,1,1,0,0
-0.6807247058900834,-1.131505915044081,1.3832681295663938,-0.011497897746499092,0.4139151590872966,1.9625681249901703,0,1,0,1,1,0,0,1,0,1,0,1,0,1,1,0,1,1,0,0
2.8822923187299394,-0.609102468201352,-0.2830761948684726,-0.691180444079306,-1.2179049679093814,1.9625681249901703,0,1,0,1,0,1,0,1,1,0,0,0,1,1,2,1,2,2,0,1
0.3372801582870659,1.045175113467289,-0.21364518135035315,-1.370862990412113,-1.2179049679093814,0.9955971658881752,0,1,1,0,1,0,0,1,1,0,1,0,0,1,0,0,1,1,1,1
-1.3593946153415164,-1.3927076384654453,-0.07478315431411428,-0.691180444079306,-1.2179049679093814,-0.9383447523158153,0,1,0,1,0,1,0,1,1,0,0,0,1,2,0,2,1,1,0,1
-1.868397047430091,1.132242354607744,-0.21364518135035315,-0.691180444079306,-0.40199490441104246,-0.9383447523158153,1,0,0,1,0,1,0,1,1,0,0,0,1,2,0,0,1,1,1,0
0.5069476356499242,-1.566842120746355,0.8278200214214383,-1.370862990412113,-0.40199490441104246,0.028626206786179966,0,1,1,0,1,0,0,1,1,0,0,0,1,2,0,1,2,0,0,0
1.6946199771899317,0.7839733900459247,0.9666820484576771,-0.691180444079306,1.2298252225856356,0.028626206786179966,0,1,0,1,1,0,0,1,1,0,0,1,0,1,1,1,2,1,2,1
-0.5110572285272252,1.567578560310018,-0.1442141678322337,-1.370862990412113,-1.2179049679093814,-0.9383447523158153,0,1,0,1,1,0,0,1,1,0,1,0,0,1,1,0,0,2,1,1
-0.8503921832529416,1.3934440780291084,0.7583890079033189,-1.370862990412113,0.4139151590872966,-0.9383447523158153,0,1,1,0,1,0,0,1,1,0,0,0,1,1,2,1,2,1,0,0
0.3372801582870659,-1.4797748796059,1.3138371160482742,-0.011497897746499092,-1.2179049679093814,0.028626206786179966,0,1,0,1,0,1,0,1,0,1,1,0,0,0,0,1,1,1,0,2
1.015950067738499,0.0003682197818315326,1.244406102530155,0.6681846485863079,0.4139151590872966,-1.9053157114178105,0,1,0,1,0,1,0,1,1,0,0,1,0,1,1,1,0,0,2,1
0.3372801582870659,1.3934440780291084,-0.352507208386592,-0.011497897746499092,0.4139151590872966,0.9955971658881752,0,1,1,0,1,0,1,0,1,0,1,0,0,1,2,1,1,1,1,1
-1.5290620927043745,1.6546458014504728,-1.0468173435677863,2.0275497412519217,-0.40199490441104246,-1.9053157114178105,1,0,0,1,1,0,0,1,1,0,0,0,1,1,1,1,2,1,1,0
0.6766151130127824,1.3063768368886535,-0.1442141678322337,-0.691180444079306,1.2298252225856356,-0.9383447523158153,0,1,0,1,0,1,1,0,1,0,0,0,1,1,0,1,0,1,0,1
0.3372801582870659,-0.4349679859204425,0.8972510349395577,-0.011497897746499092,-1.2179049679093814,0.028626206786179966,0,1,1,0,1,0,0,1,1,0,0,1,0,1,1,0,0,1,2,2
0.3372801582870659,1.132242354607744,1.452699143084513,-2.05054553674492,-0.40199490441104246,-0.9383447523158153,0,1,1,0,0,1,0,1,1,0,0,0,1,2,1,2,2,0,1,0
-0.5110572285272252,-1.566842120746355,0.7583890079033189,0.6681846485863079,0.4139151590872966,0.9955971658881752,1,0,0,1,1,0,0,1,1,0,0,1,0,1,0,2,1,1,0,1
1.015950067738499,-0.6961697093418069,0.4112339403127217,1.3478671949191148,-1.2179049679093814,0.028626206786179966,0,1,0,1,1,0,0,1,1,0,0,1,0,2,1,2,1,2,0,0
-0.17172227380150873,-0.5220352270608973,1.244406102530155,0.6681846485863079,-0.40199490441104246,0.028626206786179966,0,1,0,1,1,0,0,1,1,0,1,0,0,2,2,2,1,1,0,0
0.5069476356499242,1.3063768368886535,1.1749750890120354,-0.011497897746499092,-0.40199490441104246,-1.9053157114178105,1,0,0,1,1,0,0,1,1,0,0,0,1,2,0,2,0,1,0,0
0.8462825903756406,1.3063768368886535,-0.49136923542283084,-1.370862990412113,-0.40199490441104246,0.028626206786179966,0,1,0,1,0,1,0,1,1,0,0,0,1,1,0,1,1,2,0,2
1.015950067738499,-0.4349679859204425,0.4112339403127217,-2.05054553674492,1.2298252225856356,-0.9383447523158153,0,1,1,0,0,1,0,1,1,0,0,0,1,0,2,2,1,2,0,1
1.6946199771899317,1.2193095957481987,-1.6022654517127417,0.6681846485863079,-0.40199490441104246,0.9955971658881752,1,0,0,1,1,0,0,1,1,0,0,1,0,1,1,1,1,0,0,0
-1.3593946153415164,1.567578560310018,0.8278200214214383,-0.691180444079306,0.4139151590872966,0.028626206786179966,1,0,1,0,0,1,0,1,1,0,0,1,0,0,2,1,0,1,2,0
2.0339549319156482,1.3063768368886535,-1.1856793706040252,1.3478671949191148,0.4139151590872966,0.9955971658881752,0,1,1,0,0,1,0,1,1,0,0,0,1,1,2,1,1,1,0,0
1.3552850224642152,-1.3927076384654453,0.5500959673489606,-0.011497897746499092,0.4139151590872966,0.9955971658881752,0,1,1,0,1,0,0,1,1,0,0,1,0,2,1,0,2,1,0,1
1.5249524998270736,-1.3927076384654453,0.133509886240244,1.3478671949191148,-1.2179049679093814,-0.9383447523158153,1,0,0,1,1,0,0,1,1,0,1,0,0,0,1,1,0,2,0,1
-0.17172227380150873,0.34863718434365076,-0.21364518135035315,1.3478671949191148,-0.40199490441104246,0.028626206786179966,1,0,0,1,1,0,0,1,1,0,0,0,1,1,0,2,0,1,0,2
-1.0200596606158,0.08743546092228634,-0.9773863300496669,-0.691180444079306,-1.2179049679093814,0.9955971658881752,0,1,0,1,1,0,0,1,1,0,0,0,1,2,1,0,0,1,0,1
-0.002054796438650507,1.4805113191695631,1.3138371160482742,-0.011497897746499092,-0.40199490441104246,-1.9053157114178105,0,1,0,1,0,1,0,1,1,0,1,0,0,2,1,2,1,1,1,1
1.185617545101357,1.2193095957481987,0.7583890079033189,-0.691180444079306,0.4139151590872966,-0.9383447523158153,1,0,1,0,1,0,0,1,1,0,0,1,0,1,0,1,1,1,0,0
-1.5290620927043745,-0.4349679859204425,-0.7690932894953085,0.6681846485863079,1.2298252225856356,0.028626206786179966,1,0,0,1,1,0,0,1,0,1,0,1,0,0,2,1,0,1,1,1
0.6766151130127824,-1.6539093618868097,-1.4634034246765029,0.6681846485863079,-0.40199490441104246,-0.9383447523158153,0,1,0,1,1,0,0,1,0,1,0,1,0,1,1,1,0,1,0,1
1.3552850224642152,0.43570442548410554,0.4112339403127217,1.3478671949191148,0.4139151590872966,0.028626206786179966,0,1,0,1,0,1,0,1,1,0,0,1,0,1,1,0,0,1,0,0
-0.5110572285272252,1.132242354607744,0.06407887272212458,0.6681846485863079,-1.2179049679093814,0.028626206786179966,1,0,1,0,1,0,0,1,1,0,1,0,0,2,1,0,0,1,0,1
-0.17172227380150873,-0.17376626249907806,-1.1856793706040252,-0.691180444079306,-0.40199490441104246,0.028626206786179966,0,1,0,1,0,1,0,1,1,0,0,1,0,1,1,1,0,1,2,0
-1.5290620927043745,1.4805113191695631,-1.0468173435677863,0.6681846485863079,0.4139151590872966,0.028626206786179966,1,0,0,1,0,1,0,1,1,0,0,0,1,0,1,0,0,1,1,0
-0.8503921832529416,-0.5220352270608973,0.06407887272212458,0.6681846485863079,-0.40199490441104246,0.9955971658881752,0,1,0,1,0,1,0,1,1,0,0,1,0,2,1,1,1,0,0,2
-0.341389751164367,0.8710406311863795,-1.6022654517127417,-0.011497897746499092,0.4139151590872966,-0.9383447523158153,0,1,0,1,1,0,0,1,1,0,1,0,0,0,2,2,1,2,0,0
-0.5110572285272252,0.6098389077650151,1.6609921836388715,-0.691180444079306,0.4139151590872966,-0.9383447523158153,0,1,1,0,1,0,0,1,1,0,0,1,0,1,1,1,0,1,2,0
0.3372801582870659,-1.566842120746355,-1.0468173435677863,0.6681846485863079,-1.2179049679093814,-0.9383447523158153,0,1,0,1,1,0,1,0,1,0,0,0,1,0,1,0,1,2,1,0
0.16761268092420772,-0.08669902135862327,0.3418029267946023,0.6681846485863079,-0.40199490441104246,0.028626206786179966,0,1,1,0,0,1,0,1,1,0,1,0,0,0,1,2,0,2,1,0
1.6946199771899317,-1.3927076384654453,-0.4219382219047114,-0.011497897746499092,1.2298252225856356,0.9955971658881752,1,0,0,1,1,0,0,1,1,0,1,0,0,1,1,1,2,0,0,0
2.3732898866413645,1.567578560310018,0.27237191327648286,-0.011497897746499092,-0.40199490441104246,0.9955971658881752,0,1,1,0,1,0,0,1,1,0,0,1,0,1,2,1,0,1,1,0
-0.002054796438650507,-1.2185731561845357,-0.1442141678322337,-0.011497897746499092,-0.40199490441104246,0.9955971658881752,1,0,0,1,1,0,0,1,1,0,1,0,0,2,2,1,1,1,1,0
1.185617545101357,-1.4797748796059,0.3418029267946023,-0.011497897746499092,-0.40199490441104246,0.028626206786179966,0,1,1,0,0,1,0,1,1,0,0,1,0,1,0,2,1,2,0,1
0.6766151130127824,0.9581078723268344,0.06407887272212458,-0.011497897746499092,-1.2179049679093814,-0.9383447523158153,1,0,1,0,0,1,0,1,1,0,0,0,1,2,2,1,1,1,0,1
-0.002054796438650507,1.567578560310018,-0.005352140795994853,-0.011497897746499092,2.045735286083975,-1.9053157114178105,0,1,1,0,1,0,0,1,1,0,0,0,1,0,1,2,1,1,1,0
-0.002054796438650507,-1.2185731561845357,1.105544075493916,-0.691180444079306,-1.2179049679093814,1.9625681249901703,0,1,0,1,0,1,0,1,1,0,1,0,0,1,2,0,1,2,0,2
0.5069476356499242,-0.6961697093418069,-0.7690932894953085,0.6681846485863079,-0.40199490441104246,0.9955971658881752,1,0,0,1,0,1,0,1,1,0,0,1,0,1,1,0,0,1,2,0
1.015950067738499,1.132242354607744,0.6889579943851994,-1.370862990412113,-0.40199490441104246,0.028626206786179966,1,0,0,1,1,0,0,1,1,0,0,0,1,2,1,0,2,2,1,1
1.185617545101357,-0.7832369504822617,-0.4219382219047114,0.6681846485863079,-0.40199490441104246,0.9955971658881752,0,1,0,1,1,0,0,1,1,0,0,0,1,1,0,1,2,1,1,0
-1.0200596606158,1.2193095957481987,-0.2830761948684726,-0.011497897746499092,-1.2179049679093814,0.028626206786179966,1,0,1,0,0,1,0,1,0,1,1,0,0,1,2,1,1,1,1,1
-0.17172227380150873,-1.3927076384654453,-1.324541397640264,-0.011497897746499092,-1.2179049679093814,0.9955971658881752,1,0,1,0,0,1,0,1,1,0,0,1,0,1,1,1,0,1,0,0
1.3552850224642152,-1.2185731561845357,-1.6022654517127417,2.0275497412519217,-1.2179049679093814,0.028626206786179966,0,1,0,1,1,0,0,1,1,0,0,0,1,1,1,0,0,2,0,0
-3.0560693889700987,1.6546458014504728,-1.6022654517127417,1.3478671949191148,-1.2179049679093814,0.9955971658881752,0,1,0,1,0,1,0,1,1,0,0,1,0,1,0,0,1,1,0,0
-0.002054796438650507,1.567578560310018,-1.6022654517127417,1.3478671949191148,-1.2179049679093814,0.028626206786179966,0,1,1,0,0,1,0,1,1,0,0,0,1,2,2,1,1,1,1,2
-0.6807247058900834,-0.4349679859204425,0.7583890079033189,-1.370862990412113,-1.2179049679093814,-1.9053157114178105,1,0,0,1,0,1,0,1,1,0,0,0,1,0,0,1,0,1,1,1
-0.5110572285272252,-1.131505915044081,-0.8385243030134281,1.3478671949191148,-0.40199490441104246,0.9955971658881752,0,1,0,1,1,0,0,1,1,0,1,0,0,0,1,2,0,2,1,2
-0.6807247058900834,-0.5220352270608973,-0.49136923542283084,-0.691180444079306,0.4139151590872966,0.9955971658881752,0,1,0,1,0,1,0,1,1,0,0,1,0,2,2,0,1,1,1,0
-0.17172227380150873,-0.609102468201352,0.7583890079033189,1.3478671949191148,-1.2179049679093814,0.028626206786179966,1,0,0,1,0,1,0,1,1,0,0,0,1,0,1,2,1,2,1,0
-0.8503921832529416,0.9581078723268344,-0.21364518135035315,-2.05054553674492,-0.40199490441104246,-0.9383447523158153,0,1,1,0,0,1,0,1,1,0,0,1,0,1,2,0,2,2,0,0
0.6766151130127824,-0.7832369504822617,1.452699143084513,-0.011497897746499092,0.4139151590872966,-0.9383447523158153,0,1,0,1,0,1,0,1,1,0,1,0,0,1,1,1,0,1,0,0
1.5249524998270736,-0.17376626249907806,1.244406102530155,-2.05054553674492,2.861645349582314,0.028626206786179966,0,1,0,1,0,1,0,1,1,0,0,1,0,2,2,0,1,2,1,0
-0.002054796438650507,0.5227716666245603,1.452699143084513,-0.691180444079306,-0.40199490441104246,-0.9383447523158153,0,1,0,1,1,0,0,1,0,1,0,1,0,0,2,1,2,0,0,2
-1.0200596606158,-0.17376626249907806,-0.9079553165315475,-2.05054553674492,-0.40199490441104246,0.9955971658881752,0,1,0,1,1,0,0,1,1,0,0,1,0,1,1,1,0,1,1,0
0.3372801582870659,-0.5220352270608973,1.6609921836388715,-1.370862990412113,-1.2179049679093814,-0.9383447523158153,1,0,0,1,0,1,0,1,1,0,0,1,0,2,2,1,0,1,1,0
-2.0380645247929494,-0.609102468201352,0.20294089975836344,0.6681846485863079,-1.2179049679093814,0.028626206786179966,0,1,1,0,1,0,0,1,1,0,1,0,0,1,2,2,1,2,0,0
-0.6807247058900834,0.9581078723268344,-0.2830761948684726,-1.370862990412113,0.4139151590872966,0.028626206786179966,0,1,0,1,0,1,0,1,1,0,1,0,0,1,1,1,2,1,1,0
-0.002054796438650507,-0.609102468201352,-0.6996622759771891,-0.691180444079306,0.4139151590872966,-0.9383447523158153,0,1,1,0,0,1,0,1,1,0,0,0,1,1,0,1,2,2,1,0
0.8462825903756406,-1.131505915044081,-0.6996622759771891,-0.691180444079306,-0.40199490441104246,0.028626206786179966,0,1,0,1,0,1,0,1,1,0,1,0,0,2,1,1,0,1,0,0
-1.868397047430091,-0.5220352270608973,-0.6302312624590697,-0.011497897746499092,-0.40199490441104246,0.028626206786179966,1,0,1,0,1,0,0,1,1,0,0,1,0,1,2,0,2,2,0,2
-0.8503921832529416,0.69690614890547,0.6889579943851994,-0.011497897746499092,2.045735286083975,-0.9383447523158153,1,0,1,0,0,1,0,1,1,0,1,0,0,1,1,1,1,1,2,0
-0.17172227380150873,-1.6539093618868097,-0.5608002489409503,1.3478671949191148,-1.2179049679093814,-0.9383447523158153,1,0,0,1,1,0,0,1,1,0,1,0,0,2,1,1,0,1,1,2
0.3372801582870659,0.08743546092228634,1.0361130619757966,-1.370862990412113,-1.2179049679093814,-0.9383447523158153,1,0,0,1,1,0,0,1,1,0,0,0,1,0,0,1,2,1,1,1
-0.17172227380150873,-0.6961697093418069,-1.6022654517127417,-1.370862990412113,0.4139151590872966,0.028626206786179966,0,1,0,1,1,0,0,1,1,0,0,1,0,1,2,1,1,1,2,0
0.3372801582870659,0.6098389077650151,-1.1856793706040252,-0.691180444079306,-1.2179049679093814,0.9955971658881752,1,0,1,0,0,1,0,1,1,0,0,1,0,1,2,1,0,1,0,0
0.16761268092420772,0.43570442548410554,-0.9773863300496669,2.0275497412519217,0.4139151590872966,-0.9383447523158153,0,1,0,1,1,0,0,1,0,1,0,1,0,2,1,2,1,1,0,0
-1.3593946153415164,-0.6961697093418069,-1.4634034246765029,-0.691180444079306,1.2298252225856356,-0.9383447523158153,0,1,0,1,0,1,0,1,1,0,0,0,1,1,1,0,0,1,2,0
-0.002054796438650507,0.6098389077650151,-0.005352140795994853,-0.691180444079306,-1.2179049679093814,0.028626206786179966,0,1,0,1,0,1,0,1,0,1,0,0,1,0,2,1,0,1,2,0
-0.6807247058900834,0.69690614890547,-1.3939724111583836,-0.011497897746499092,1.2298252225856356,0.028626206786179966,0,1,0,1,1,0,0,1,1,0,0,1,0,0,1,1,0,0,2,0
-0.6807247058900834,-0.609102468201352,-1.6022654517127417,0.6681846485863079,0.4139151590872966,0.9955971658881752,1,0,0,1,0,1,0,1,1,0,0,0,1,2,1,1,1,2,1,0
1.015950067738499,1.567578560310018,0.8972510349395577,-2.05054553674492,-0.40199490441104246,-1.9053157114178105,1,0,0,1,1,0,0,1,1,0,0,1,0,2,0,0,1,2,1,1
0.3372801582870659,0.17450270206274113,-0.9773863300496669,1.3478671949191148,0.4139151590872966,-0.9383447523158153,1,0,0,1,1,0,0,1,0,1,1,0,0,1,1,1,0,1,0,0
-1.3593946153415164,0.7839733900459247,1.105544075493916,0.6681846485863079,-0.40199490441104246,-0.9383447523158153,0,1,0,1,1,0,1,0,1,0,0,1,0,1,2,1,0,2,0,0
0.8462825903756406,0.9581078723268344,-0.21364518135035315,-0.011497897746499092,-0.40199490441104246,0.028626206786179966,0,1,1,0,1,0,0,1,1,0,0,1,0,0,1,1,1,2,1,2
1.185617545101357,1.567578560310018,0.4806649538308412,-2.05054553674492,-1.2179049679093814,0.028626206786179966,1,0,0,1,1,0,0,1,1,0,0,0,1,1,2,1,2,1,0,0
-0.6807247058900834,-1.6539093618868097,0.4112339403127217,-0.691180444079306,-1.2179049679093814,-0.9383447523158153,0,1,0,1,0,1,0,1,1,0,1,0,0,1,0,1,1,1,1,0
-0.6807247058900834,-1.044438673903626,0.133509886240244,0.6681846485863079,-0.40199490441104246,0.9955971658881752,0,1,0,1,0,1,0,1,1,0,0,0,1,1,2,1,1,2,2,1
0.16761268092420772,-1.3056403973249906,0.5500959673489606,-0.691180444079306,1.2298252225856356,1.9625681249901703,0,1,0,1,1,0,0,1,1,0,0,1,0,0,2,1,0,2,0,0
-1.0200596606158,-1.4797748796059,0.4112339403127217,0.6681846485863079,-1.2179049679093814,1.9625681249901703,1,0,1,0,1,0,0,1,1,0,0,0,1,1,1,0,1,0,0,0
-1.0200596606158,-1.566842120746355,-0.1442141678322337,1.3478671949191148,-0.40199490441104246,2.929539084092166,0,1,0,1,1,0,0,1,1,0,0,1,0,1,1,1,0,1,0,0
0.5069476356499242,-0.17376626249907806,0.61952698086708,-0.011497897746499092,-1.2179049679093814,0.028626206786179966,0,1,1,0,1,0,0,1,1,0,0,1,0,0,1,2,0,1,1,0
-0.6807247058900834,-1.2185731561845357,-0.8385243030134281,-0.691180444079306,0.4139151590872966,0.028626206786179966,0,1,0,1,1,0,0,1,1,0,0,1,0,1,0,0,1,2,1,1
1.015950067738499,1.567578560310018,-0.1442141678322337,-0.691180444079306,0.4139151590872966,0.028626206786179966,1,0,0,1,0,1,0,1,1,0,1,0,0,0,1,1,0,0,0,0
-0.17172227380150873,0.0003682197818315326,-0.8385243030134281,-0.691180444079306,-0.40199490441104246,0.028626206786179966,0,1,0,1,1,0,0,1,1,0,0,1,0,2,0,0,0,1,0,0
0.5069476356499242,-0.17376626249907806,-0.07478315431411428,2.0275497412519217,1.2298252225856356,0.9955971658881752,0,1,0,1,0,1,0,1,1,0,1,0,0,1,1,0,1,1,0,1
-0.341389751164367,-1.2185731561845357,0.7583890079033189,-2.05054553674492,0.4139151590872966,0.9955971658881752,1,0,0,1,0,1,0,1,1,0,1,0,0,1,2,1,1,1,1,0
0.8462825903756406,-0.7832369504822617,-0.07478315431411428,0.6681846485863079,2.045735286083975,0.9955971658881752,0,1,0,1,0,1,0,1,0,1,0,0,1,1,0,0,1,1,2,0
-0.5110572285272252,1.4805113191695631,0.8972510349395577,1.3478671949191148,-1.2179049679093814,-0.9383447523158153,0,1,0,1,0,1,1,0,1,0,0,0,1,1,2,1,1,1,0,0
0.6766151130127824,-1.6539093618868097,0.5500959673489606,-0.691180444079306,-1.2179049679093814,0.028626206786179966,0,1,0,1,1,0,0,1,0,1,0,0,1,1,1,2,1,1,0,0
-0.17172227380150873,-1.3056403973249906,1.105544075493916,1.3478671949191148,-0.40199490441104246,0.9955971658881752,0,1,0,1,0,1,0,1,1,0,0,0,1,1,2,1,1,2,1,0
0.8462825903756406,0.69690614890547,-0.9079553165315475,0.6681846485863079,0.4139151590872966,-0.9383447523158153,1,0,0,1,0,1,0,1,1,0,0,1,0,1,0,0,0,1,0,0
-0.6807247058900834,-0.9573714327631713,-0.49136923542283084,-1.370862990412113,-1.2179049679093814,0.9955971658881752,0,1,0,1,0,1,0,1,1,0,0,1,0,1,1,1,1,2,1,1
0.16761268092420772,1.3063768368886535,-1.3939724111583836,-2.05054553674492,0.4139151590872966,-1.9053157114178105,0,1,1,0,1,0,0,1,1,0,0,1,0,2,1,1,1,2,1,0
0.5069476356499242,-1.044438673903626,-1.5328344381946224,-0.011497897746499092,1.2298252225856356,0.028626206786179966,1,0,0,1,1,0,0,1,1,0,0,1,0,1,2,2,2,1,0,1
1.185617545101357,-0.609102468201352,-0.1442141678322337,-0.011497897746499092,2.861645349582314,0.028626206786179966,1,0,0,1,0,1,0,1,1,0,1,0,0,2,2,2,2,2,0,0
-0.5110572285272252,1.6546458014504728,-1.1162483570859056,-0.691180444079306,-1.2179049679093814,0.028626206786179966,0,1,0,1,1,0,0,1,1,0,0,1,0,1,2,1,1,1,0,1
0.3372801582870659,0.43570442548410554,-0.6302312624590697,-0.691180444079306,-1.2179049679093814,0.9955971658881752,0,1,1,0,1,0,0,1,1,0,0,0,1,2,1,0,0,1,1,0
2.2036224092785064,1.132242354607744,1.452699143084513,-0.691180444079306,-1.2179049679093814,0.9955971658881752,1,0,1,0,0,1,0,1,1,0,0,0,1,1,1,2,0,1,2,2
-0.341389751164367,0.9581078723268344,1.3138371160482742,-0.011497897746499092,1.2298252225856356,-0.9383447523158153,1,0,1,0,1,0,0,1,1,0,0,1,0,1,1,1,0,1,0,0
0.5069476356499242,1.7417130425909275,-0.4219382219047114,-2.05054553674492,-1.2179049679093814,0.9955971658881752,1,0,0,1,0,1,0,1,1,0,0,0,1,2,0,0,0,2,2,0
0.8462825903756406,0.9581078723268344,0.7583890079033189,-0.011497897746499092,-1.2179049679093814,1.9625681249901703,1,0,0,1,1,0,0,1,1,0,0,1,0,1,0,1,1,1,0,0
-0.5110572285272252,0.5227716666245603,1.591561170120752,-0.011497897746499092,0.4139151590872966,1.9625681249901703,0,1,0,1,1,0,0,1,1,0,0,0,1,1,2,1,0,2,2,1
1.015950067738499,1.2193095957481987,-1.5328344381946224,-1.370862990412113,-1.2179049679093814,-0.9383447523158153,0,1,0,1,0,1,0,1,1,0,0,1,0,2,0,0,0,2,0,0
-0.002054796438650507,-1.3927076384654453,0.7583890079033189,0.6681846485863079,-0.40199490441104246,-0.9383447523158153,0,1,0,1,0,1,0,1,1,0,0,1,0,2,1,1,1,1,2,0
-0.6807247058900834,1.3063768368886535,0.7583890079033189,-0.691180444079306,-1.2179049679093814,0.028626206786179966,0,1,1,0,0,1,0,1,1,0,0,1,0,2,0,1,0,2,0,0
0.6766151130127824,-1.044438673903626,-0.1442141678322337,2.0275497412519217,-0.40199490441104246,0.9955971658881752,1,0,0,1,0,1,0,1,0,1,0,1,0,1,1,0,1,1,0,1
-0.17172227380150873,1.4805113191695631,1.591561170120752,0.6681846485863079,-0.40199490441104246,0.028626206786179966,1,0,0,1,0,1,0,1,1,0,0,0,1,0,1,0,1,1,1,0
0.5069476356499242,-1.044438673903626,-1.3939724111583836,1.3478671949191148,-1.2179049679093814,0.028626206786179966,0,1,0,1,0,1,0,1,1,0,0,0,1,1,1,1,0,1,1,1
-1.0200596606158,0.9581078723268344,-1.0468173435677863,-0.011497897746499092,-1.2179049679093814,-0.9383447523158153,0,1,0,1,0,1,0,1,1,0,0,1,0,2,1,1,2,1,0,0
-1.0200596606158,1.567578560310018,0.06407887272212458,-0.011497897746499092,-1.2179049679093814,0.9955971658881752,1,0,1,0,1,0,0,1,1,0,0,0,1,1,1,1,1,2,1,1
-1.0200596606158,-1.131505915044081,-0.2830761948684726,-2.05054553674492,-1.2179049679093814,0.9955971658881752,1,0,0,1,1,0,0,1,1,0,0,1,0,1,0,1,2,1,1,0
1.185617545101357,-1.044438673903626,1.5221301566026326,-1.370862990412113,-0.40199490441104246,0.9955971658881752,0,1,0,1,0,1,0,1,1,0,1,0,0,1,1,0,1,1,1,0
-1.868397047430091,0.08743546092228634,-0.1442141678322337,1.3478671949191148,-0.40199490441104246,-1.9053157114178105,0,1,0,1,0,1,0,1,1,0,1,0,0,2,1,1,1,1,2,0
-0.17172227380150873,-0.609102468201352,0.6889579943851994,-0.011497897746499092,-0.40199490441104246,0.028626206786179966,0,1,0,1,0,1,0,1,1,0,0,1,0,1,1,1,1,1,0,2
0.16761268092420772,-1.566842120746355,0.61952698086708,-1.370862990412113,2.861645349582314,0.9955971658881752,1,0,0,1,0,1,0,1,1,0,0,0,1,2,1,1,0,1,0,0
-1.189727137978658,-0.34790074477998767,1.6609921836388715,-1.370862990412113,0.4139151590872966,0.9955971658881752,1,0,1,0,1,0,0,1,1,0,0,0,1,1,2,0,1,1,0,0
-0.341389751164367,0.6098389077650151,0.61952698086708,-1.370862990412113,0.4139151590872966,0.9955971658881752,0,1,1,0,0,1,0,1,1,0,0,0,1,1,2,1,1,0,2,0
-0.6807247058900834,0.17450270206274113,0.5500959673489606,-0.691180444079306,-1.2179049679093814,-0.9383447523158153,1,0,0,1,1,0,0,1,1,0,1,0,0,0,1,1,1,1,0,0
0.3372801582870659,-0.609102468201352,0.06407887272212458,-2.05054553674492,1.2298252225856356,0.9955971658881752,0,1,0,1,0,1,0,1,1,0,1,0,0,2,2,2,1,1,1,2
-1.0200596606158,-0.08669902135862327,-1.0468173435677863,-1.370862990412113,1.2298252225856356,1.9625681249901703,0,1,0,1,0,1,0,1,1,0,1,0,0,1,0,1,0,1,0,0
-0.341389751164367,-0.609102468201352,-0.07478315431411428,0.6681846485863079,1.2298252225856356,-0.9383447523158153,0,1,1,0,0,1,1,0,1,0,0,1,0,1,1,0,1,2,2,0
1.185617545101357,-0.17376626249907806,0.7583890079033189,-0.011497897746499092,1.2298252225856356,-0.9383447523158153,1,0,0,1,0,1,0,1,1,0,0,0,1,1,1,1,1,1,0,1
2.3732898866413645,-1.044438673903626,-0.5608002489409503,-0.011497897746499092,-1.2179049679093814,-0.9383447523158153,0,1,1,0,1,0,0,1,1,0,0,1,0,1,1,2,1,1,0,1
-0.002054796438650507,0.08743546092228634,-1.4634034246765029,-0.691180444079306,-1.2179049679093814,-0.9383447523158153,1,0,0,1,1,0,0,1,1,0,0,0,1,0,1,0,0,0,1,1
0.8462825903756406,0.34863718434365076,0.61952698086708,-0.691180444079306,0.4139151590872966,0.028626206786179966,0,1,0,1,0,1,0,1,1,0,0,0,1,1,0,0,1,2,0,0
1.8642874545527899,-0.4349679859204425,1.0361130619757966,-0.011497897746499092,0.4139151590872966,-0.9383447523158153,0,1,0,1,1,0,0,1,0,1,0,1,0,1,1,0,1,2,0,1
1.185617545101357,-1.131505915044081,-0.2830761948684726,2.0275497412519217,-0.40199490441104246,0.028626206786179966,1,0,0,1,0,1,0,1,1,0,0,1,0,2,1,1,0,2,0,0
-2.2077320021558076,0.34863718434365076,-0.5608002489409503,-0.011497897746499092,-0.40199490441104246,0.028626206786179966,0,1,1,0,1,0,0,1,1,0,0,1,0,1,2,1,1,1,1,0
0.6766151130127824,-1.566842120746355,1.105544075493916,-0.691180444079306,0.4139151590872966,0.028626206786179966,1,0,0,1,0,1,0,1,1,0,0,1,0,0,2,1,1,1,0,1
-0.5110572285272252,0.26156994320319593,-0.005352140795994853,-0.691180444079306,0.4139151590872966,0.028626206786179966,0,1,0,1,1,0,0,1,0,1,0,0,1,2,1,1,1,1,0,0
-0.8503921832529416,0.6098389077650151,0.5500959673489606,2.0275497412519217,-0.40199490441104246,0.028626206786179966,0,1,1,0,1,0,0,1,1,0,0,0,1,1,1,1,2,2,0,0
0.8462825903756406,1.6546458014504728,-0.352507208386592,2.0275497412519217,-0.40199490441104246,1.9625681249901703,1,0,0,1,1,0,0,1,1,0,0,0,1,0,1,1,1,1,1,2
0.3372801582870659,-0.7832369504822617,-1.0468173435677863,0.6681846485863079,-0.40199490441104246,0.9955971658881752,1,0,0,1,0,1,0,1,1,0,0,1,0,1,1,0,1,2,0,1
0.5069476356499242,-0.6961697093418069,0.61952698086708,-0.691180444079306,-0.40199490441104246,-0.9383447523158153,0,1,0,1,0,1,0,1,1,0,0,1,0,0,2,1,2,2,0,0
1.185617545101357,0.9581078723268344,-0.5608002489409503,-2.05054553674492,-0.40199490441104246,-0.9383447523158153,1,0,1,0,1,0,0,1,1,0,0,1,0,0,2,1,2,2,0,1
-0.17172227380150873,-0.609102468201352,-0.7690932894953085,-0.691180444079306,2.045735286083975,1.9625681249901703,1,0,0,1,0,1,0,1,0,1,0,0,1,1,1,0,1,1,1,0
-0.8503921832529416,0.6098389077650151,1.105544075493916,2.0275497412519217,-0.40199490441104246,0.9955971658881752,0,1,0,1,0,1,0,1,1,0,0,1,0,2,1,1,0,0,0,1
1.5249524998270736,-0.2608335036395329,-0.49136923542283084,-0.011497897746499092,-0.40199490441104246,0.028626206786179966,1,0,0,1,0,1,0,1,1,0,0,0,1,1,0,2,1,1,0,2
0.3372801582870659,0.8710406311863795,-0.005352140795994853,0.6681846485863079,-0.40199490441104246,0.028626206786179966,0,1,1,0,1,0,0,1,1,0,0,1,0,2,2,2,0,0,1,1
1.015950067738499,-1.044438673903626,1.591561170120752,-0.691180444079306,0.4139151590872966,0.028626206786179966,1,0,1,0,1,0,0,1,1,0,0,1,0,1,2,0,1,1,1,2
0.8462825903756406,-1.2185731561845357,-0.352507208386592,-2.05054553674492,-0.40199490441104246,0.028626206786179966,0,1,0,1,0,1,1,0,1,0,0,0,1,2,1,1,2,1,0,1
-0.17172227380150873,0.26156994320319593,0.20294089975836344,-0.011497897746499092,0.4139151590872966,0.9955971658881752,0,1,0,1,1,0,1,0,1,0,0,0,1,0,1,2,0,2,2,1
-0.8503921832529416,-1.131505915044081,0.3418029267946023,-1.370862990412113,1.2298252225856356,0.9955971658881752,0,1,0,1,0,1,0,1,1,0,0,1,0,2,1,2,1,2,1,0
-1.0200596606158,-1.3927076384654453,-0.9079553165315475,0.6681846485863079,-0.40199490441104246,0.9955971658881752,0,1,0,1,1,0,0,1,0,1,0,0,1,1,2,0,1,2,0,1
-1.3593946153415164,-0.7832369504822617,-1.4634034246765029,0.6681846485863079,-1.2179049679093814,1.9625681249901703,0,1,0,1,1,0,0,1,1,0,0,0,1,1,1,1,0,0,1,0
-0.341389751164367,-0.6961697093418069,-0.7690932894953085,-0.691180444079306,2.045735286083975,0.028626206786179966,1,0,0,1,0,1,0,1,1,0,0,0,1,2,1,1,0,1,2,0
-0.17172227380150873,1.132242354607744,-1.324541397640264,-0.691180444079306,-1.2179049679093814,0.028626206786179966,0,1,1,0,0,1,0,1,1,0,1,0,0,1,2,1,0,2,1,0
-2.0380645247929494,-0.6961697093418069,1.244406102530155,1.3478671949191148,2.045735286083975,0.9955971658881752,0,1,0,1,0,1,0,1,1,0,0,0,1,2,2,2,1,1,0,0
-0.341389751164367,0.17450270206274113,-0.9079553165315475,0.6681846485863079,1.2298252225856356,0.9955971658881752,1,0,1,0,0,1,0,1,1,0,0,1,0,2,1,2,0,1,0,0
-0.8503921832529416,-1.566842120746355,-0.07478315431411428,-0.011497897746499092,-1.2179049679093814,0.028626206786179966,1,0,0,1,1,0,0,1,1,0,1,0,0,1,1,2,0,2,2,1
0.5069476356499242,0.17450270206274113,0.5500959673489606,-0.691180444079306,0.4139151590872966,0.028626206786179966,0,1,1,0,1,0,0,1,1,0,0,0,1,1,2,1,1,1,2,1
0.5069476356499242,-0.7832369504822617,-1.7411274787489806,0.6681846485863079,-1.2179049679093814,-0.9383447523158153,1,0,0,1,1,0,0,1,1,0,0,0,1,1,2,1,2,1,0,2
0.16761268092420772,-0.7832369504822617,0.20294089975836344,1.3478671949191148,0.4139151590872966,0.9955971658881752,0,1,0,1,1,0,0,1,1,0,0,1,0,2,1,0,1,1,0,0
-0.17172227380150873,-0.5220352270608973,0.7583890079033189,-0.011497897746499092,-0.40199490441104246,0.028626206786179966,0,1,1,0,1,0,0,1,1,0,0,0,1,1,1,2,2,1,2,0
-1.5290620927043745,-1.044438673903626,0.6889579943851994,0.6681846485863079,0.4139151590872966,-0.9383447523158153,0,1,0,1,0,1,1,0,1,0,1,0,0,1,2,2,1,1,1,0
-0.341389751164367,1.3063768368886535,-1.4634034246765029,0.6681846485863079,0.4139151590872966,0.028626206786179966,1,0,0,1,1,0,0,1,1,0,0,1,0,1,2,1,2,1,1,1
0.16761268092420772,-0.08669902135862327,1.6609921836388715,-0.011497897746499092,0.4139151590872966,-0.9383447523158153,0,1,0,1,0,1,0,1,1,0,0,0,1,1,1,1,0,1,2,0
1.3552850224642152,0.9581078723268344,0.20294089975836344,-2.05054553674492,-0.40199490441104246,0.028626206786179966,0,1,0,1,0,1,0,1,1,0,0,0,1,2,1,0,1,0,0,1
0.8462825903756406,0.08743546092228634,0.27237191327648286,0.6681846485863079,-0.40199490441104246,0.9955971658881752,1,0,0,1,1,0,0,1,1,0,0,1,0,1,1,0,1,1,1,0
-0.17172227380150873,1.6546458014504728,-0.5608002489409503,1.3478671949191148,1.2298252225856356,-1.9053157114178105,0,1,0,1,1,0,0,1,1,0,0,1,0,0,2,0,2,1,1,1
-0.002054796438650507,-1.566842120746355,0.20294089975836344,-2.05054553674492,-0.40199490441104246,0.9955971658881752,1,0,1,0,0,1,1,0,1,0,0,0,1,2,1,1,2,1,0,1
-1.5290620927043745,0.9581078723268344,1.3138371160482742,-0.011497897746499092,-0.40199490441104246,0.028626206786179966,0,1,0,1,1,0,0,1,0,1,0,1,0,0,2,1,1,1,0,1
2.0339549319156482,1.3934440780291084,1.5221301566026326,-0.011497897746499092,-0.40199490441104246,1.9625681249901703,0,1,0,1,0,1,0,1,1,0,0,1,0,1,0,0,0,1,1,1
-0.17172227380150873,-1.7409766030272644,1.3138371160482742,0.6681846485863079,-0.40199490441104246,0.028626206786179966,1,0,1,0,1,0,0,1,1,0,0,1,0,1,0,2,0,0,0,0
-0.6807247058900834,0.8710406311863795,-0.6302312624590697,-0.011497897746499092,-1.2179049679093814,0.028626206786179966,0,1,0,1,1,0,0,1,1,0,1,0,0,2,1,1,2,2,0,1
-2.716734434244382,0.34863718434365076,-0.352507208386592,-0.691180444079306,2.861645349582314,0.9955971658881752,0,1,1,0,0,1,0,1,1,0,0,1,0,1,1,1,1,2,0,0
2.0339549319156482,-0.34790074477998767,1.452699143084513,-0.691180444079306,-1.2179049679093814,-0.9383447523158153,1,0,0,1,0,1,0,1,1,0,0,1,0,0,0,0,0,2,0,1
0.6766151130127824,-0.7832369504822617,-0.07478315431411428,-1.370862990412113,-0.40199490441104246,0.028626206786179966,0,1,1,0,0,1,0,1,1,0,0,0,1,1,1,1,1,1,0,0
-1.3593946153415164,1.567578560310018,-0.49136923542283084,-2.05054553674492,1.2298252225856356,-0.9383447523158153,1,0,0,1,1,0,0,1,1,0,0,1,0,1,2,1,0,2,0,0
0.3372801582870659,0.43570442548410554,0.4806649538308412,-2.05054553674492,-0.40199490441104246,-0.9383447523158153,0,1,0,1,1,0,0,1,1,0,0,0,1,1,2,1,1,2,2,0
0.16761268092420772,1.3063768368886535,0.61952698086708,2.0275497412519217,-1.2179049679093814,0.9955971658881752,0,1,0,1,1,0,0,1,0,1,0,1,0,0,0,0,2,1,0,0
0.16761268092420772,-1.4797748796059,-0.7690932894953085,-0.011497897746499092,-1.2179049679093814,0.028626206786179966,1,0,0,1,0,1,0,1,1,0,1,0,0,1,1,1,0,1,0,0
-0.002054796438650507,0.5227716666245603,-0.1442141678322337,-0.011497897746499092,1.2298252225856356,0.028626206786179966,0,1,0,1,1,0,0,1,0,1,0,1,0,2,2,1,0,0,0,0
-1.0200596606158,0.26156994320319593,0.61952698086708,-0.011497897746499092,-0.40199490441104246,0.028626206786179966,1,0,0,1,1,0,0,1,1,0,0,1,0,2,1,1,0,1,0,0
-0.17172227380150873,-1.566842120746355,-1.0468173435677863,0.6681846485863079,-0.40199490441104246,-0.9383447523158153,1,0,0,1,0,1,0,1,1,0,0,0,1,2,0,1,0,1,1,2
0.3372801582870659,-0.34790074477998767,-1.1162483570859056,0.6681846485863079,-0.40199490441104246,-0.9383447523158153,1,0,0,1,0,1,0,1,1,0,0,0,1,1,1,1,0,1,1,0
0.3372801582870659,1.045175113467289,1.3138371160482742,-0.691180444079306,-0.40199490441104246,0.028626206786179966,0,1,0,1,0,1,0,1,1,0,0,0,1,1,1,1,1,1,0,0
-1.3593946153415164,-0.6961697093418069,-1.0468173435677863,-0.691180444079306,-1.2179049679093814,0.9955971658881752,0,1,0,1,0,1,0,1,1,0,0,1,0,0,1,2,0,1,2,0
-0.17172227380150873,0.7839733900459247,-0.2830761948684726,0.6681846485863079,0.4139151590872966,0.9955971658881752,0,1,0,1,1,0,0,1,1,0,0,0,1,0,1,1,0,2,0,0
1.6946199771899317,0.6098389077650151,-1.1856793706040252,0.6681846485863079,-0.40199490441104246,-1.9053157114178105,0,1,0,1,0,1,0,1,1,0,1,0,0,2,1,2,0,1,1,0
0.8462825903756406,0.43570442548410554,1.3832681295663938,2.0275497412519217,-1.2179049679093814,-1.9053157114178105,0,1,0,1,0,1,0,1,1,0,0,0,1,0,1,1,1,0,1,0
-0.5110572285272252,1.2193095957481987,0.06407887272212458,-0.011497897746499092,1.2298252225856356,0.028626206786179966,0,1,0,1,1,0,0,1,0,1,0,1,0,0,0,2,0,2,1,2
0.6766151130127824,-1.044438673903626,-0.5608002489409503,-0.691180444079306,-1.2179049679093814,0.028626206786179966,1,0,1,0,1,0,1,0,0,1,0,0,1,0,0,2,0,2,0,2
-1.0200596606158,-0.8703041916227164,1.105544075493916,1.3478671949191148,0.4139151590872966,0.9955971658881752,1,0,0,1,0,1,0,1,1,0,0,1,0,1,1,2,1,1,0,0
1.015950067738499,-0.2608335036395329,-0.352507208386592,-2.05054553674492,0.4139151590872966,0.028626206786179966,1,0,0,1,1,0,0,1,0,1,0,1,0,0,1,0,2,0,1,1
0.16761268092420772,1.3063768368886535,-0.6302312624590697,-0.691180444079306,-0.40199490441104246,0.9955971658881752,0,1,0,1,0,1,0,1,1,0,0,0,1,2,1,2,1,2,1,0
-1.5290620927043745,-1.4797748796059,-1.3939724111583836,-0.011497897746499092,1.2298252225856356,-1.9053157114178105,0,1,1,0,1,0,0,1,1,0,0,0,1,2,1,0,2,1,2,0
-1.189727137978658,-0.8703041916227164,0.3418029267946023,-0.011497897746499092,-0.40199490441104246,0.9955971658881752,1,0,0,1,0,1,0,1,1,0,0,0,1,1,0,2,2,1,1,2
0.6766151130127824,-0.2608335036395329,-0.6996622759771891,-0.011497897746499092,-0.40199490441104246,0.9955971658881752,0,1,1,0,0,1,0,1,1,0,0,0,1,0,2,2,1,2,2,0
0.6766151130127824,-1.044438673903626,-0.2830761948684726,1.3478671949191148,0.4139151590872966,0.9955971658881752,0,1,0,1,1,0,0,1,1,0,0,1,0,1,1,1,1,1,1,0
0.16761268092420772,1.4805113191695631,0.20294089975836344,-0.011497897746499092,-1.2179049679093814,0.028626206786179966,1,0,0,1,1,0,0,1,1,0,0,1,0,0,0,1,2,1,2,0
-1.3593946153415164,-1.6539093618868097,0.4112339403127217,-0.011497897746499092,0.4139151590872966,0.028626206786179966,0,1,0,1,0,1,0,1,1,0,0,1,0,1,1,1,2,1,1,2
-0.002054796438650507,0.0003682197818315326,-1.5328344381946224,-0.691180444079306,-1.2179049679093814,-0.9383447523158153,0,1,0,1,0,1,0,1,1,0,0,1,0,2,0,1,0,1,1,1
0.6766151130127824,1.3063768368886535,-1.1162483570859056,0.6681846485863079,0.4139151590872966,-1.9053157114178105,0,1,0,1,0,1,0,1,1,0,1,0,0,2,0,1,0,2,1,1
0.16761268092420772,-0.4349679859204425,0.27237191327648286,-0.011497897746499092,-1.2179049679093814,-0.9383447523158153,0,1,0,1,0,1,0,1,1,0,0,1,0,0,2,1,0,1,0,0
0.16761268092420772,1.3063768368886535,-0.005352140795994853,1.3478671949191148,-0.40199490441104246,-0.9383447523158153,0,1,0,1,1,0,0,1,1,0,0,1,0,1,2,1,0,1,1,2
0.5069476356499242,1.6546458014504728,0.9666820484576771,-0.011497897746499092,-0.40199490441104246,0.028626206786179966,1,0,0,1,1,0,0,1,1,0,0,1,0,1,2,2,1,1,0,0
1.185617545101357,0.69690614890547,-0.21364518135035315,-0.011497897746499092,-0.40199490441104246,-1.9053157114178105,1,0,0,1,1,0,0,1,1,0,0,0,1,1,2,1,0,2,0,0
0.3372801582870659,-1.4797748796059,1.244406102530155,-0.011497897746499092,-1.2179049679093814,-0.9383447523158153,0,1,1,0,1,0,0,1,1,0,0,1,0,2,1,2,1,1,0,2
0.6766151130127824,1.567578560310018,-1.5328344381946224,-0.691180444079306,-0.40199490441104246,-0.9383447523158153,1,0,0,1,0,1,0,1,1,0,0,1,0,0,1,1,1,0,0,0
-2.0380645247929494,-0.7832369504822617,0.133509886240244,-1.370862990412113,-1.2179049679093814,0.9955971658881752,1,0,0,1,0,1,1,0,1,0,0,1,0,2,1,1,2,1,0,1
-1.3593946153415164,1.045175113467289,1.0361130619757966,-0.011497897746499092,0.4139151590872966,1.9625681249901703,0,1,0,1,1,0,0,1,1,0,1,0,0,2,1,1,1,2,0,0
1.015950067738499,-0.17376626249907806,-0.21364518135035315,-0.691180444079306,-0.40199490441104246,0.028626206786179966,1,0,1,0,1,0,0,1,1,0,0,1,0,1,1,1,0,1,0,1
0.5069476356499242,-0.6961697093418069,0.20294089975836344,-0.011497897746499092,-0.40199490441104246,0.028626206786179966,0,1,1,0,0,1,0,1,1,0,0,1,0,1,1,1,0,1,0,0
1.015950067738499,0.26156994320319593,0.9666820484576771,-0.011497897746499092,1.2298252225856356,0.028626206786179966,0,1,1,0,0,1,0,1,1,0,0,0,1,1,2,1,0,1,0,1
1.8642874545527899,-1.044438673903626,-1.1162483570859056,1.3478671949191148,1.2298252225856356,-0.9383447523158153,1,0,0,1,1,0,0,1,1,0,0,1,0,1,1,1,2,2,2,0
-1.5290620927043745,-1.044438673903626,1.105544075493916,-0.691180444079306,1.2298252225856356,-0.9383447523158153,1,0,0,1,1,0,0,1,1,0,1,0,0,1,1,0,0,2,1,2
-0.8503921832529416,-0.08669902135862327,0.3418029267946023,-2.05054553674492,-0.40199490441104246,0.9955971658881752,0,1,1,0,0,1,0,1,1,0,1,0,0,2,1,1,2,1,0,2
-0.17172227380150873,-1.6539093618868097,-0.5608002489409503,-0.691180444079306,-0.40199490441104246,-1.9053157114178105,0,1,0,1,1,0,0,1,1,0,0,0,1,1,1,0,1,1,1,0
-0.002054796438650507,0.5227716666245603,1.3138371160482742,0.6681846485863079,0.4139151590872966,-0.9383447523158153,1,0,1,0,1,0,0,1,1,0,1,0,0,0,0,0,0,1,0,2
0.5069476356499242,0.8710406311863795,-1.6716964652308612,-1.370862990412113,-1.2179049679093814,-1.9053157114178105,0,1,0,1,0,1,0,1,1,0,1,0,0,2,1,1,0,2,0,0
1.185617545101357,1.567578560310018,1.244406102530155,-0.691180444079306,-1.2179049679093814,0.9955971658881752,0,1,1,0,0,1,0,1,1,0,0,1,0,2,0,0,0,1,0,1
1.015950067738499,-0.9573714327631713,-0.9773863300496669,-0.011497897746499092,-0.40199490441104246,-0.9383447523158153,0,1,0,1,0,1,0,1,1,0,0,0,1,1,1,1,2,2,1,0
0.6766151130127824,-1.131505915044081,1.0361130619757966,-0.691180444079306,-1.2179049679093814,-1.9053157114178105,0,1,0,1,0,1,0,1,1,0,0,1,0,2,0,1,0,1,1,2
-0.5110572285272252,-1.3927076384654453,-1.0468173435677863,-0.691180444079306,-0.40199490441104246,-0.9383447523158153,0,1,1,0,0,1,0,1,0,1,0,0,1,1,1,1,1,1,0,0
0.5069476356499242,-0.4349679859204425,-0.1442141678322337,-0.691180444079306,-0.40199490441104246,-0.9383447523158153,1,0,0,1,0,1,0,1,1,0,0,0,1,0,2,0,0,1,0,1
-0.002054796438650507,-0.17376626249907806,0.6889579943851994,2.0275497412519217,-0.40199490441104246,0.028626206786179966,0,1,1,0,0,1,0,1,1,0,1,0,0,2,1,1,2,2,0,0
-0.5110572285272252,-1.566842120746355,1.6609921836388715,-0.691180444079306,0.4139151590872966,0.028626206786179966,1,0,1,0,1,0,0,1,1,0,1,0,0,2,0,1,1,1,0,2
-0.6807247058900834,-1.2185731561845357,0.61952698086708,1.3478671949191148,1.2298252225856356,0.9955971658881752,1,0,0,1,1,0,0,1,1,0,0,0,1,1,0,2,0,0,0,0
1.015950067738499,0.7839733900459247,-0.6302312624590697,-0.011497897746499092,-1.2179049679093814,1.9625681249901703,0,1,0,1,1,0,0,1,0,1,0,1,0,2,1,1,0,1,1,0
-0.341389751164367,1.567578560310018,-0.6996622759771891,-0.011497897746499092,-0.40199490441104246,0.9955971658881752,1,0,1,0,0,1,0,1,1,0,0,1,0,0,1,1,2,1,2,0
-1.868397047430091,0.8710406311863795,0.27237191327648286,-0.011497897746499092,2.045735286083975,0.9955971658881752,0,1,0,1,0,1,0,1,1,0,0,0,1,2,2,0,2,2,0,0
1.5249524998270736,-1.2185731561845357,-0.6302312624590697,-0.691180444079306,-1.2179049679093814,0.028626206786179966,0,1,1,0,1,0,0,1,1,0,1,0,0,2,2,1,1,1,2,0
0.16761268092420772,-1.3056403973249906,1.591561170120752,-0.691180444079306,-0.40199490441104246,0.9955971658881752,0,1,0,1,0,1,0,1,1,0,1,0,0,0,1,0,1,2,0,0
-0.341389751164367,-0.9573714327631713,-0.6996622759771891,0.6681846485863079,2.045735286083975,0.9955971658881752,0,1,0,1,0,1,0,1,1,0,0,1,0,2,1,1,1,1,0,2
-0.341389751164367,0.5227716666245603,-0.9079553165315475,1.3478671949191148,2.045735286083975,-0.9383447523158153,1,0,0,1,0,1,0,1,0,1,1,0,0,0,1,1,1,1,2,0
-2.716734434244382,0.26156994320319593,1.6609921836388715,-0.011497897746499092,-0.40199490441104246,0.028626206786179966,1,0,1,0,1,0,0,1,1,0,0,1,0,2,1,0,0,0,1,0
-1.0200596606158,0.26156994320319593,0.4806649538308412,-0.691180444079306,-1.2179049679093814,-0.9383447523158153,1,0,0,1,0,1,0,1,1,0,0,0,1,1,0,1,1,1,0,0
2.0339549319156482,-0.4349679859204425,1.5221301566026326,-0.011497897746499092,-0.40199490441104246,0.028626206786179966,0,1,1,0,0,1,0,1,1,0,0,1,0,2,1,2,1,1,1,1
-0.8503921832529416,-1.3927076384654453,0.4806649538308412,0.6681846485863079,-1.2179049679093814,0.028626206786179966,0,1,0,1,0,1,0,1,1,0,1,0,0,1,1,0,0,1,0,0
0.16761268092420772,-1.566842120746355,-0.07478315431411428,-0.691180444079306,-1.2179049679093814,0.028626206786179966,0,1,1,0,1,0,0,1,0,1,0,0,1,1,0,2,0,2,2,2
-0.8503921832529416,-0.4349679859204425,1.3138371160482742,-1.370862990412113,-0.40199490441104246,0.028626206786179966,1,0,0,1,1,0,1,0,0,1,1,0,0,2,1,0,0,1,0,1
0.6766151130127824,0.0003682197818315326,1.6609921836388715,-0.011497897746499092,0.4139151590872966,-0.9383447523158153,1,0,0,1,0,1,0,1,1,0,1,0,0,1,2,0,1,1,0,1
2.0339549319156482,0.6098389077650151,1.105544075493916,-2.05054553674492,0.4139151590872966,-0.9383447523158153,1,0,0,1,0,1,0,1,1,0,0,1,0,2,1,1,2,1,0,1
-0.6807247058900834,-0.17376626249907806,1.6609921836388715,2.0275497412519217,-1.2179049679093814,0.9955971658881752,1,0,0,1,1,0,0,1,1,0,0,0,1,1,2,0,0,1,0,2
-0.8503921832529416,-0.8703041916227164,-0.1442141678322337,-0.691180444079306,0.4139151590872966,0.9955971658881752,0,1,0,1,1,0,0,1,1,0,0,0,1,1,1,0,1,0,0,1
-1.0200596606158,0.08743546092228634,1.3832681295663938,-1.370862990412113,0.4139151590872966,0.028626206786179966,0,1,0,1,0,1,0,1,1,0,0,0,1,2,1,0,0,2,0,0
-2.0380645247929494,-1.7409766030272644,1.244406102530155,1.3478671949191148,-1.2179049679093814,0.028626206786179966,1,0,0,1,0,1,0,1,1,0,0,1,0,2,1,2,0,2,2,0
0.3372801582870659,-1.3056403973249906,0.4112339403127217,2.0275497412519217,-0.40199490441104246,0.028626206786179966,0,1,1,0,0,1,0,1,1,0,0,1,0,0,0,1,0,1,2,0
-0.002054796438650507,-0.17376626249907806,-0.1442141678322337,-1.370862990412113,-0.40199490441104246,0.028626206786179966,1,0,0,1,1,0,0,1,1,0,1,0,0,1,1,0,0,1,1,0
0.5069476356499242,0.17450270206274113,-0.4219382219047114,1.3478671949191148,-1.2179049679093814,0.028626206786179966,1,0,0,1,1,0,0,1,1,0,0,0,1,1,1,1,2,1,0,0
-0.8503921832529416,1.6546458014504728,1.3138371160482742,0.6681846485863079,0.4139151590872966,0.028626206786179966,0,1,1,0,0,1,0,1,1,0,0,1,0,0,1,1,1,1,2,0
-1.0200596606158,1.2193095957481987,-0.07478315431411428,-0.011497897746499092,-0.40199490441104246,1.9625681249901703,0,1,1,0,1,0,0,1,1,0,0,0,1,2,1,1,2,1,1,0
0.16761268092420772,0.7839733900459247,-1.2551103841221445,-2.05054553674492,-0.40199490441104246,-0.9383447523158153,1,0,1,0,1,0,0,1,1,0,0,0,1,1,1,1,2,1,0,0
0.16761268092420772,-0.34790074477998767,-0.7690932894953085,-0.691180444079306,-0.40199490441104246,0.9955971658881752,1,0,0,1,1,0,0,1,1,0,0,1,0,0,2,1,1,1,0,0
-1.5290620927043745,0.5227716666245603,-0.005352140795994853,-1.370862990412113,-0.40199490441104246,0.9955971658881752,1,0,0,1,1,0,0,1,1,0,0,1,0,1,1,1,1,0,2,1
-0.002054796438650507,0.26156994320319593,0.27237191327648286,-0.011497897746499092,0.4139151590872966,1.9625681249901703,0,1,0,1,1,0,1,0,1,0,0,0,1,0,0,0,1,1,2,1
1.6946199771899317,-0.4349679859204425,0.133509886240244,-0.011497897746499092,-1.2179049679093814,-0.9383447523158153,0,1,0,1,1,0,0,1,1,0,0,0,1,1,1,1,0,1,0,1
0.16761268092420772,-1.2185731561845357,-0.9079553165315475,1.3478671949191148,1.2298252225856356,-0.9383447523158153,0,1,1,0,1,0,1,0,1,0,0,0,1,1,1,0,1,1,0,0
-1.6987295700672327,-1.566842120746355,-1.6716964652308612,-0.011497897746499092,-0.40199490441104246,-0.9383447523158153,0,1,1,0,1,0,0,1,1,0,0,0,1,2,2,1,1,2,0,0
-0.5110572285272252,0.6098389077650151,0.5500959673489606,1.3478671949191148,-1.2179049679093814,-0.9383447523158153,0,1,0,1,0,1,0,1,1,0,0,1,0,2,2,1,0,2,1,1
0.8462825903756406,-0.17376626249907806,-1.7411274787489806,-0.691180444079306,-0.40199490441104246,-0.9383447523158153,0,1,0,1,0,1,0,1,1,0,1,0,0,0,2,1,2,2,0,2
1.015950067738499,-1.131505915044081,0.7583890079033189,0.6681846485863079,0.4139151590872966,-0.9383447523158153,1,0,0,1,1,0,0,1,0,1,1,0,0,0,2,1,0,1,0,0
-0.6807247058900834,0.34863718434365076,-1.5328344381946224,-1.370862990412113,0.4139151590872966,-1.9053157114178105,0,1,0,1,0,1,1,0,1,0,0,1,0,1,2,1,0,1,0,0
-0.002054796438650507,-1.6539093618868097,1.6609921836388715,0.6681846485863079,-1.2179049679093814,0.9955971658881752,0,1,0,1,1,0,0,1,1,0,0,1,0,2,1,1,1,2,1,0
-0.341389751164367,-1.3927076384654453,0.61952698086708,0.6681846485863079,0.4139151590872966,0.028626206786179966,1,0,0,1,0,1,1,0,1,0,0,1,0,2,1,1,1,1,1,0
0.5069476356499242,1.6546458014504728,-1.1162483570859056,-0.691180444079306,-0.40199490441104246,0.028626206786179966,0,1,0,1,1,0,0,1,1,0,0,0,1,0,0,1,1,1,0,2
-0.002054796438650507,1.045175113467289,-0.9773863300496669,-2.05054553674492,0.4139151590872966,0.9955971658881752,0,1,0,1,0,1,0,1,1,0,0,1,0,1,2,1,2,1,1,0
0.3372801582870659,-0.8703041916227164,1.0361130619757966,-1.370862990412113,-0.40199490441104246,0.028626206786179966,1,0,0,1,0,1,0,1,1,0,0,1,0,1,2,2,1,2,1,2
0.8462825903756406,-0.7832369504822617,1.591561170120752,-1.370862990412113,-1.2179049679093814,-1.9053157114178105,0,1,0,1,0,1,0,1,1,0,0,0,1,1,1,0,0,1,2,2
-0.17172227380150873,0.43570442548410554,0.61952698086708,-0.691180444079306,1.2298252225856356,0.028626206786179966,0,1,1,0,1,0,0,1,1,0,1,0,0,2,2,0,1,1,2,0
-1.868397047430091,-0.609102468201352,1.3832681295663938,-0.011497897746499092,1.2298252225856356,0.028626206786179966,0,1,1,0,0,1,1,0,1,0,1,0,0,1,0,1,0,1,2,0
-0.341389751164367,-0.8703041916227164,0.7583890079033189,0.6681846485863079,2.861645349582314,-0.9383447523158153,1,0,0,1,1,0,0,1,1,0,0,0,1,1,1,1,2,1,0,0
-0.6807247058900834,-0.609102468201352,-0.07478315431411428,-0.011497897746499092,-0.40199490441104246,0.028626206786179966,0,1,0,1,0,1,0,1,1,0,0,0,1,1,1,0,0,2,0,1
1.015950067738499,-1.044438673903626,1.0361130619757966,0.6681846485863079,2.045735286083975,0.028626206786179966,0,1,1,0,0,1,0,1,1,0,0,1,0,1,2,1,0,2,0,0
0.8462825903756406,-0.4349679859204425,-1.2551103841221445,-0.011497897746499092,2.045735286083975,1.9625681249901703,0,1,0,1,1,0,0,1,1,0,0,0,1,0,2,2,0,2,1,0
0.5069476356499242,-1.4797748796059,0.8278200214214383,-0.691180444079306,-0.40199490441104246,-0.9383447523158153,0,1,0,1,0,1,0,1,1,0,0,1,0,1,0,0,1,1,2,0
1.5249524998270736,-0.7832369504822617,0.7583890079033189,-0.691180444079306,-0.40199490441104246,-0.9383447523158153,1,0,0,1,0,1,0,1,1,0,0,0,1,1,1,1,0,1,1,0
-1.0200596606158,1.3934440780291084,0.06407887272212458,1.3478671949191148,-1.2179049679093814,0.028626206786179966,0,1,0,1,1,0,0,1,1,0,0,1,0,1,0,1,0,2,0,1
-1.189727137978658,-0.9573714327631713,-1.5328344381946224,-0.011497897746499092,0.4139151590872966,0.028626206786179966,1,0,1,0,0,1,1,0,0,1,1,0,0,1,0,2,1,1,0,0
0.3372801582870659,0.9581078723268344,0.06407887272212458,0.6681846485863079,0.4139151590872966,0.028626206786179966,1,0,0,1,0,1,0,1,1,0,0,1,0,2,1,0,1,1,1,1
-0.341389751164367,-0.6961697093418069,1.3832681295663938,0.6681846485863079,-0.40199490441104246,0.9955971658881752,0,1,0,1,0,1,0,1,1,0,1,0,0,2,2,1,1,1,0,1
-0.5110572285272252,0.08743546092228634,0.3418029267946023,-0.011497897746499092,-0.40199490441104246,0.028626206786179966,1,0,0,1,1,0,0,1,1,0,1,0,0,1,2,2,0,1,2,0
1.5249524998270736,-1.131505915044081,0.5500959673489606,0.6681846485863079,0.4139151590872966,0.9955971658881752,1,0,1,0,0,1,0,1,0,1,0,0,1,2,0,1,0,1,0,0
-1.0200596606158,-0.8703041916227164,-1.4634034246765029,1.3478671949191148,1.2298252225856356,-1.9053157114178105,0,1,0,1,0,1,1,0,1,0,0,0,1,2,1,1,1,1,1,0
1.185617545101357,-1.3927076384654453,-1.1856793706040252,0.6681846485863079,0.4139151590872966,-1.9053157114178105,0,1,0,1,0,1,0,1,1,0,0,1,0,2,0,1,2,2,2,2
0.16761268092420772,-0.2608335036395329,1.452699143084513,-1.370862990412113,0.4139151590872966,1.9625681249901703,1,0,1,0,0,1,0,1,1,0,0,1,0,1,0,2,0,2,0,0
-2.3773994795186657,0.0003682197818315326,1.1749750890120354,1.3478671949191148,2.861645349582314,-0.9383447523158153,0,1,0,1,0,1,0,1,1,0,0,1,0,1,1,0,0,1,2,1
-0.17172227380150873,1.132242354607744,0.5500959673489606,-0.011497897746499092,-0.40199490441104246,0.028626206786179966,1,0,0,1,0,1,0,1,1,0,0,0,1,0,1,1,1,1,0,0
0.6766151130127824,-0.34790074477998767,0.4806649538308412,-0.011497897746499092,0.4139151590872966,0.9955971658881752,0,1,0,1,0,1,0,1,1,0,0,0,1,1,1,1,1,1,1,2
1.3552850224642152,1.045175113467289,0.8278200214214383,-0.011497897746499092,-0.40199490441104246,-1.9053157114178105,1,0,0,1,0,1,0,1,1,0,0,0,1,1,1,0,0,0,0,0
-1.3593946153415164,0.6098389077650151,-0.9079553165315475,-0.011497897746499092,0.4139151590872966,0.9955971658881752,1,0,0,1,0,1,1,0,1,0,0,1,0,1,0,1,1,1,0,0
1.015950067738499,1.3934440780291084,0.5500959673489606,-1.370862990412113,-1.2179049679093814,-0.9383447523158153,0,1,0,1,1,0,0,1,1,0,0,0,1,2,1,1,1,2,0,2
-0.6807247058900834,-0.5220352270608973,0.06407887272212458,0.6681846485863079,2.861645349582314,0.028626206786179966,0,1,0,1,1,0,0,1,1,0,1,0,0,0,2,1,0,1,1,1
-0.6807247058900834,-0.2608335036395329,0.06407887272212458,-0.691180444079306,-0.40199490441104246,-1.9053157114178105,1,0,0,1,0,1,0,1,1,0,0,1,0,0,2,0,0,1,2,1
1.3552850224642152,-0.6961697093418069,0.20294089975836344,-1.370862990412113,2.861645349582314,-0.9383447523158153,0,1,1,0,0,1,1,0,1,0,1,0,0,2,1,0,1,0,1,2
0.5069476356499242,-0.6961697093418069,-1.6716964652308612,0.6681846485863079,0.4139151590872966,0.028626206786179966,0,1,1,0,0,1,0,1,1,0,0,0,1,0,2,1,0,1,1,2
1.8642874545527899,0.69690614890547,1.6609921836388715,-0.691180444079306,0.4139151590872966,0.028626206786179966,0,1,0,1,0,1,0,1,1,0,1,0,0,0,1,0,2,0,2,0
0.6766151130127824,-0.4349679859204425,-0.6996622759771891,-0.691180444079306,-1.2179049679093814,1.9625681249901703,0,1,0,1,1,0,1,0,1,0,0,0,1,0,1,1,1,1,1,1
0.8462825903756406,-0.2608335036395329,-1.324541397640264,-0.011497897746499092,-0.40199490441104246,0.028626206786179966,0,1,0,1,1,0,0,1,1,0,0,0,1,1,2,1,0,1,2,0
-0.6807247058900834,-1.6539093618868097,0.7583890079033189,-2.05054553674492,1.2298252225856356,0.9955971658881752,1,0,0,1,1,0,0,1,1,0,0,0,1,1,0,1,1,2,0,0
-0.17172227380150873,0.34863718434365076,0.6889579943851994,-0.011497897746499092,-0.40199490441104246,0.028626206786179966,0,1,1,0,0,1,0,1,1,0,0,1,0,2,0,1,2,1,0,0
-0.6807247058900834,-1.2185731561845357,0.61952698086708,-1.370862990412113,0.4139151590872966,0.028626206786179966,1,0,1,0,0,1,0,1,1,0,0,1,0,2,1,1,1,1,0,0
-0.6807247058900834,1.567578560310018,-1.0468173435677863,-0.691180444079306,-0.40199490441104246,0.028626206786179966,0,1,1,0,0,1,0,1,1,0,0,0,1,1,0,1,1,1,0,2
0.3372801582870659,-0.2608335036395329,0.6889579943851994,-0.011497897746499092,0.4139151590872966,-0.9383447523158153,0,1,0,1,1,0,0,1,1,0,0,1,0,1,2,0,0,1,1,0
-1.0200596606158,-0.17376626249907806,-1.3939724111583836,-0.691180444079306,0.4139151590872966,-0.9383447523158153,1,0,1,0,1,0,0,1,1,0,0,1,0,2,1,0,0,1,0,0
1.015950067738499,-1.3056403973249906,-1.5328344381946224,-0.011497897746499092,1.2298252225856356,-0.9383447523158153,1,0,0,1,1,0,0,1,1,0,0,0,1,0,1,0,2,1,0,0
1.8642874545527899,-1.3927076384654453,0.5500959673489606,-0.691180444079306,-0.40199490441104246,-0.9383447523158153,1,0,0,1,0,1,0,1,1,0,0,0,1,1,1,1,1,1,0,1
-0.17172227380150873,-1.566842120746355,0.4806649538308412,-0.691180444079306,-1.2179049679093814,0.028626206786179966,0,1,0,1,0,1,0,1,0,1,1,0,0,1,2,1,0,2,1,1
-0.341389751164367,-0.08669902135862327,0.7583890079033189,0.6681846485863079,1.2298252225856356,0.9955971658881752,1,0,0,1,0,1,0,1,1,0,0,1,0,1,2,1,0,0,1,0
0.16761268092420772,0.26156994320319593,1.3832681295663938,-0.691180444079306,2.045735286083975,-0.9383447523158153,1,0,0,1,1,0,0,1,1,0,0,1,0,1,1,2,2,2,0,2
0.5069476356499242,1.4805113191695631,-1.3939724111583836,-1.370862990412113,-1.2179049679093814,0.028626206786179966,1,0,0,1,0,1,0,1,1,0,0,1,0,0,2,1,1,0,0,1
0.8462825903756406,0.08743546092228634,0.6889579943851994,-0.011497897746499092,1.2298252225856356,-1.9053157114178105,1,0,0,1,0,1,0,1,1,0,1,0,0,2,1,2,1,1,2,1
0.6766151130127824,-1.566842120746355,-0.352507208386592,1.3478671949191148,0.4139151590872966,-0.9383447523158153,1,0,0,1,1,0,0,1,1,0,0,0,1,0,2,0,0,1,1,1
0.5069476356499242,0.43570442548410554,1.591561170120752,-0.011497897746499092,0.4139151590872966,0.028626206786179966,1,0,0,1,1,0,1,0,1,0,1,0,0,0,2,2,0,1,2,1
0.16761268092420772,0.26156994320319593,0.4112339403127217,-0.691180444079306,1.2298252225856356,0.9955971658881752,0,1,0,1,0,1,0,1,1,0,1,0,0,2,1,0,2,1,2,1
1.185617545101357,-1.4797748796059,-1.6716964652308612,-0.691180444079306,-1.2179049679093814,-0.9383447523158153,0,1,0,1,1,0,0,1,1,0,0,0,1,1,2,0,0,1,2,1
1.015950067738499,0.0003682197818315326,-0.1442141678322337,0.6681846485863079,-0.40199490441104246,0.028626206786179966,0,1,0,1,1,0,0,1,1,0,0,1,0,2,0,2,1,1,0,0
-0.341389751164367,-1.044438673903626,1.105544075493916,0.6681846485863079,-0.40199490441104246,0.028626206786179966,1,0,1,0,1,0,0,1,1,0,0,1,0,0,1,2,0,2,2,0
-0.6807247058900834,-1.3927076384654453,-1.1856793706040252,1.3478671949191148,-0.40199490441104246,0.028626206786179966,1,0,0,1,0,1,0,1,1,0,0,0,1,0,1,0,1,1,1,1
-0.341389751164367,-0.4349679859204425,0.3418029267946023,-1.370862990412113,0.4139151590872966,0.028626206786179966,1,0,0,1,0,1,0,1,1,0,0,1,0,2,1,1,0,2,0,0
-0.17172227380150873,1.045175113467289,1.0361130619757966,-0.011497897746499092,-0.40199490441104246,-0.9383447523158153,1,0,0,1,0,1,0,1,1,0,0,0,1,1,1,1,0,2,0,0
-2.716734434244382,-1.3927076384654453,-0.6996622759771891,-0.011497897746499092,-0.40199490441104246,0.9955971658881752,0,1,0,1,0,1,0,1,1,0,1,0,0,1,2,1,1,2,0,2
0.3372801582870659,-0.5220352270608973,-1.324541397640264,-0.691180444079306,2.045735286083975,0.028626206786179966,0,1,0,1,0,1,0,1,1,0,1,0,0,1,0,0,1,2,2,1
-0.5110572285272252,1.567578560310018,-0.9079553165315475,-0.691180444079306,-0.40199490441104246,-0.9383447523158153,1,0,1,0,0,1,0,1,1,0,0,1,0,1,0,0,1,1,1,0
0.16761268092420772,-0.4349679859204425,0.5500959673489606,-0.011497897746499092,-0.40199490441104246,-0.9383447523158153,1,0,0,1,1,0,0,1,1,0,0,0,1,2,2,0,1,1,1,0
-0.002054796438650507,-0.9573714327631713,-0.1442141678322337,-0.691180444079306,0.4139151590872966,0.028626206786179966,0,1,1,0,0,1,0,1,1,0,0,0,1,2,2,1,0,1,0,2
-0.8503921832529416,-1.044438673903626,-0.5608002489409503,-1.370862990412113,1.2298252225856356,0.9955971658881752,0,1,1,0,0,1,0,1,1,0,1,0,0,1,1,1,1,2,2,1
-1.189727137978658,1.132242354607744,-0.21364518135035315,-0.011497897746499092,0.4139151590872966,-0.9383447523158153,1,0,1,0,1,0,0,1,1,0,0,0,1,0,0,2,1,1,2,0
-1.6987295700672327,1.567578560310018,0.3418029267946023,-0.011497897746499092,1.2298252225856356,0.028626206786179966,0,1,1,0,1,0,0,1,1,0,0,1,0,1,2,0,1,1,1,0
0.6766151130127824,0.9581078723268344,-0.21364518135035315,-0.011497897746499092,1.2298252225856356,0.028626206786179966,0,1,0,1,0,1,0,1,1,0,0,1,0,1,1,1,1,2,0,1
-0.8503921832529416,-1.7409766030272644,1.105544075493916,-0.011497897746499092,-1.2179049679093814,-0.9383447523158153,0,1,1,0,1,0,0,1,1,0,1,0,0,0,2,0,0,1,1,2
-0.6807247058900834,0.6098389077650151,0.06407887272212458,-1.370862990412113,-0.40199490441104246,-0.9383447523158153,1,0,1,0,1,0,0,1,1,0,0,1,0,1,1,2,0,2,2,2
0.5069476356499242,-0.5220352270608973,-0.5608002489409503,-2.05054553674492,1.2298252225856356,1.9625681249901703,0,1,1,0,1,0,0,1,1,0,1,0,0,1,1,1,2,1,0,2
0.5069476356499242,-0.609102468201352,-1.0468173435677863,-1.370862990412113,-0.40199490441104246,-0.9383447523158153,1,0,1,0,1,0,0,1,1,0,0,0,1,0,2,2,1,1,2,0
-0.17172227380150873,-0.7832369504822617,-0.6302312624590697,-0.011497897746499092,0.4139151590872966,0.028626206786179966,1,0,0,1,0,1,0,1,1,0,0,1,0,1,2,0,0,1,0,0
-1.3593946153415164,-0.8703041916227164,-1.3939724111583836,0.6681846485863079,0.4139151590872966,0.9955971658881752,1,0,0,1,0,1,0,1,1,0,1,0,0,0,1,1,1,2,0,0
0.5069476356499242,0.69690614890547,-0.6302312624590697,0.6681846485863079,0.4139151590872966,-0.9383447523158153,0,1,1,0,0,1,0,1,1,0,0,0,1,1,1,0,1,2,1,1
-0.341389751164367,0.9581078723268344,-0.4219382219047114,-0.691180444079306,2.861645349582314,-0.9383447523158153,0,1,0,1,0,1,0,1,1,0,0,0,1,2,1,1,0,2,0,0
1.8642874545527899,-1.3927076384654453,0.4112339403127217,-0.011497897746499092,-0.40199490441104246,0.9955971658881752,1,0,0,1,0,1,0,1,1,0,0,0,1,2,0,0,1,1,0,0
0.8462825903756406,0.26156994320319593,-0.7690932894953085,-0.011497897746499092,-1.2179049679093814,-0.9383447523158153,0,1,0,1,1,0,0,1,1,0,0,1,0,1,2,1,0,1,1,1
0.3372801582870659,-0.2608335036395329,-0.07478315431411428,-0.011497897746499092,0.4139151590872966,0.9955971658881752,0,1,1,0,0,1,0,1,1,0,1,0,0,1,1,2,0,0,1,0
-0.002054796438650507,0.34863718434365076,-1.2551103841221445,-0.691180444079306,0.4139151590872966,0.9955971658881752,1,0,0,1,0,1,0,1,1,0,0,0,1,1,2,2,1,1,0,2
2.7126248413670813,-0.7832369504822617,-1.324541397640264,-0.691180444079306,0.4139151590872966,-0.9383447523158153,0,1,0,1,0,1,0,1,1,0,0,0,1,1,1,1,2,1,0,2
0.16761268092420772,1.6546458014504728,-1.1162483570859056,1.3478671949191148,-0.40199490441104246,-0.9383447523158153,1,0,0,1,0,1,0,1,1,0,1,0,0,1,0,0,2,2,1,1
-1.3593946153415164,-1.3056403973249906,-0.6302312624590697,-2.05054553674492,-1.2179049679093814,-0.9383447523158153,1,0,0,1,0,1,0,1,1,0,0,1,0,2,2,1,1,2,0,0
-0.002054796438650507,-0.4349679859204425,0.20294089975836344,-0.011497897746499092,-1.2179049679093814,-0.9383447523158153,1,0,0,1,1,0,0,1,1,0,1,0,0,1,1,1,0,1,1,0
-0.002054796438650507,-0.609102468201352,1.6609921836388715,0.6681846485863079,-0.40199490441104246,0.028626206786179966,0,1,1,0,1,0,0,1,1,0,0,0,1,1,1,0,1,1,0,0
-1.3593946153415164,-0.6961697093418069,-1.7411274787489806,-0.691180444079306,-0.40199490441104246,0.028626206786179966,0,1,0,1,1,0,0,1,1,0,0,0,1,1,1,2,0,1,1,0
-1.6987295700672327,0.9581078723268344,-1.6716964652308612,2.0275497412519217,-1.2179049679093814,0.028626206786179966,0,1,0,1,0,1,0,1,1,0,0,0,1,2,2,1,0,1,2,1
-0.341389751164367,-0.609102468201352,-0.21364518135035315,-0.011497897746499092,-0.40199490441104246,-1.9053157114178105,0,1,1,0,0,1,0,1,0,1,0,1,0,1,2,0,1,1,0,1
-0.341389751164367,0.34863718434365076,-0.2830761948684726,-0.691180444079306,2.045735286083975,-0.9383447523158153,1,0,0,1,1,0,0,1,1,0,0,0,1,1,2,1,1,0,0,0
1.3552850224642152,-0.609102468201352,1.452699143084513,-0.691180444079306,-0.40199490441104246,-2.872286670519806,1,0,0,1,0,1,0,1,1,0,1,0,0,1,2,1,1,1,2,0
0.3372801582870659,-1.7409766030272644,0.5500959673489606,-0.011497897746499092,1.2298252225856356,-1.9053157114178105,1,0,0,1,1,0,1,0,1,0,0,0,1,0,0,1,1,1,1,0
-1.0200596606158,-1.044438673903626,0.6889579943851994,-0.691180444079306,0.4139151590872966,0.028626206786179966,1,0,0,1,0,1,0,1,1,0,0,1,0,0,1,1,1,1,0,0
1.185617545101357,1.3934440780291084,-0.2830761948684726,-0.691180444079306,0.4139151590872966,-0.9383447523158153,1,0,0,1,0,1,0,1,1,0,0,1,0,1,1,1,1,1,1,0
-0.341389751164367,1.3063768368886535,1.452699143084513,0.6681846485863079,1.2298252225856356,2.929539084092166,0,1,0,1,1,0,0,1,1,0,1,0,0,1,2,1,1,0,2,0
-1.0200596606158,0.17450270206274113,-0.5608002489409503,-2.05054553674492,-0.40199490441104246,0.9955971658881752,1,0,0,1,0,1,0,1,1,0,0,1,0,1,1,1,2,1,0,1
-1.189727137978658,-1.3927076384654453,0.5500959673489606,1.3478671949191148,-0.40199490441104246,0.9955971658881752,0,1,0,1,0,1,0,1,1,0,0,0,1,1,2,0,2,1,0,0
-1.189727137978658,-0.5220352270608973,-0.9773863300496669,-0.011497897746499092,0.4139151590872966,0.028626206786179966,0,1,0,1,0,1,0,1,1,0,0,0,1,2,2,1,0,1,0,1
-1.0200596606158,-1.566842120746355,0.8278200214214383,0.6681846485863079,-0.40199490441104246,-1.9053157114178105,0,1,0,1,1,0,0,1,1,0,0,0,1,0,1,1,1,1,0,1
-0.002054796438650507,0.17450270206274113,-0.6302312624590697,0.6681846485863079,-1.2179049679093814,-0.9383447523158153,0,1,0,1,1,0,0,1,1,0,0,0,1,0,1,0,2,1,2,0
1.015950067738499,-0.34790074477998767,0.8972510349395577,0.6681846485863079,0.4139151590872966,0.9955971658881752,0,1,0,1,0,1,0,1,1,0,0,0,1,0,0,0,0,0,0,0
1.5249524998270736,-0.609102468201352,-0.8385243030134281,-0.011497897746499092,-0.40199490441104246,0.9955971658881752,1,0,0,1,0,1,0,1,1,0,1,0,0,0,0,1,0,1,2,2
0.6766151130127824,0.8710406311863795,-1.6022654517127417,1.3478671949191148,-1.2179049679093814,0.028626206786179966,1,0,0,1,0,1,0,1,0,1,1,0,0,1,0,0,0,1,1,0
-0.341389751164367,-1.131505915044081,-0.49136923542283084,-0.011497897746499092,-1.2179049679093814,0.9955971658881752,0,1,0,1,0,1,0,1,1,0,0,0,1,2,2,1,1,1,0,0
-1.0200596606158,0.34863718434365076,0.4112339403127217,-0.011497897746499092,-1.2179049679093814,-0.9383447523158153,1,0,0,1,1,0,0,1,1,0,0,1,0,1,1,1,2,1,1,0
-0.8503921832529416,-1.6539093618868097,-1.1162483570859056,-1.370862990412113,-1.2179049679093814,0.9955971658881752,1,0,0,1,1,0,0,1,1,0,0,1,0,1,1,2,0,2,0,0
1.015950067738499,0.9581078723268344,0.27237191327648286,-0.011497897746499092,-0.40199490441104246,1.9625681249901703,1,0,1,0,0,1,0,1,1,0,0,1,0,2,1,1,0,1,0,0
-0.341389751164367,-0.609102468201352,0.8972510349395577,0.6681846485863079,1.2298252225856356,0.9955971658881752,0,1,0,1,0,1,0,1,1,0,0,0,1,0,1,0,0,1,1,1
0.16761268092420772,1.2193095957481987,-0.6996622759771891,1.3478671949191148,2.861645349582314,0.028626206786179966,0,1,1,0,0,1,0,1,0,1,0,1,0,1,1,0,2,2,0,0
-0.8503921832529416,1.045175113467289,-0.21364518135035315,-0.011497897746499092,-0.40199490441104246,1.9625681249901703,1,0,0,1,0,1,0,1,1,0,1,0,0,1,0,0,1,1,0,0
-0.002054796438650507,1.7417130425909275,-0.1442141678322337,-0.011497897746499092,-0.40199490441104246,0.9955971658881752,1,0,0,1,0,1,0,1,1,0,0,1,0,1,1,1,0,1,1,0
-0.341389751164367,-1.131505915044081,-0.1442141678322337,-2.05054553674492,-1.2179049679093814,-0.9383447523158153,0,1,1,0,1,0,0,1,1,0,0,1,0,2,0,0,1,1,2,1
-1.189727137978658,-0.609102468201352,1.244406102530155,0.6681846485863079,-1.2179049679093814,0.028626206786179966,1,0,0,1,1,0,0,1,1,0,0,1,0,1,2,1,2,2,2,0
1.3552850224642152,0.34863718434365076,0.06407887272212458,1.3478671949191148,-1.2179049679093814,0.028626206786179966,0,1,1,0,0,1,0,1,1,0,1,0,0,2,2,2,2,1,0,0
0.8462825903756406,-0.609102468201352,0.27237191327648286,-1.370862990412113,-0.40199490441104246,1.9625681249901703,1,0,1,0,0,1,0,1,1,0,0,1,0,0,1,1,0,1,0,1
1.3552850224642152,-0.6961697093418069,-1.0468173435677863,-0.011497897746499092,2.045735286083975,0.028626206786179966,0,1,0,1,0,1,0,1,1,0,0,1,0,0,1,1,2,1,2,0
-0.17172227380150873,1.2193095957481987,-0.005352140795994853,-0.011497897746499092,0.4139151590872966,1.9625681249901703,1,0,0,1,0,1,0,1,1,0,1,0,0,2,0,1,2,1,1,0
-1.189727137978658,0.69690614890547,-0.9773863300496669,1.3478671949191148,2.045735286083975,0.028626206786179966,1,0,1,0,0,1,0,1,1,0,1,0,0,2,0,0,1,1,0,0
0.3372801582870659,-0.8703041916227164,0.6889579943851994,-0.011497897746499092,-1.2179049679093814,0.028626206786179966,0,1,1,0,1,0,0,1,1,0,1,0,0,2,0,1,2,1,0,2
-1.0200596606158,-0.9573714327631713,0.9666820484576771,-0.691180444079306,0.4139151590872966,1.9625681249901703,1,0,1,0,0,1,0,1,1,0,0,0,1,1,1,2,2,2,0,1
1.015950067738499,-1.4797748796059,0.4112339403127217,-1.370862990412113,-1.2179049679093814,-0.9383447523158153,1,0,0,1,1,0,0,1,1,0,1,0,0,2,2,1,0,1,0,1
0.3372801582870659,-0.6961697093418069,-0.352507208386592,-0.691180444079306,-0.40199490441104246,0.028626206786179966,0,1,0,1,1,0,0,1,1,0,0,1,0,0,1,0,2,1,2,2
0.6766151130127824,-1.2185731561845357,-0.07478315431411428,-0.011497897746499092,-1.2179049679093814,-0.9383447523158153,0,1,0,1,1,0,0,1,1,0,0,1,0,0,2,1,2,2,1,1
0.3372801582870659,-0.5220352270608973,-0.49136923542283084,-0.691180444079306,-1.2179049679093814,0.9955971658881752,0,1,0,1,0,1,0,1,1,0,0,0,1,0,2,1,1,0,0,2
-1.5290620927043745,-0.8703041916227164,0.9666820484576771,-0.691180444079306,0.4139151590872966,0.9955971658881752,1,0,0,1,0,1,0,1,1,0,0,0,1,1,2,0,1,1,0,0
-1.6987295700672327,-0.9573714327631713,1.5221301566026326,0.6681846485863079,-0.40199490441104246,0.028626206786179966,1,0,1,0,1,0,0,1,1,0,1,0,0,0,1,1,1,1,0,0
-1.3593946153415164,-1.3056403973249906,-0.2830761948684726,-0.011497897746499092,-0.40199490441104246,0.9955971658881752,0,1,0,1,1,0,0,1,1,0,0,1,0,1,2,1,0,2,0,1
-1.6987295700672327,1.3934440780291084,1.1749750890120354,-0.011497897746499092,-0.40199490441104246,-1.9053157114178105,1,0,0,1,0,1,0,1,1,0,0,1,0,2,2,1,0,0,0,0
0.5069476356499242,-0.2608335036395329,-0.2830761948684726,-0.691180444079306,1.2298252225856356,0.9955971658881752,0,1,1,0,1,0,0,1,1,0,0,0,1,1,2,0,1,0,0,1
-1.0200596606158,-0.609102468201352,0.8278200214214383,-1.370862990412113,0.4139151590872966,0.9955971658881752,1,0,0,1,1,0,0,1,1,0,0,0,1,2,1,2,1,1,1,0
-0.8503921832529416,-0.17376626249907806,1.5221301566026326,0.6681846485863079,-0.40199490441104246,0.9955971658881752,0,1,0,1,1,0,0,1,1,0,0,1,0,1,2,1,1,1,2,0
0.16761268092420772,-0.7832369504822617,-1.6716964652308612,-0.011497897746499092,1.2298252225856356,0.028626206786179966,1,0,1,0,0,1,0,1,1,0,0,1,0,1,1,1,1,2,2,1
-0.6807247058900834,0.69690614890547,1.3138371160482742,-1.370862990412113,2.045735286083975,2.929539084092166,0,1,1,0,0,1,0,1,1,0,0,0,1,1,2,2,1,1,1,1
-0.6807247058900834,1.6546458014504728,1.730423197156991,-0.691180444079306,-0.40199490441104246,0.028626206786179966,1,0,0,1,0,1,0,1,1,0,0,0,1,0,2,2,2,2,0,2
-1.0200596606158,-0.17376626249907806,0.06407887272212458,-0.011497897746499092,-1.2179049679093814,-0.9383447523158153,1,0,0,1,0,1,0,1,0,1,1,0,0,2,1,1,2,1,1,0
-0.6807247058900834,-1.6539093618868097,-0.7690932894953085,0.6681846485863079,-0.40199490441104246,0.028626206786179966,0,1,0,1,1,0,0,1,1,0,0,0,1,2,2,1,0,2,0,2
1.6946199771899317,-1.044438673903626,-1.1162483570859056,-0.011497897746499092,1.2298252225856356,0.028626206786179966,0,1,0,1,1,0,0,1,1,0,0,0,1,1,2,1,0,1,1,1
0.8462825903756406,-1.2185731561845357,-0.6996622759771891,0.6681846485863079,-1.2179049679093814,0.028626206786179966,0,1,0,1,0,1,0,1,0,1,0,0,1,0,1,1,1,1,0,0
-0.8503921832529416,-0.17376626249907806,-0.8385243030134281,-0.691180444079306,-0.40199490441104246,-0.9383447523158153,0,1,1,0,0,1,0,1,0,1,0,1,0,1,1,2,1,1,1,1
0.3372801582870659,-1.044438673903626,1.452699143084513,0.6681846485863079,-0.40199490441104246,0.028626206786179966,1,0,0,1,1,0,0,1,1,0,0,0,1,2,1,1,1,1,2,1
1.185617545101357,1.045175113467289,1.452699143084513,2.0275497412519217,-1.2179049679093814,-0.9383447523158153,0,1,0,1,1,0,0,1,1,0,0,1,0,0,1,1,0,1,2,2
-0.17172227380150873,0.7839733900459247,-0.6996622759771891,-0.691180444079306,0.4139151590872966,0.028626206786179966,0,1,0,1,0,1,0,1,0,1,0,1,0,2,1,0,0,1,2,0
0.6766151130127824,-0.2608335036395329,0.8972510349395577,-0.011497897746499092,-0.40199490441104246,1.9625681249901703,0,1,0,1,0,1,0,1,1,0,1,0,0,2,2,0,2,1,1,0
-1.868397047430091,-0.4349679859204425,-0.9773863300496669,0.6681846485863079,1.2298252225856356,0.028626206786179966,0,1,0,1,1,0,0,1,1,0,0,1,0,2,0,2,1,1,0,0
-0.341389751164367,0.17450270206274113,-0.1442141678322337,1.3478671949191148,0.4139151590872966,0.9955971658881752,1,0,0,1,1,0,0,1,1,0,0,0,1,0,1,0,0,1,1,0
-1.5290620927043745,0.0003682197818315326,1.452699143084513,-0.691180444079306,-0.40199490441104246,0.028626206786179966,0,1,0,1,0,1,0,1,1,0,0,1,0,1,1,0,0,2,0,0
0.8462825903756406,-1.3056403973249906,0.06407887272212458,-2.05054553674492,-0.40199490441104246,-1.9053157114178105,1,0,1,0,0,1,0,1,1,0,0,1,0,2,2,2,2,1,0,1
0.5069476356499242,0.0003682197818315326,-0.5608002489409503,-0.011497897746499092,0.4139151590872966,0.9955971658881752,0,1,0,1,1,0,0,1,1,0,0,1,0,1,1,0,0,2,0,0
0.3372801582870659,0.6098389077650151,-0.7690932894953085,0.6681846485863079,0.4139151590872966,0.028626206786179966,1,0,0,1,0,1,1,0,1,0,1,0,0,2,2,1,1,2,0,1
0.6766151130127824,-0.8703041916227164,-1.3939724111583836,0.6681846485863079,2.045735286083975,0.9955971658881752,1,0,0,1,1,0,0,1,1,0,0,0,1,1,2,1,0,2,2,1
-0.5110572285272252,1.2193095957481987,1.591561170120752,-0.011497897746499092,-0.40199490441104246,-0.9383447523158153,0,1,0,1,0,1,0,1,1,0,1,0,0,1,0,0,1,2,0,0
1.185617545101357,0.69690614890547,-0.5608002489409503,-0.011497897746499092,1.2298252225856356,0.9955971658881752,0,1,0,1,1,0,0,1,1,0,0,1,0,1,1,1,2,1,1,2
-1.189727137978658,0.6098389077650151,-1.3939724111583836,0.6681846485863079,-0.40199490441104246,0.028626206786179966,1,0,1,0,0,1,0,1,1,0,0,0,1,2,0,2,2,2,0,0
-0.002054796438650507,0.8710406311863795,-1.1856793706040252,-0.011497897746499092,-0.40199490441104246,0.9955971658881752,0,1,1,0,0,1,0,1,1,0,0,1,0,1,1,2,2,2,0,0
0.5069476356499242,-0.5220352270608973,0.8972510349395577,0.6681846485863079,-1.2179049679093814,0.028626206786179966,0,1,0,1,0,1,0,1,0,1,1,0,0,1,2,0,1,2,0,0
-0.6807247058900834,0.34863718434365076,-0.6996622759771891,-0.011497897746499092,-0.40199490441104246,0.028626206786179966,0,1,0,1,1,0,0,1,1,0,1,0,0,1,1,0,2,2,0,1
-0.5110572285272252,0.9581078723268344,-0.9079553165315475,-0.011497897746499092,1.2298252225856356,0.028626206786179966,0,1,0,1,0,1,0,1,1,0,1,0,0,1,0,0,2,1,2,0
1.185617545101357,-0.4349679859204425,-1.2551103841221445,2.0275497412519217,1.2298252225856356,0.028626206786179966,0,1,0,1,0,1,0,1,1,0,1,0,0,1,0,1,2,0,0,0
0.5069476356499242,-0.08669902135862327,-0.352507208386592,-0.691180444079306,1.2298252225856356,0.9955971658881752,1,0,0,1,0,1,0,1,1,0,1,0,0,0,1,1,1,2,2,1
-0.17172227380150873,-1.2185731561845357,0.133509886240244,0.6681846485863079,1.2298252225856356,0.9955971658881752,1,0,0,1,1,0,1,0,1,0,1,0,0,2,1,0,1,1,1,1
-0.5110572285272252,-1.131505915044081,-0.9079553165315475,1.3478671949191148,1.2298252225856356,0.028626206786179966,0,1,0,1,0,1,0,1,1,0,0,0,1,0,2,2,1,1,0,0
1.6946199771899317,0.69690614890547,1.105544075493916,1.3478671949191148,1.2298252225856356,0.028626206786179966,1,0,0,1,1,0,0,1,1,0,0,0,1,1,1,1,1,0,0,0
0.6766151130127824,1.045175113467289,0.4112339403127217,-1.370862990412113,0.4139151590872966,0.028626206786179966,0,1,1,0,0,1,0,1,0,1,1,0,0,0,2,1,0,1,0,0
-0.5110572285272252,1.3934440780291084,-1.0468173435677863,-0.011497897746499092,-1.2179049679093814,-0.9383447523158153,0,1,1,0,0,1,0,1,0,1,0,1,0,2,1,0,0,1,1,0
-1.868397047430091,-1.566842120746355,-1.1856793706040252,-1.370862990412113,-1.2179049679093814,1.9625681249901703,1,0,1,0,0,1,0,1,1,0,0,0,1,0,2,0,1,2,1,1
0.3372801582870659,0.6098389077650151,-0.49136923542283084,-0.011497897746499092,-1.2179049679093814,-0.9383447523158153,0,1,0,1,0,1,1,0,1,0,0,1,0,2,0,1,0,1,0,0
0.5069476356499242,0.6098389077650151,1.452699143084513,1.3478671949191148,-0.40199490441104246,-1.9053157114178105,1,0,1,0,0,1,0,1,1,0,0,0,1,2,2,2,1,1,1,0
-0.5110572285272252,0.6098389077650151,-0.49136923542283084,-2.05054553674492,0.4139151590872966,0.9955971658881752,0,1,0,1,1,0,0,1,1,0,0,0,1,1,2,1,0,0,2,1
-1.868397047430091,0.9581078723268344,0.8972510349395577,-2.05054553674492,0.4139151590872966,0.9955971658881752,1,0,0,1,1,0,0,1,0,1,0,1,0,1,0,0,1,1,2,0
-0.5110572285272252,1.045175113467289,1.244406102530155,-0.691180444079306,2.045735286083975,0.9955971658881752,1,0,1,0,1,0,0,1,1,0,0,1,0,2,2,1,1,0,1,1
-1.0200596606158,-1.3927076384654453,1.0361130619757966,-0.691180444079306,-1.2179049679093814,-0.9383447523158153,1,0,1,0,0,1,0,1,1,0,1,0,0,2,2,0,0,2,0,0
0.6766151130127824,-1.6539093618868097,0.3418029267946023,-0.011497897746499092,-1.2179049679093814,0.028626206786179966,0,1,0,1,1,0,0,1,1,0,0,0,1,1,1,2,0,1,2,1
0.5069476356499242,-1.3056403973249906,1.452699143084513,-0.691180444079306,-1.2179049679093814,0.028626206786179966,0,1,0,1,0,1,0,1,1,0,0,0,1,1,1,1,0,0,0,0
-0.341389751164367,-1.4797748796059,1.3138371160482742,-0.691180444079306,0.4139151590872966,-0.9383447523158153,0,1,0,1,1,0,0,1,0,1,0,1,0,2,0,1,1,2,0,0
2.2036224092785064,-1.6539093618868097,1.452699143084513,-1.370862990412113,0.4139151590872966,0.028626206786179966,0,1,0,1,0,1,0,1,1,0,1,0,0,0,0,1,1,1,0,0
0.3372801582870659,-0.6961697093418069,-0.2830761948684726,2.0275497412519217,-0.40199490441104246,-1.9053157114178105,0,1,1,0,0,1,0,1,1,0,1,0,0,0,1,1,1,1,1,0
-0.6807247058900834,-1.6539093618868097,0.4112339403127217,-0.011497897746499092,0.4139151590872966,-1.9053157114178105,1,0,0,1,0,1,0,1,1,0,0,1,0,2,1,0,1,1,0,0
0.16761268092420772,1.132242354607744,-0.5608002489409503,-0.691180444079306,-0.40199490441104246,0.028626206786179966,1,0,0,1,0,1,1,0,1,0,0,0,1,1,1,1,2,1,0,0
-1.5290620927043745,1.4805113191695631,1.105544075493916,-0.011497897746499092,-0.40199490441104246,0.9955971658881752,0,1,0,1,1,0,0,1,1,0,0,0,1,1,1,1,1,1,0,0
-0.17172227380150873,1.6546458014504728,-1.4634034246765029,-1.370862990412113,-1.2179049679093814,-0.9383447523158153,0,1,0,1,0,1,0,1,1,0,0,1,0,1,2,0,1,1,2,0
0.3372801582870659,-1.4797748796059,0.7583890079033189,-2.05054553674492,-1.2179049679093814,0.9955971658881752,1,0,0,1,0,1,0,1,1,0,0,1,0,0,2,0,0,2,1,0
-0.002054796438650507,-0.7832369504822617,-0.005352140795994853,-1.370862990412113,-1.2179049679093814,0.9955971658881752,0,1,1,0,0,1,0,1,1,0,0,0,1,1,1,0,1,1,0,0
0.5069476356499242,-1.131505915044081,0.8972510349395577,-0.691180444079306,0.4139151590872966,0.9955971658881752,0,1,1,0,1,0,0,1,1,0,0,1,0,0,1,1,1,1,0,0
1.015950067738499,-0.4349679859204425,0.27237191327648286,-2.05054553674492,0.4139151590872966,-1.9053157114178105,0,1,0,1,0,1,0,1,1,0,1,0,0,1,0,1,2,1,1,0
1.015950067738499,1.4805113191695631,0.5500959673489606,-0.011497897746499092,0.4139151590872966,0.028626206786179966,0,1,0,1,0,1,0,1,1,0,0,0,1,1,1,0,0,1,2,0
-0.002054796438650507,1.567578560310018,0.3418029267946023,-0.691180444079306,-1.2179049679093814,-0.9383447523158153,0,1,0,1,1,0,0,1,1,0,0,0,1,1,1,1,1,1,1,1
-0.5110572285272252,0.17450270206274113,-0.6996622759771891,-0.011497897746499092,-0.40199490441104246,1.9625681249901703,0,1,0,1,0,1,0,1,1,0,0,0,1,2,1,1,1,1,0,0
0.5069476356499242,-0.34790074477998767,0.7583890079033189,-0.011497897746499092,-0.40199490441104246,0.9955971658881752,0,1,1,0,1,0,1,0,1,0,0,0,1,0,1,0,0,1,1,2
0.16761268092420772,-0.08669902135862327,1.105544075493916,0.6681846485863079,-0.40199490441104246,0.028626206786179966,0,1,0,1,0,1,0,1,1,0,0,0,1,0,1,2,0,1,0,1
0.16761268092420772,-0.17376626249907806,1.105544075493916,0.6681846485863079,-0.40199490441104246,1.9625681249901703,1,0,1,0,1,0,1,0,1,0,1,0,0,0,2,1,1,0,2,0
2.7126248413670813,0.17450270206274113,-0.8385243030134281,-0.011497897746499092,-1.2179049679093814,0.028626206786179966,0,1,1,0,0,1,0,1,1,0,0,0,1,0,0,1,1,1,0,0
1.8642874545527899,-1.2185731561845357,0.3418029267946023,0.6681846485863079,-1.2179049679093814,0.9955971658881752,1,0,1,0,0,1,0,1,1,0,1,0,0,0,2,0,0,0,0,0
-1.0200596606158,1.4805113191695631,0.5500959673489606,-1.370862990412113,-1.2179049679093814,-0.9383447523158153,1,0,0,1,0,1,0,1,1,0,0,0,1,1,1,1,0,1,0,0
2.2036224092785064,-1.3927076384654453,0.06407887272212458,2.0275497412519217,0.4139151590872966,0.028626206786179966,0,1,1,0,0,1,0,1,1,0,0,1,0,1,0,0,2,2,0,0
0.5069476356499242,-1.044438673903626,-1.0468173435677863,-0.691180444079306,-0.40199490441104246,0.028626206786179966,1,0,0,1,1,0,0,1,1,0,0,1,0,2,1,1,0,1,0,0
0.3372801582870659,-0.5220352270608973,-0.7690932894953085,1.3478671949191148,1.2298252225856356,0.028626206786179966,1,0,0,1,0,1,0,1,1,0,0,1,0,1,2,2,1,1,0,0
-0.002054796438650507,1.2193095957481987,0.9666820484576771,-0.011497897746499092,-1.2179049679093814,-1.9053157114178105,0,1,1,0,1,0,0,1,1,0,0,1,0,1,1,1,0,1,0,0
-0.8503921832529416,-1.3056403973249906,1.244406102530155,1.3478671949191148,0.4139151590872966,0.028626206786179966,0,1,1,0,0,1,0,1,1,0,0,1,0,1,2,0,0,0,1,0
0.16761268092420772,0.69690614890547,1.105544075493916,-0.691180444079306,-1.2179049679093814,0.9955971658881752,1,0,1,0,0,1,0,1,1,0,0,1,0,2,1,0,0,1,2,1
2.3732898866413645,-0.6961697093418069,0.8972510349395577,1.3478671949191148,-0.40199490441104246,0.028626206786179966,0,1,1,0,0,1,0,1,1,0,0,0,1,1,2,0,2,1,2,0
-0.17172227380150873,1.3063768368886535,-1.5328344381946224,0.6681846485863079,1.2298252225856356,-1.9053157114178105,1,0,0,1,0,1,0,1,1,0,0,0,1,1,2,1,0,1,0,1
-0.5110572285272252,0.34863718434365076,0.20294089975836344,-0.011497897746499092,-1.2179049679093814,1.9625681249901703,1,0,0,1,0,1,0,1,0,1,0,1,0,0,1,0,2,2,1,1
1.015950067738499,-1.566842120746355,-1.1162483570859056,-0.691180444079306,-0.40199490441104246,0.028626206786179966,0,1,0,1,1,0,0,1,1,0,0,1,0,1,1,1,1,1,0,1
0.6766151130127824,-0.2608335036395329,-0.7690932894953085,-0.691180444079306,0.4139151590872966,0.9955971658881752,0,1,0,1,0,1,0,1,1,0,0,0,1,1,1,1,2,1,0,0
-0.341389751164367,0.34863718434365076,-0.49136923542283084,1.3478671949191148,-1.2179049679093814,-0.9383447523158153,1,0,1,0,0,1,0,1,1,0,1,0,0,1,0,0,1,2,2,0
0.6766151130127824,0.8710406311863795,-1.1856793706040252,-0.011497897746499092,0.4139151590872966,-0.9383447523158153,0,1,1,0,1,0,0,1,1,0,0,1,0,1,1,1,0,1,2,0
0.5069476356499242,-0.609102468201352,-1.7411274787489806,-0.691180444079306,-0.40199490441104246,0.028626206786179966,0,1,0,1,1,0,0,1,1,0,0,0,1,2,2,1,1,1,1,0
0.6766151130127824,-1.131505915044081,0.9666820484576771,0.6681846485863079,0.4139151590872966,0.028626206786179966,1,0,1,0,1,0,0,1,1,0,0,0,1,2,1,1,2,0,0,0
-0.341389751164367,0.17450270206274113,-1.7411274787489806,0.6681846485863079,-0.40199490441104246,0.028626206786179966,0,1,0,1,0,1,0,1,1,0,0,0,1,2,0,1,2,1,0,1
-0.6807247058900834,-0.609102468201352,1.3138371160482742,-0.691180444079306,-0.40199490441104246,-0.9383447523158153,1,0,1,0,1,0,1,0,1,0,1,0,0,0,0,1,0,1,1,0
-0.5110572285272252,1.567578560310018,0.8278200214214383,-0.691180444079306,1.2298252225856356,1.9625681249901703,1,0,1,0,1,0,1,0,1,0,0,0,1,0,2,2,1,1,1,0
-0.5110572285272252,0.17450270206274113,1.591561170120752,0.6681846485863079,1.2298252225856356,0.9955971658881752,0,1,0,1,0,1,0,1,1,0,0,0,1,1,1,1,1,2,0,1
0.3372801582870659,1.4805113191695631,-1.4634034246765029,-0.691180444079306,-0.40199490441104246,0.028626206786179966,0,1,0,1,0,1,0,1,1,0,0,0,1,1,2,1,0,2,2,0
-0.17172227380150873,1.4805113191695631,1.3138371160482742,-0.691180444079306,0.4139151590872966,0.9955971658881752,0,1,0,1,1,0,0,1,1,0,0,1,0,1,0,1,2,1,2,0
-0.5110572285272252,-0.7832369504822617,1.6609921836388715,-0.691180444079306,2.045735286083975,0.028626206786179966,0,1,0,1,0,1,0,1,0,1,0,0,1,1,0,0,1,1,2,0
-0.6807247058900834,-0.4349679859204425,1.105544075493916,-0.011497897746499092,0.4139151590872966,1.9625681249901703,0,1,0,1,0,1,0,1,1,0,0,0,1,1,2,0,0,0,0,2
2.0339549319156482,-1.044438673903626,0.61952698086708,2.0275497412519217,-1.2179049679093814,-0.9383447523158153,0,1,1,0,1,0,0,1,1,0,0,0,1,2,2,1,1,2,2,2
0.3372801582870659,-1.044438673903626,0.8278200214214383,-2.05054553674492,0.4139151590872966,0.028626206786179966,1,0,0,1,1,0,0,1,1,0,0,1,0,1,1,2,1,1,2,2
0.16761268092420772,1.7417130425909275,-0.5608002489409503,-0.691180444079306,-1.2179049679093814,0.028626206786179966,0,1,0,1,1,0,0,1,1,0,0,0,1,1,1,1,2,1,0,2
-0.341389751164367,1.4805113191695631,0.06407887272212458,-0.691180444079306,-1.2179049679093814,1.9625681249901703,0,1,0,1,0,1,0,1,1,0,0,1,0,2,2,1,1,2,0,1
0.5069476356499242,-0.4349679859204425,0.3418029267946023,0.6681846485863079,-1.2179049679093814,0.9955971658881752,1,0,1,0,0,1,0,1,1,0,0,1,0,2,1,2,0,2,0,1
-1.868397047430091,-0.8703041916227164,0.4112339403127217,-1.370862990412113,-0.40199490441104246,0.9955971658881752,1,0,1,0,1,0,0,1,1,0,0,1,0,2,1,1,2,2,2,0
-0.5110572285272252,-0.08669902135862327,0.20294089975836344,0.6681846485863079,0.4139151590872966,1.9625681249901703,1,0,0,1,0,1,0,1,1,0,0,0,1,2,2,1,2,1,0,0
0.8462825903756406,0.08743546092228634,-1.1162483570859056,0.6681846485863079,1.2298252225856356,0.9955971658881752,0,1,0,1,0,1,0,1,1,0,0,0,1,0,1,0,0,1,1,0
1.5249524998270736,0.69690614890547,1.452699143084513,-0.011497897746499092,0.4139151590872966,-0.9383447523158153,1,0,0,1,1,0,0,1,1,0,0,0,1,1,2,0,0,0,0,0
-0.17172227380150873,0.6098389077650151,-0.07478315431411428,-2.05054553674492,-0.40199490441104246,0.028626206786179966,0,1,0,1,1,0,0,1,1,0,0,0,1,1,1,2,2,1,1,0
0.6766151130127824,0.69690614890547,0.8972510349395577,-0.011497897746499092,0.4139151590872966,-0.9383447523158153,0,1,1,0,0,1,0,1,1,0,0,1,0,1,0,1,1,2,2,1
-0.17172227380150873,0.5227716666245603,1.244406102530155,-0.011497897746499092,-0.40199490441104246,-0.9383447523158153,0,1,0,1,0,1,0,1,1,0,0,1,0,2,2,2,1,2,0,0
1.6946199771899317,-0.8703041916227164,-1.2551103841221445,1.3478671949191148,-0.40199490441104246,0.9955971658881752,1,0,0,1,1,0,0,1,1,0,1,0,0,1,1,1,0,1,1,2
-0.002054796438650507,-0.17376626249907806,-0.9773863300496669,0.6681846485863079,-1.2179049679093814,-0.9383447523158153,1,0,0,1,1,0,0,1,0,1,0,1,0,1,0,1,1,1,0,1
-0.341389751164367,0.26156994320319593,-0.6996622759771891,-2.05054553674492,1.2298252225856356,0.9955971658881752,0,1,0,1,1,0,0,1,1,0,0,0,1,1,2,0,0,1,1,1
-0.5110572285272252,0.69690614890547,-1.7411274787489806,2.0275497412519217,1.2298252225856356,1.9625681249901703,1,0,0,1,1,0,0,1,1,0,0,1,0,1,1,1,0,2,1,1
1.5249524998270736,1.132242354607744,-1.4634034246765029,1.3478671949191148,2.045735286083975,0.028626206786179966,0,1,0,1,0,1,1,0,1,0,0,0,1,0,1,1,0,2,0,0
0.6766151130127824,1.4805113191695631,-0.005352140795994853,-0.011497897746499092,-0.40199490441104246,-0.9383447523158153,1,0,0,1,1,0,0,1,1,0,1,0,0,2,0,0,1,1,0,1
-0.002054796438650507,1.3063768368886535,0.8278200214214383,0.6681846485863079,-1.2179049679093814,0.028626206786179966,1,0,1,0,0,1,0,1,1,0,0,0,1,2,1,0,0,1,2,1
-0.6807247058900834,0.8710406311863795,-1.1856793706040252,-0.011497897746499092,-0.40199490441104246,0.9955971658881752,1,0,0,1,0,1,0,1,1,0,0,1,0,2,2,2,0,1,2,0
-1.0200596606158,1.2193095957481987,-1.0468173435677863,-0.691180444079306,1.2298252225856356,0.028626206786179966,1,0,0,1,1,0,0,1,1,0,0,1,0,0,1,1,2,1,1,0
-0.002054796438650507,0.6098389077650151,0.61952698086708,-1.370862990412113,0.4139151590872966,0.028626206786179966,0,1,1,0,1,0,0,1,1,0,0,1,0,1,0,1,1,1,0,0
0.16761268092420772,1.3934440780291084,1.730423197156991,0.6681846485863079,-0.40199490441104246,-0.9383447523158153,1,0,1,0,1,0,0,1,1,0,0,0,1,1,2,1,2,1,1,0
0.6766151130127824,-1.4797748796059,0.20294089975836344,0.6681846485863079,-1.2179049679093814,0.028626206786179966,0,1,1,0,0,1,0,1,1,0,1,0,0,1,1,1,0,2,0,0
-0.002054796438650507,0.7839733900459247,-1.1856793706040252,-2.05054553674492,-0.40199490441104246,0.028626206786179966,1,0,0,1,0,1,0,1,1,0,0,0,1,1,1,1,1,1,0,2
-0.341389751164367,-1.4797748796059,-1.6022654517127417,-0.011497897746499092,0.4139151590872966,0.028626206786179966,1,0,0,1,1,0,0,1,1,0,0,0,1,1,0,1,2,2,2,1
0.3372801582870659,1.4805113191695631,0.8972510349395577,-0.691180444079306,-0.40199490441104246,0.9955971658881752,0,1,1,0,0,1,0,1,1,0,0,0,1,1,1,2,0,0,1,0
-0.6807247058900834,-1.6539093618868097,-1.5328344381946224,-0.691180444079306,-1.2179049679093814,0.9955971658881752,1,0,0,1,0,1,0,1,0,1,0,0,1,2,1,0,2,1,0,1
-0.17172227380150873,-1.2185731561845357,0.4112339403127217,-1.370862990412113,-0.40199490441104246,0.028626206786179966,0,1,1,0,0,1,0,1,1,0,0,0,1,1,2,1,2,1,1,1
-0.8503921832529416,1.2193095957481987,-1.0468173435677863,0.6681846485863079,0.4139151590872966,0.9955971658881752,0,1,0,1,1,0,0,1,1,0,0,1,0,1,0,1,1,1,0,2
-0.341389751164367,1.567578560310018,-1.2551103841221445,-0.011497897746499092,-1.2179049679093814,-1.9053157114178105,0,1,1,0,1,0,0,1,1,0,0,1,0,2,1,0,2,1,2,1
-0.17172227380150873,0.6098389077650151,0.9666820484576771,-2.05054553674492,-1.2179049679093814,1.9625681249901703,1,0,0,1,1,0,0,1,0,1,0,0,1,2,1,1,0,0,2,1
-0.341389751164367,1.2193095957481987,-1.6716964652308612,0.6681846485863079,-1.2179049679093814,0.028626206786179966,1,0,0,1,0,1,0,1,0,1,0,0,1,1,1,1,2,1,1,1
-1.6987295700672327,-1.7409766030272644,-0.21364518135035315,-0.011497897746499092,1.2298252225856356,0.028626206786179966,0,1,0,1,1,0,1,0,1,0,0,0,1,1,1,0,1,0,0,0
1.015950067738499,0.17450270206274113,1.3138371160482742,-2.05054553674492,-1.2179049679093814,0.028626206786179966,0,1,1,0,1,0,0,1,1,0,0,0,1,0,1,0,0,0,0,0
0.6766151130127824,-0.34790074477998767,-0.005352140795994853,1.3478671949191148,-1.2179049679093814,1.9625681249901703,0,1,1,0,1,0,0,1,1,0,0,0,1,0,2,0,0,1,0,0
0.8462825903756406,-0.609102468201352,1.105544075493916,-0.011497897746499092,-1.2179049679093814,0.9955971658881752,1,0,0,1,0,1,0,1,1,0,0,1,0,1,2,1,1,2,0,0
-0.002054796438650507,-1.4797748796059,0.06407887272212458,0.6681846485863079,1.2298252225856356,0.9955971658881752,1,0,0,1,0,1,0,1,1,0,0,1,0,0,0,1,1,1,2,0
-2.547066956881524,0.6098389077650151,0.7583890079033189,-0.691180444079306,0.4139151590872966,0.028626206786179966,1,0,0,1,1,0,0,1,1,0,0,0,1,2,0,1,1,2,2,0
1.6946199771899317,-0.34790074477998767,0.7583890079033189,-0.011497897746499092,-0.40199490441104246,-0.9383447523158153,0,1,0,1,0,1,0,1,0,1,0,1,0,1,1,1,1,2,2,2
-1.0200596606158,-1.3056403973249906,0.4112339403127217,-0.011497897746499092,-0.40199490441104246,0.028626206786179966,1,0,0,1,0,1,0,1,1,0,0,0,1,0,1,1,0,1,0,1
-0.5110572285272252,0.9581078723268344,-1.4634034246765029,-2.05054553674492,1.2298252225856356,0.9955971658881752,1,0,0,1,0,1,0,1,1,0,0,1,0,0,1,2,0,1,1,1
0.16761268092420772,1.132242354607744,-0.7690932894953085,-0.691180444079306,0.4139151590872966,0.9955971658881752,0,1,0,1,1,0,0,1,1,0,0,0,1,1,0,1,0,1,2,1
1.5249524998270736,0.8710406311863795,1.3138371160482742,-0.011497897746499092,-0.40199490441104246,0.9955971658881752,1,0,1,0,0,1,0,1,1,0,0,1,0,2,1,1,0,0,0,0
1.5249524998270736,-0.08669902135862327,0.9666820484576771,-1.370862990412113,-1.2179049679093814,0.028626206786179966,1,0,0,1,1,0,0,1,1,0,0,1,0,1,2,1,2,2,2,0
0.8462825903756406,-0.7832369504822617,1.452699143084513,-0.011497897746499092,0.4139151590872966,0.028626206786179966,1,0,0,1,0,1,0,1,1,0,0,0,1,2,1,0,0,1,0,0
-1.5290620927043745,0.08743546092228634,-0.49136923542283084,-0.691180444079306,0.4139151590872966,0.028626206786179966,1,0,1,0,0,1,0,1,1,0,1,0,0,0,1,2,2,1,2,2
-0.002054796438650507,0.69690614890547,1.452699143084513,-0.011497897746499092,-1.2179049679093814,0.028626206786179966,0,1,0,1,1,0,0,1,1,0,0,0,1,0,0,0,2,2,2,1
0.3372801582870659,-1.566842120746355,-0.4219382219047114,1.3478671949191148,-0.40199490441104246,0.028626206786179966,0,1,1,0,0,1,0,1,1,0,1,0,0,2,1,0,2,0,1,0
0.6766151130127824,-1.4797748796059,-1.2551103841221445,-0.691180444079306,-0.40199490441104246,1.9625681249901703,1,0,1,0,0,1,0,1,1,0,0,1,0,1,0,1,0,2,1,0
0.16761268092420772,0.9581078723268344,-0.21364518135035315,-1.370862990412113,1.2298252225856356,0.028626206786179966,1,0,0,1,1,0,0,1,0,1,1,0,0,1,2,1,0,1,0,0
-1.0200596606158,-0.34790074477998767,-1.1162483570859056,0.6681846485863079,1.2298252225856356,1.9625681249901703,0,1,1,0,0,1,0,1,1,0,0,1,0,2,1,0,1,1,0,1
-0.002054796438650507,-1.2185731561845357,0.5500959673489606,0.6681846485863079,-0.40199490441104246,-0.9383447523158153,0,1,0,1,1,0,0,1,0,1,0,1,0,1,2,1,0,1,1,0
-1.5290620927043745,0.8710406311863795,-1.1162483570859056,0.6681846485863079,-0.40199490441104246,0.9955971658881752,0,1,0,1,0,1,0,1,1,0,0,0,1,0,0,0,0,2,0,0
-0.6807247058900834,-0.2608335036395329,-0.4219382219047114,-0.011497897746499092,-0.40199490441104246,0.9955971658881752,1,0,0,1,0,1,0,1,1,0,0,1,0,1,0,0,0,2,0,0
0.16761268092420772,0.08743546092228634,1.3138371160482742,-0.011497897746499092,1.2298252225856356,-1.9053157114178105,0,1,0,1,0,1,0,1,1,0,0,1,0,2,1,1,1,1,2,1
2.5429573640042227,-0.6961697093418069,-0.005352140795994853,-1.370862990412113,-0.40199490441104246,1.9625681249901703,0,1,0,1,0,1,0,1,1,0,0,0,1,2,2,1,0,1,1,1
1.185617545101357,-1.3927076384654453,-0.5608002489409503,0.6681846485863079,-1.2179049679093814,0.028626206786179966,0,1,0,1,1,0,0,1,1,0,0,0,1,1,2,1,0,1,0,0
1.015950067738499,-0.08669902135862327,-0.6302312624590697,-0.011497897746499092,-0.40199490441104246,1.9625681249901703,0,1,0,1,1,0,0,1,0,1,0,0,1,2,0,1,2,1,0,1
0.16761268092420772,-0.6961697093418069,-1.324541397640264,0.6681846485863079,-1.2179049679093814,0.9955971658881752,0,1,0,1,0,1,0,1,1,0,0,1,0,1,0,1,0,1,0,0
-1.5290620927043745,-1.6539093618868097,1.0361130619757966,-0.011497897746499092,-1.2179049679093814,0.028626206786179966,1,0,0,1,0,1,0,1,1,0,0,1,0,0,1,2,1,2,0,0
0.3372801582870659,-0.34790074477998767,0.06407887272212458,1.3478671949191148,0.4139151590872966,1.9625681249901703,1,0,0,1,1,0,0,1,1,0,0,1,0,1,0,1,0,2,0,2
-0.002054796438650507,0.34863718434365076,-0.8385243030134281,2.0275497412519217,-1.2179049679093814,0.9955971658881752,1,0,1,0,0,1,0,1,1,0,0,0,1,2,2,1,0,1,0,0
-1.0200596606158,-1.131505915044081,0.4806649538308412,-0.011497897746499092,-0.40199490441104246,0.028626206786179966,1,0,0,1,1,0,0,1,1,0,0,1,0,1,2,0,1,1,0,2
-1.5290620927043745,1.4805113191695631,0.06407887272212458,0.6681846485863079,0.4139151590872966,-0.9383447523158153,1,0,0,1,1,0,0,1,1,0,0,0,1,1,1,2,1,2,0,1
-0.5110572285272252,-0.4349679859204425,-0.1442141678322337,-1.370862990412113,-1.2179049679093814,0.9955971658881752,1,0,1,0,1,0,0,1,1,0,0,1,0,1,0,2,0,1,0,0
-0.8503921832529416,0.7839733900459247,-1.1856793706040252,-0.011497897746499092,0.4139151590872966,0.028626206786179966,0,1,0,1,0,1,0,1,1,0,1,0,0,2,0,0,0,1,0,1
0.5069476356499242,-0.609102468201352,0.6889579943851994,2.0275497412519217,-0.40199490441104246,0.028626206786179966,0,1,0,1,1,0,0,1,1,0,0,1,0,1,2,1,0,1,1,0
-0.17172227380150873,0.34863718434365076,-1.324541397640264,0.6681846485863079,-1.2179049679093814,0.028626206786179966,0,1,1,0,0,1,0,1,0,1,0,1,0,0,1,1,0,1,0,0
0.6766151130127824,-1.044438673903626,1.452699143084513,-0.011497897746499092,-0.40199490441104246,0.028626206786179966,0,1,0,1,0,1,0,1,1,0,0,0,1,1,1,1,0,2,0,0
1.3552850224642152,-0.17376626249907806,0.8278200214214383,0.6681846485863079,0.4139151590872966,-0.9383447523158153,0,1,0,1,1,0,0,1,1,0,0,0,1,2,1,0,0,1,2,0
1.015950067738499,0.9581078723268344,-0.2830761948684726,0.6681846485863079,-1.2179049679093814,0.028626206786179966,0,1,1,0,0,1,0,1,1,0,0,1,0,1,0,1,0,1,0,1
2.2036224092785064,-1.3927076384654453,-0.6996622759771891,1.3478671949191148,-1.2179049679093814,-0.9383447523158153,0,1,0,1,0,1,0,1,1,0,1,0,0,0,1,1,1,1,1,1
0.6766151130127824,0.08743546092228634,0.6889579943851994,-0.691180444079306,-0.40199490441104246,0.9955971658881752,0,1,0,1,0,1,1,0,1,0,0,1,0,1,1,1,1,2,1,1
-0.17172227380150873,-1.3927076384654453,-1.324541397640264,1.3478671949191148,0.4139151590872966,0.9955971658881752,1,0,0,1,0,1,0,1,1,0,0,0,1,1,1,0,0,1,2,2
-0.17172227380150873,0.08743546092228634,1.452699143084513,0.6681846485863079,-0.40199490441104246,0.9955971658881752,0,1,1,0,0,1,0,1,1,0,1,0,0,1,0,2,0,1,2,0
0.3372801582870659,0.5227716666245603,-1.0468173435677863,-0.691180444079306,-1.2179049679093814,0.028626206786179966,0,1,0,1,1,0,0,1,1,0,0,1,0,2,1,2,2,2,2,0
-0.341389751164367,-0.8703041916227164,1.244406102530155,-0.011497897746499092,-1.2179049679093814,0.028626206786179966,0,1,0,1,1,0,0,1,1,0,0,0,1,1,2,1,1,2,1,0
0.16761268092420772,-0.9573714327631713,-1.1162483570859056,-0.011497897746499092,1.2298252225856356,0.028626206786179966,0,1,0,1,1,0,0,1,1,0,0,1,0,0,1,1,0,1,2,0
1.185617545101357,-0.5220352270608973,0.61952698086708,1.3478671949191148,1.2298252225856356,0.028626206786179966,1,0,1,0,0,1,0,1,1,0,1,0,0,1,2,0,2,1,1,0
0.16761268092420772,0.69690614890547,0.3418029267946023,-2.05054553674492,-0.40199490441104246,-0.9383447523158153,0,1,0,1,1,0,0,1,0,1,0,0,1,0,1,0,1,1,2,0
-0.17172227380150873,-0.5220352270608973,-1.4634034246765029,0.6681846485863079,-1.2179049679093814,0.028626206786179966,0,1,0,1,1,0,0,1,1,0,0,0,1,1,2,2,1,1,1,0
0.6766151130127824,0.43570442548410554,1.3832681295663938,0.6681846485863079,0.4139151590872966,0.9955971658881752,1,0,0,1,0,1,0,1,1,0,1,0,0,1,1,1,1,1,0,0
2.3732898866413645,0.9581078723268344,1.591561170120752,1.3478671949191148,-1.2179049679093814,0.9955971658881752,0,1,0,1,1,0,0,1,1,0,0,1,0,1,0,1,1,1,0,1
1.015950067738499,0.6098389077650151,-0.352507208386592,-1.370862990412113,-0.40199490441104246,-0.9383447523158153,1,0,1,0,1,0,0,1,1,0,0,0,1,1,2,0,0,1,0,0
-0.17172227380150873,-0.34790074477998767,-0.6996622759771891,-0.691180444079306,-1.2179049679093814,0.9955971658881752,1,0,0,1,0,1,0,1,0,1,0,1,0,1,1,1,0,1,0,0
-0.341389751164367,1.045175113467289,0.8972510349395577,-2.05054553674492,1.2298252225856356,-0.9383447523158153,0,1,0,1,1,0,0,1,1,0,0,1,0,1,1,1,2,1,0,1
-0.5110572285272252,-1.044438673903626,1.5221301566026326,-0.691180444079306,0.4139151590872966,0.028626206786179966,0,1,0,1,0,1,0,1,1,0,1,0,0,1,1,2,2,0,0,1
-0.6807247058900834,-1.6539093618868097,-1.4634034246765029,0.6681846485863079,-1.2179049679093814,0.028626206786179966,0,1,1,0,0,1,0,1,1,0,0,0,1,1,2,2,0,2,1,1
-1.0200596606158,0.08743546092228634,0.8972510349395577,-0.691180444079306,-0.40199490441104246,0.028626206786179966,1,0,0,1,1,0,0,1,1,0,0,0,1,1,1,1,2,1,2,1
0.8462825903756406,-0.34790074477998767,1.452699143084513,-0.011497897746499092,1.2298252225856356,0.9955971658881752,1,0,0,1,0,1,0,1,0,1,0,0,1,1,0,1,1,1,0,0
-1.0200596606158,-1.6539093618868097,-1.4634034246765029,-0.011497897746499092,1.2298252225856356,-0.9383447523158153,1,0,0,1,1,0,0,1,0,1,0,0,1,1,2,1,0,1,0,0
0.6766151130127824,-0.7832369504822617,-0.7690932894953085,-1.370862990412113,-0.40199490441104246,0.028626206786179966,0,1,0,1,0,1,0,1,1,0,0,1,0,0,2,1,1,1,1,0
-0.341389751164367,-0.34790074477998767,1.3832681295663938,-1.370862990412113,0.4139151590872966,2.929539084092166,1,0,0,1,1,0,0,1,1,0,0,0,1,1,0,2,2,2,2,0
0.5069476356499242,-1.131505915044081,-1.7411274787489806,-2.05054553674492,2.045735286083975,0.028626206786179966,0,1,1,0,1,0,0,1,1,0,0,0,1,1,1,0,0,1,1,1
-0.002054796438650507,-1.566842120746355,1.3832681295663938,1.3478671949191148,-1.2179049679093814,0.028626206786179966,0,1,1,0,0,1,0,1,0,1,0,1,0,1,1,0,1,1,0,0
0.6766151130127824,1.3934440780291084,0.133509886240244,-0.011497897746499092,-1.2179049679093814,-0.9383447523158153,1,0,0,1,0,1,1,0,0,1,1,0,0,1,1,0,0,1,0,0
-0.5110572285272252,-0.7832369504822617,1.0361130619757966,0.6681846485863079,2.861645349582314,-1.9053157114178105,0,1,0,1,0,1,0,1,1,0,0,0,1,1,1,1,1,1,2,2
-0.17172227380150873,-1.3056403973249906,-0.49136923542283084,-0.011497897746499092,-0.40199490441104246,0.9955971658881752,1,0,0,1,0,1,0,1,1,0,0,1,0,1,2,0,0,0,1,0
0.16761268092420772,0.9581078723268344,-0.6302312624590697,1.3478671949191148,1.2298252225856356,0.9955971658881752,1,0,0,1,0,1,0,1,1,0,0,1,0,1,2,0,0,1,1,1
-1.0200596606158,0.08743546092228634,-0.2830761948684726,0.6681846485863079,-0.40199490441104246,0.028626206786179966,1,0,0,1,1,0,0,1,0,1,0,1,0,0,1,0,0,2,2,0
-1.0200596606158,-1.131505915044081,0.8278200214214383,1.3478671949191148,-0.40199490441104246,0.028626206786179966,0,1,1,0,1,0,0,1,1,0,0,0,1,2,0,1,1,1,0,0
-0.002054796438650507,-0.4349679859204425,-0.2830761948684726,-0.011497897746499092,-0.40199490441104246,0.9955971658881752,0,1,0,1,0,1,0,1,1,0,0,0,1,2,2,2,1,2,1,1
-1.189727137978658,-0.4349679859204425,-1.6716964652308612,-1.370862990412113,1.2298252225856356,0.028626206786179966,1,0,1,0,0,1,0,1,1,0,1,0,0,2,2,1,1,1,0,0
-1.3593946153415164,-0.7832369504822617,-0.6996622759771891,0.6681846485863079,-0.40199490441104246,-0.9383447523158153,0,1,1,0,0,1,0,1,1,0,0,1,0,1,1,1,1,2,0,1
-1.0200596606158,0.9581078723268344,1.3832681295663938,-0.011497897746499092,0.4139151590872966,-0.9383447523158153,0,1,0,1,0,1,0,1,1,0,0,0,1,1,1,1,2,2,0,1
-0.17172227380150873,-0.34790074477998767,-0.21364518135035315,-2.05054553674492,0.4139151590872966,-0.9383447523158153,1,0,0,1,1,0,0,1,1,0,0,1,0,2,2,0,2,1,1,1
-1.5290620927043745,0.34863718434365076,-1.1162483570859056,-0.691180444079306,0.4139151590872966,0.028626206786179966,1,0,0,1,0,1,0,1,1,0,0,0,1,1,0,0,1,1,0,0
-0.002054796438650507,-1.6539093618868097,-0.49136923542283084,1.3478671949191148,-0.40199490441104246,0.028626206786179966,1,0,1,0,1,0,0,1,1,0,0,0,1,2,2,1,2,0,0,0
1.015950067738499,0.6098389077650151,-0.352507208386592,-0.691180444079306,1.2298252225856356,0.028626206786179966,0,1,0,1,1,0,0,1,1,0,0,1,0,1,2,0,1,1,1,1
0.16761268092420772,-1.131505915044081,1.452699143084513,-0.011497897746499092,1.2298252225856356,-0.9383447523158153,1,0,0,1,1,0,0,1,1,0,0,1,0,1,1,0,0,1,0,2
0.16761268092420772,-0.7832369504822617,-1.3939724111583836,2.0275497412519217,-0.40199490441104246,0.9955971658881752,1,0,0,1,0,1,0,1,1,0,1,0,0,1,1,0,1,1,0,1
0.6766151130127824,1.4805113191695631,-0.49136923542283084,-0.691180444079306,-0.40199490441104246,0.9955971658881752,0,1,0,1,0,1,0,1,1,0,0,1,0,1,1,0,1,2,1,0
0.16761268092420772,0.0003682197818315326,1.0361130619757966,-0.011497897746499092,-0.40199490441104246,-0.9383447523158153,0,1,0,1,0,1,0,1,1,0,1,0,0,2,2,2,0,0,1,2
0.8462825903756406,-0.6961697093418069,1.1749750890120354,-2.05054553674492,-0.40199490441104246,-0.9383447523158153,0,1,1,0,0,1,0,1,0,1,1,0,0,1,1,2,0,1,0,0
0.6766151130127824,-1.044438673903626,1.105544075493916,-1.370862990412113,-0.40199490441104246,0.9955971658881752,1,0,0,1,0,1,0,1,1,0,1,0,0,1,1,2,2,1,1,0
-1.189727137978658,-0.17376626249907806,-0.1442141678322337,1.3478671949191148,-1.2179049679093814,0.9955971658881752,0,1,1,0,0,1,0,1,1,0,1,0,0,1,1,1,1,2,0,0
0.3372801582870659,1.3063768368886535,1.5221301566026326,-1.370862990412113,-1.2179049679093814,0.028626206786179966,0,1,0,1,1,0,0,1,1,0,0,1,0,1,1,1,0,0,0,1
0.8462825903756406,0.5227716666245603,-1.1162483570859056,-0.691180444079306,1.2298252225856356,0.028626206786179966,1,0,0,1,0,1,0,1,1,0,0,0,1,1,0,1,0,1,0,0
-2.0380645247929494,1.4805113191695631,0.8278200214214383,0.6681846485863079,-1.2179049679093814,-0.9383447523158153,0,1,0,1,0,1,0,1,0,1,0,0,1,1,2,1,1,1,0,0
-0.17172227380150873,-0.4349679859204425,-1.6022654517127417,0.6681846485863079,-1.2179049679093814,0.9955971658881752,0,1,0,1,1,0,0,1,1,0,1,0,0,1,1,2,0,1,2,1
-1.3593946153415164,-0.34790074477998767,-1.7411274787489806,1.3478671949191148,0.4139151590872966,0.028626206786179966,0,1,0,1,0,1,0,1,1,0,1,0,0,1,1,1,1,2,1,0
-0.002054796438650507,-0.8703041916227164,-0.4219382219047114,1.3478671949191148,0.4139151590872966,0.028626206786179966,1,0,0,1,0,1,0,1,1,0,0,1,0,0,1,2,1,2,2,0
0.16761268092420772,0.7839733900459247,0.8278200214214383,2.0275497412519217,1.2298252225856356,0.028626206786179966,0,1,0,1,0,1,0,1,1,0,0,0,1,0,1,0,1,1,1,0
1.185617545101357,1.2193095957481987,-0.352507208386592,-0.011497897746499092,-0.40199490441104246,-0.9383447523158153,1,0,0,1,0,1,0,1,1,0,0,1,0,2,2,0,1,2,0,1
0.16761268092420772,-0.34790074477998767,-0.5608002489409503,-1.370862990412113,-0.40199490441104246,0.028626206786179966,0,1,1,0,0,1,0,1,1,0,0,0,1,1,1,1,2,0,0,1
-1.6987295700672327,1.4805113191695631,-0.21364518135035315,0.6681846485863079,-1.2179049679093814,0.028626206786179966,1,0,0,1,1,0,0,1,1,0,0,1,0,0,2,2,0,1,2,1
-0.002054796438650507,-0.17376626249907806,0.3418029267946023,-0.011497897746499092,0.4139151590872966,0.028626206786179966,0,1,0,1,1,0,0,1,1,0,0,0,1,2,1,2,2,1,1,0
0.16761268092420772,0.0003682197818315326,-1.3939724111583836,-0.691180444079306,-0.40199490441104246,0.028626206786179966,0,1,0,1,0,1,0,1,1,0,1,0,0,1,1,2,2,2,2,1
-0.17172227380150873,1.3934440780291084,1.3832681295663938,-0.011497897746499092,1.2298252225856356,0.028626206786179966,1,0,1,0,0,1,0,1,1,0,1,0,0,1,1,2,1,2,1,0
-1.0200596606158,-0.9573714327631713,-1.3939724111583836,-0.691180444079306,1.2298252225856356,-0.9383447523158153,0,1,1,0,1,0,0,1,1,0,0,0,1,2,1,1,0,0,0,1
-0.6807247058900834,-1.6539093618868097,-1.6716964652308612,-2.05054553674492,-0.40199490441104246,0.028626206786179966,0,1,0,1,0,1,0,1,1,0,0,1,0,0,1,0,0,1,0,0
-0.002054796438650507,-0.08669902135862327,-0.07478315431411428,-1.370862990412113,-0.40199490441104246,1.9625681249901703,0,1,0,1,0,1,0,1,1,0,0,1,0,2,1,1,0,1,0,2
-0.8503921832529416,0.43570442548410554,-0.9773863300496669,-0.011497897746499092,-0.40199490441104246,0.028626206786179966,0,1,0,1,0,1,0,1,1,0,1,0,0,2,2,1,1,2,0,0
0.3372801582870659,-1.3927076384654453,-0.49136923542283084,0.6681846485863079,0.4139151590872966,0.9955971658881752,0,1,0,1,0,1,0,1,1,0,1,0,0,1,2,1,1,1,0,0
-0.17172227380150873,0.6098389077650151,-1.7411274787489806,0.6681846485863079,-1.2179049679093814,-0.9383447523158153,1,0,0,1,1,0,0,1,1,0,0,1,0,2,1,0,2,2,0,0
1.6946199771899317,-0.08669902135862327,0.133509886240244,-0.691180444079306,-0.40199490441104246,-0.9383447523158153,0,1,0,1,0,1,0,1,1,0,0,0,1,2,2,1,0,1,0,0
-1.0200596606158,1.6546458014504728,0.3418029267946023,0.6681846485863079,1.2298252225856356,0.9955971658881752,1,0,1,0,0,1,0,1,1,0,0,1,0,1,1,2,1,0,1,0
-0.002054796438650507,-0.4349679859204425,-0.8385243030134281,0.6681846485863079,2.045735286083975,0.028626206786179966,0,1,0,1,1,0,0,1,1,0,0,1,0,1,1,1,1,0,2,0
0.3372801582870659,-1.4797748796059,0.6889579943851994,-0.011497897746499092,2.045735286083975,0.028626206786179966,1,0,0,1,0,1,0,1,1,0,1,0,0,1,2,1,2,2,1,0
0.3372801582870659,0.7839733900459247,0.9666820484576771,0.6681846485863079,-1.2179049679093814,0.028626206786179966,0,1,1,0,0,1,0,1,1,0,0,1,0,2,2,1,1,1,0,1
0.8462825903756406,0.43570442548410554,1.3138371160482742,0.6681846485863079,1.2298252225856356,0.028626206786179966,0,1,0,1,0,1,0,1,1,0,0,0,1,1,0,1,1,2,0,1
0.6766151130127824,-0.8703041916227164,-0.4219382219047114,2.0275497412519217,-0.40199490441104246,-0.9383447523158153,1,0,0,1,0,1,0,1,1,0,1,0,0,0,0,2,2,1,0,1
0.5069476356499242,0.08743546092228634,-1.1162483570859056,-0.691180444079306,0.4139151590872966,-1.9053157114178105,1,0,1,0,1,0,0,1,1,0,0,1,0,2,0,1,2,2,2,0
1.185617545101357,0.69690614890547,-1.3939724111583836,-0.691180444079306,0.4139151590872966,1.9625681249901703,0,1,0,1,0,1,1,0,1,0,0,0,1,0,1,0,0,1,0,2
0.6766151130127824,0.5227716666245603,-0.49136923542283084,-0.691180444079306,1.2298252225856356,0.028626206786179966,1,0,0,1,1,0,0,1,0,1,0,0,1,1,2,0,0,2,1,1
-0.6807247058900834,-1.131505915044081,1.591561170120752,0.6681846485863079,-1.2179049679093814,0.028626206786179966,0,1,1,0,0,1,0,1,1,0,1,0,0,0,2,1,2,0,0,1
2.0339549319156482,-0.08669902135862327,-0.9773863300496669,-1.370862990412113,-1.2179049679093814,0.028626206786179966,0,1,0,1,0,1,0,1,1,0,0,0,1,0,2,1,0,2,1,0
-1.0200596606158,0.08743546092228634,0.20294089975836344,-1.370862990412113,0.4139151590872966,0.9955971658881752,0,1,0,1,0,1,0,1,1,0,0,0,1,0,1,1,2,2,2,0
0.8462825903756406,0.6098389077650151,0.5500959673489606,0.6681846485863079,-1.2179049679093814,0.9955971658881752,0,1,1,0,0,1,0,1,1,0,0,0,1,2,1,1,1,2,1,1
-0.002054796438650507,1.3063768368886535,-0.6996622759771891,-0.691180444079306,0.4139151590872966,0.028626206786179966,1,0,0,1,1,0,0,1,1,0,0,1,0,1,1,2,0,1,1,0
-0.002054796438650507,-1.2185731561845357,-1.4634034246765029,0.6681846485863079,0.4139151590872966,-0.9383447523158153,0,1,0,1,0,1,0,1,1,0,0,0,1,0,1,1,1,0,2,0
0.16761268092420772,-1.131505915044081,-0.9773863300496669,-0.691180444079306,-1.2179049679093814,0.028626206786179966,1,0,1,0,1,0,0,1,1,0,0,0,1,1,0,1,0,1,0,1
-0.8503921832529416,1.4805113191695631,1.0361130619757966,-0.691180444079306,0.4139151590872966,-2.872286670519806,0,1,1,0,1,0,0,1,1,0,0,1,0,1,2,2,2,2,0,0
1.015950067738499,1.132242354607744,1.3138371160482742,-0.691180444079306,-0.40199490441104246,-0.9383447523158153,1,0,0,1,0,1,0,1,1,0,1,0,0,2,2,0,1,2,0,0
1.6946199771899317,1.7417130425909275,-0.49136923542283084,-0.011497897746499092,0.4139151590872966,-0.9383447523158153,1,0,1,0,0,1,0,1,1,0,0,1,0,2,1,0,1,1,2,0
-1.0200596606158,1.6546458014504728,0.9666820484576771,-0.011497897746499092,-1.2179049679093814,-0.9383447523158153,1,0,1,0,1,0,1,0,1,0,0,0,1,1,1,2,1,1,2,2
0.3372801582870659,-1.4797748796059,1.5221301566026326,0.6681846485863079,-0.40199490441104246,0.028626206786179966,1,0,0,1,0,1,0,1,1,0,0,1,0,1,1,1,2,2,0,1
0.5069476356499242,0.5227716666245603,-0.2830761948684726,0.6681846485863079,1.2298252225856356,0.9955971658881752,1,0,0,1,0,1,0,1,1,0,0,1,0,1,1,2,1,1,1,0
-1.3593946153415164,1.132242354607744,-1.7411274787489806,-0.691180444079306,2.045735286083975,0.028626206786179966,0,1,0,1,0,1,0,1,1,0,0,0,1,2,2,0,2,2,2,1
0.6766151130127824,-0.6961697093418069,-1.5328344381946224,1.3478671949191148,-1.2179049679093814,0.9955971658881752,0,1,1,0,0,1,0,1,0,1,0,1,0,1,0,1,0,2,0,1
-0.5110572285272252,0.6098389077650151,-0.9773863300496669,-0.011497897746499092,2.045735286083975,0.028626206786179966,1,0,0,1,0,1,0,1,0,1,1,0,0,1,1,1,2,1,0,0
0.3372801582870659,0.69690614890547,0.8278200214214383,-1.370862990412113,-0.40199490441104246,0.028626206786179966,0,1,0,1,0,1,0,1,1,0,0,1,0,1,1,0,0,2,2,0
0.16761268092420772,-0.7832369504822617,-1.1856793706040252,-0.011497897746499092,-0.40199490441104246,0.028626206786179966,1,0,0,1,1,0,0,1,0,1,0,0,1,2,0,2,1,2,1,2
1.185617545101357,0.08743546092228634,1.3138371160482742,-0.011497897746499092,-1.2179049679093814,0.9955971658881752,0,1,0,1,1,0,0,1,1,0,0,1,0,0,2,0,0,1,1,1
-0.8503921832529416,-1.2185731561845357,-0.005352140795994853,-0.011497897746499092,-1.2179049679093814,0.028626206786179966,0,1,0,1,0,1,0,1,1,0,1,0,0,0,2,0,2,2,1,0
-0.5110572285272252,-1.6539093618868097,0.8278200214214383,-0.011497897746499092,2.861645349582314,0.028626206786179966,0,1,0,1,0,1,0,1,1,0,0,1,0,1,1,2,1,1,0,0
-0.002054796438650507,-0.9573714327631713,-1.1162483570859056,2.0275497412519217,0.4139151590872966,0.9955971658881752,1,0,0,1,1,0,0,1,1,0,0,0,1,1,0,1,2,2,0,0
0.5069476356499242,-0.2608335036395329,-1.4634034246765029,0.6681846485863079,-0.40199490441104246,0.028626206786179966,1,0,0,1,0,1,0,1,1,0,1,0,0,2,2,1,0,1,1,1
-0.17172227380150873,0.9581078723268344,-1.1856793706040252,-0.691180444079306,0.4139151590872966,0.028626206786179966,0,1,0,1,1,0,0,1,1,0,0,0,1,1,0,2,0,2,1,1
-0.002054796438650507,-0.08669902135862327,1.105544075493916,-0.011497897746499092,0.4139151590872966,0.9955971658881752,0,1,1,0,0,1,1,0,0,1,1,0,0,2,0,2,0,1,1,1
-0.17172227380150873,-1.131505915044081,1.244406102530155,-0.011497897746499092,-1.2179049679093814,0.9955971658881752,0,1,0,1,0,1,0,1,1,0,0,0,1,0,1,2,1,1,2,0
-0.341389751164367,1.3934440780291084,-1.2551103841221445,0.6681846485863079,-0.40199490441104246,-0.9383447523158153,1,0,0,1,0,1,0,1,1,0,1,0,0,1,0,1,1,1,0,0
-1.189727137978658,-1.3056403973249906,0.8278200214214383,-1.370862990412113,-0.40199490441104246,-0.9383447523158153,1,0,0,1,1,0,0,1,0,1,0,0,1,1,2,0,1,1,0,1
0.16761268092420772,-0.9573714327631713,0.7583890079033189,-0.011497897746499092,0.4139151590872966,0.028626206786179966,0,1,1,0,0,1,0,1,1,0,0,1,0,2,2,1,0,1,0,0
-0.5110572285272252,0.5227716666245603,-0.07478315431411428,0.6681846485863079,-0.40199490441104246,0.9955971658881752,0,1,1,0,0,1,0,1,1,0,0,1,0,2,2,1,0,2,1,0
-0.6807247058900834,-0.5220352270608973,0.27237191327648286,1.3478671949191148,-1.2179049679093814,0.9955971658881752,1,0,0,1,1,0,0,1,1,0,0,1,0,2,0,2,2,1,2,1
-0.002054796438650507,0.8710406311863795,-0.6996622759771891,-0.691180444079306,1.2298252225856356,-0.9383447523158153,1,0,0,1,0,1,0,1,1,0,1,0,0,1,0,0,0,1,2,0
0.6766151130127824,-0.2608335036395329,0.20294089975836344,0.6681846485863079,0.4139151590872966,0.028626206786179966,0,1,1,0,0,1,0,1,1,0,0,0,1,1,1,0,2,2,0,1
-0.6807247058900834,0.5227716666245603,1.591561170120752,-0.691180444079306,-0.40199490441104246,0.028626206786179966,0,1,0,1,1,0,0,1,1,0,0,1,0,1,1,2,0,1,2,0
0.8462825903756406,-0.8703041916227164,-0.2830761948684726,1.3478671949191148,0.4139151590872966,-0.9383447523158153,1,0,0,1,1,0,1,0,1,0,1,0,0,1,0,1,0,1,1,0
-0.5110572285272252,-1.3056403973249906,0.6889579943851994,-0.691180444079306,-0.40199490441104246,0.028626206786179966,0,1,1,0,0,1,0,1,1,0,0,1,0,2,1,1,0,1,0,0
0.3372801582870659,1.6546458014504728,-0.6996622759771891,-0.011497897746499092,1.2298252225856356,0.028626206786179966,1,0,0,1,1,0,0,1,1,0,0,1,0,2,0,1,0,0,2,0
1.185617545101357,1.3063768368886535,0.4112339403127217,-0.011497897746499092,1.2298252225856356,-0.9383447523158153,0,1,0,1,1,0,0,1,1,0,0,1,0,1,2,0,0,1,0,1
0.8462825903756406,1.132242354607744,-1.324541397640264,0.6681846485863079,-1.2179049679093814,0.028626206786179966,0,1,1,0,1,0,0,1,1,0,0,1,0,1,2,2,0,0,0,0
-0.002054796438650507,-0.5220352270608973,0.9666820484576771,0.6681846485863079,-0.40199490441104246,-0.9383447523158153,1,0,0,1,1,0,0,1,1,0,1,0,0,1,2,0,1,1,1,1
-1.5290620927043745,0.43570442548410554,1.1749750890120354,0.6681846485863079,0.4139151590872966,0.9955971658881752,1,0,0,1,0,1,0,1,1,0,1,0,0,1,1,0,1,1,0,2
-0.5110572285272252,1.3934440780291084,0.61952698086708,-0.011497897746499092,0.4139151590872966,0.028626206786179966,1,0,1,0,0,1,0,1,1,0,0,0,1,2,1,1,0,2,1,0
0.3372801582870659,0.7839733900459247,0.06407887272212458,-0.691180444079306,0.4139151590872966,0.9955971658881752,0,1,0,1,1,0,0,1,1,0,0,1,0,2,1,1,0,1,0,0
0.8462825903756406,-1.2185731561845357,0.61952698086708,-0.011497897746499092,0.4139151590872966,-1.9053157114178105,0,1,0,1,0,1,0,1,1,0,0,0,1,1,2,0,2,1,0,0
-0.5110572285272252,0.5227716666245603,1.3138371160482742,-0.011497897746499092,0.4139151590872966,0.028626206786179966,0,1,0,1,0,1,0,1,1,0,0,1,0,2,2,1,1,1,0,1
1.185617545101357,0.0003682197818315326,-0.2830761948684726,2.0275497412519217,2.045735286083975,-0.9383447523158153,0,1,0,1,1,0,0,1,1,0,0,1,0,2,2,2,0,0,1,0
-0.002054796438650507,-0.8703041916227164,-0.7690932894953085,0.6681846485863079,-1.2179049679093814,0.028626206786179966,0,1,1,0,1,0,0,1,1,0,0,0,1,0,1,0,0,0,0,2
3.0519597960927975,-1.4797748796059,-1.6022654517127417,0.6681846485863079,-0.40199490441104246,0.028626206786179966,0,1,1,0,1,0,0,1,1,0,0,0,1,1,2,2,1,1,1,1
-1.189727137978658,-0.9573714327631713,-0.352507208386592,-1.370862990412113,-1.2179049679093814,-0.9383447523158153,0,1,1,0,1,0,0,1,1,0,1,0,0,1,0,1,1,2,1,0
-1.0200596606158,-0.2608335036395329,-1.6716964652308612,-2.05054553674492,2.861645349582314,0.028626206786179966,0,1,0,1,1,0,0,1,1,0,0,0,1,2,2,0,0,1,1,1
0.6766151130127824,-0.9573714327631713,0.5500959673489606,-1.370862990412113,1.2298252225856356,0.028626206786179966,0,1,1,0,1,0,0,1,1,0,0,1,0,0,2,0,0,1,0,0
-0.341389751164367,0.69690614890547,1.452699143084513,0.6681846485863079,-0.40199490441104246,0.028626206786179966,1,0,0,1,0,1,0,1,1,0,0,0,1,2,2,0,0,1,0,2
0.3372801582870659,0.5227716666245603,-1.4634034246765029,-0.691180444079306,0.4139151590872966,-2.872286670519806,0,1,0,1,1,0,0,1,1,0,0,1,0,0,0,1,1,1,0,1
2.7126248413670813,0.69690614890547,1.6609921836388715,0.6681846485863079,-1.2179049679093814,0.028626206786179966,1,0,1,0,1,0,0,1,1,0,1,0,0,1,2,2,0,1,1,0
1.5249524998270736,-1.566842120746355,-1.5328344381946224,-0.011497897746499092,-1.2179049679093814,0.028626206786179966,1,0,1,0,0,1,0,1,1,0,0,0,1,0,2,2,0,1,1,1
0.3372801582870659,-0.7832369504822617,-0.8385243030134281,0.6681846485863079,0.4139151590872966,-0.9383447523158153,0,1,0,1,0,1,0,1,1,0,1,0,0,2,1,1,1,2,0,1
-0.5110572285272252,0.7839733900459247,-0.9079553165315475,-1.370862990412113,0.4139151590872966,-0.9383447523158153,1,0,1,0,0,1,0,1,1,0,0,0,1,0,1,2,1,1,1,0
0.6766151130127824,0.69690614890547,0.7583890079033189,-0.691180444079306,-1.2179049679093814,0.028626206786179966,0,1,0,1,0,1,0,1,1,0,1,0,0,0,1,0,0,0,1,0
0.3372801582870659,-1.044438673903626,-1.1856793706040252,-0.011497897746499092,-1.2179049679093814,0.028626206786179966,0,1,0,1,0,1,0,1,1,0,0,1,0,1,0,1,1,1,2,0
-0.5110572285272252,0.26156994320319593,0.3418029267946023,1.3478671949191148,2.045735286083975,-0.9383447523158153,1,0,0,1,1,0,0,1,1,0,1,0,0,0,1,1,1,2,1,0
-0.8503921832529416,0.6098389077650151,-1.6022654517127417,2.0275497412519217,0.4139151590872966,0.028626206786179966,0,1,1,0,0,1,0,1,1,0,0,0,1,1,2,1,0,2,1,0
0.16761268092420772,1.3934440780291084,0.20294089975836344,-0.691180444079306,0.4139151590872966,0.028626206786179966,1,0,1,0,0,1,0,1,1,0,0,1,0,0,2,0,1,2,0,1
-3.0560693889700987,1.567578560310018,-0.7690932894953085,-2.05054553674492,-0.40199490441104246,-0.9383447523158153,1,0,1,0,1,0,0,1,1,0,0,1,0,2,1,1,0,2,0,0
-0.17172227380150873,1.567578560310018,-0.1442141678322337,-0.691180444079306,1.2298252225856356,0.028626206786179966,0,1,1,0,0,1,0,1,1,0,1,0,0,1,0,1,0,1,1,0
0.5069476356499242,1.567578560310018,-1.6022654517127417,-0.011497897746499092,0.4139151590872966,0.9955971658881752,1,0,1,0,0,1,0,1,0,1,0,0,1,1,2,0,0,2,0,0
-0.6807247058900834,1.567578560310018,0.6889579943851994,0.6681846485863079,-1.2179049679093814,-0.9383447523158153,0,1,0,1,0,1,0,1,1,0,0,0,1,1,1,0,0,2,1,2
1.015950067738499,1.567578560310018,0.4112339403127217,-2.05054553674492,-0.40199490441104246,0.9955971658881752,0,1,0,1,0,1,0,1,1,0,0,0,1,1,1,0,0,1,2,0
-0.8503921832529416,1.4805113191695631,-0.8385243030134281,-0.691180444079306,0.4139151590872966,0.028626206786179966,1,0,0,1,0,1,0,1,1,0,0,1,0,2,1,0,1,1,0,0
0.5069476356499242,-0.4349679859204425,0.8278200214214383,0.6681846485863079,-1.2179049679093814,-1.9053157114178105,1,0,0,1,0,1,0,1,1,0,0,0,1,1,1,0,2,0,0,0
0.8462825903756406,0.6098389077650151,-0.07478315431411428,-0.011497897746499092,-1.2179049679093814,0.9955971658881752,0,1,0,1,0,1,0,1,0,1,0,1,0,1,0,0,1,2,0,0
-0.002054796438650507,-1.566842120746355,-1.1162483570859056,-0.691180444079306,1.2298252225856356,0.9955971658881752,0,1,0,1,0,1,0,1,1,0,0,0,1,1,1,0,1,1,0,0
-0.8503921832529416,-1.131505915044081,-0.07478315431411428,-0.691180444079306,-1.2179049679093814,-0.9383447523158153,1,0,0,1,0,1,0,1,1,0,0,0,1,1,2,2,2,1,2,0
-0.17172227380150873,-1.566842120746355,0.5500959673489606,1.3478671949191148,0.4139151590872966,0.028626206786179966,0,1,0,1,0,1,0,1,1,0,0,0,1,2,1,2,1,1,1,0
-0.5110572285272252,-1.6539093618868097,-0.21364518135035315,-0.011497897746499092,-0.40199490441104246,-0.9383447523158153,0,1,0,1,1,0,0,1,1,0,0,1,0,1,2,0,1,2,0,1
-0.341389751164367,-0.9573714327631713,1.730423197156991,-0.011497897746499092,1.2298252225856356,-0.9383447523158153,0,1,0,1,0,1,0,1,1,0,1,0,0,2,1,1,1,2,0,0
-0.5110572285272252,0.5227716666245603,-0.9079553165315475,-0.691180444079306,0.4139151590872966,0.9955971658881752,1,0,0,1,1,0,0,1,1,0,0,0,1,0,1,0,1,2,0,0
-0.341389751164367,-0.34790074477998767,0.27237191327648286,-0.691180444079306,-0.40199490441104246,-0.9383447523158153,1,0,1,0,1,0,0,1,1,0,0,0,1,2,2,1,1,1,2,2
-0.17172227380150873,-1.566842120746355,0.7583890079033189,0.6681846485863079,-0.40199490441104246,0.028626206786179966,0,1,0,1,0,1,0,1,1,0,0,0,1,1,1,0,2,1,1,0
-0.17172227380150873,0.6098389077650151,-0.005352140795994853,-0.011497897746499092,0.4139151590872966,0.028626206786179966,1,0,0,1,0,1,0,1,1,0,1,0,0,1,1,1,0,0,0,1
-0.5110572285272252,-0.6961697093418069,0.5500959673489606,-0.011497897746499092,1.2298252225856356,0.028626206786179966,1,0,0,1,1,0,0,1,0,1,1,0,0,0,1,0,1,2,0,2
2.0339549319156482,1.7417130425909275,-0.5608002489409503,-1.370862990412113,2.045735286083975,0.028626206786179966,0,1,0,1,0,1,1,0,1,0,0,0,1,0,2,1,1,1,0,2
-1.189727137978658,-0.5220352270608973,-0.7690932894953085,-0.691180444079306,2.045735286083975,0.028626206786179966,0,1,1,0,1,0,0,1,0,1,0,1,0,1,1,0,2,2,0,0
-0.17172227380150873,-0.08669902135862327,-0.6302312624590697,-0.011497897746499092,1.2298252225856356,0.028626206786179966,0,1,0,1,0,1,0,1,0,1,0,0,1,1,2,0,2,1,0,0
1.185617545101357,-0.6961697093418069,1.244406102530155,-1.370862990412113,-0.40199490441104246,-0.9383447523158153,0,1,0,1,1,0,0,1,1,0,0,0,1,1,2,0,2,1,1,0
-0.17172227380150873,0.7839733900459247,-1.3939724111583836,-0.691180444079306,-1.2179049679093814,-0.9383447523158153,0,1,0,1,0,1,0,1,1,0,0,0,1,1,1,1,1,2,2,1
-0.341389751164367,0.08743546092228634,-0.7690932894953085,-0.691180444079306,-0.40199490441104246,0.9955971658881752,1,0,0,1,0,1,0,1,1,0,0,0,1,0,1,1,1,1,0,1
-1.0200596606158,-0.5220352270608973,-0.21364518135035315,-0.011497897746499092,0.4139151590872966,0.028626206786179966,0,1,1,0,0,1,1,0,1,0,1,0,0,2,1,2,1,1,1,0
-0.341389751164367,0.34863718434365076,0.6889579943851994,-1.370862990412113,-1.2179049679093814,0.9955971658881752,0,1,0,1,1,0,0,1,1,0,0,1,0,0,0,1,1,1,0,1
1.5249524998270736,0.0003682197818315326,1.0361130619757966,-1.370862990412113,0.4139151590872966,-1.9053157114178105,1,0,0,1,0,1,0,1,1,0,0,0,1,1,0,1,1,0,1,0
-0.17172227380150873,-1.3056403973249906,1.3832681295663938,-1.370862990412113,0.4139151590872966,0.9955971658881752,0,1,1,0,0,1,0,1,1,0,0,1,0,0,1,1,1,2,1,0
0.3372801582870659,-0.34790074477998767,0.61952698086708,-0.691180444079306,0.4139151590872966,0.028626206786179966,0,1,0,1,0,1,0,1,1,0,0,1,0,2,1,2,1,2,0,0
0.3372801582870659,1.4805113191695631,-1.2551103841221445,-0.691180444079306,-1.2179049679093814,-0.9383447523158153,0,1,1,0,0,1,0,1,1,0,0,0,1,1,1,1,1,2,0,0
1.6946199771899317,-1.566842120746355,-0.8385243030134281,-0.691180444079306,0.4139151590872966,0.9955971658881752,0,1,0,1,0,1,0,1,1,0,0,0,1,1,2,1,0,2,0,1
-1.0200596606158,1.4805113191695631,-0.1442141678322337,-0.011497897746499092,0.4139151590872966,0.028626206786179966,0,1,0,1,0,1,0,1,1,0,0,0,1,0,1,1,1,0,1,1
0.16761268092420772,1.567578560310018,-0.21364518135035315,0.6681846485863079,1.2298252225856356,0.028626206786179966,1,0,0,1,0,1,0,1,1,0,0,0,1,1,1,1,0,0,0,1
0.5069476356499242,-1.3056403973249906,-0.07478315431411428,1.3478671949191148,0.4139151590872966,0.028626206786179966,0,1,1,0,0,1,0,1,1,0,0,1,0,2,1,1,1,2,1,1
-0.002054796438650507,-0.08669902135862327,-1.1162483570859056,-0.691180444079306,-1.2179049679093814,-0.9383447523158153,0,1,0,1,0,1,0,1,1,0,0,0,1,0,1,1,0,1,0,1
0.16761268092420772,1.2193095957481987,0.6889579943851994,0.6681846485863079,-0.40199490441104246,0.9955971658881752,0,1,0,1,1,0,0,1,1,0,1,0,0,2,0,1,1,1,1,0
-1.0200596606158,0.26156994320319593,0.3418029267946023,2.0275497412519217,-0.40199490441104246,0.028626206786179966,1,0,1,0,0,1,0,1,0,1,0,1,0,1,1,1,1,2,1,0
0.3372801582870659,0.0003682197818315326,-0.21364518135035315,1.3478671949191148,0.4139151590872966,0.9955971658881752,1,0,0,1,0,1,0,1,1,0,0,1,0,1,2,0,1,1,1,0
0.3372801582870659,0.26156994320319593,1.452699143084513,0.6681846485863079,0.4139151590872966,-2.872286670519806,1,0,0,1,1,0,1,0,1,0,0,0,1,2,2,1,1,2,1,0
-0.002054796438650507,1.132242354607744,0.5500959673489606,-0.011497897746499092,-1.2179049679093814,-0.9383447523158153,0,1,1,0,0,1,0,1,0,1,1,0,0,0,2,1,1,1,0,0
0.3372801582870659,-0.17376626249907806,1.105544075493916,-1.370862990412113,-1.2179049679093814,0.028626206786179966,0,1,1,0,0,1,0,1,1,0,1,0,0,1,1,0,1,2,2,0
0.5069476356499242,-1.566842120746355,-0.5608002489409503,-0.011497897746499092,-0.40199490441104246,0.9955971658881752,1,0,0,1,0,1,0,1,1,0,1,0,0,2,2,0,0,1,2,1
-0.341389751164367,1.567578560310018,0.8278200214214383,-0.691180444079306,-1.2179049679093814,-1.9053157114178105,0,1,0,1,0,1,0,1,1,0,0,1,0,0,2,1,1,1,0,0
-0.8503921832529416,-0.6961697093418069,0.3418029267946023,1.3478671949191148,2.045735286083975,0.9955971658881752,1,0,1,0,0,1,0,1,1,0,0,1,0,1,0,1,1,2,1,1
0.6766151130127824,-0.5220352270608973,-0.6996622759771891,-0.011497897746499092,1.2298252225856356,-0.9383447523158153,0,1,0,1,0,1,0,1,1,0,0,1,0,1,1,0,1,2,1,0
0.3372801582870659,-1.3056403973249906,1.5221301566026326,-0.011497897746499092,0.4139151590872966,0.9955971658881752,1,0,1,0,1,0,0,1,1,0,0,1,0,0,1,0,1,2,0,1
-1.189727137978658,-1.3927076384654453,-0.21364518135035315,-1.370862990412113,0.4139151590872966,-0.9383447523158153,0,1,1,0,0,1,0,1,1,0,0,1,0,1,2,1,1,1,2,1
1.3552850224642152,-0.17376626249907806,0.61952698086708,-2.05054553674492,0.4139151590872966,0.028626206786179966,1,0,0,1,0,1,0,1,1,0,1,0,0,1,2,1,0,0,1,2
-0.5110572285272252,0.17450270206274113,0.8972510349395577,-0.691180444079306,0.4139151590872966,0.028626206786179966,0,1,1,0,1,0,0,1,1,0,0,1,0,1,0,0,0,0,2,0
1.015950067738499,0.17450270206274113,0.7583890079033189,-0.011497897746499092,-1.2179049679093814,-0.9383447523158153,0,1,0,1,0,1,0,1,0,1,0,1,0,1,1,1,0,2,2,0
1.015950067738499,-1.131505915044081,-0.2830761948684726,2.0275497412519217,1.2298252225856356,0.028626206786179966,0,1,0,1,0,1,0,1,1,0,0,1,0,1,0,2,0,1,2,0
2.2036224092785064,-1.131505915044081,1.244406102530155,-0.691180444079306,-1.2179049679093814,0.028626206786179966,1,0,0,1,0,1,0,1,1,0,0,1,0,1,1,2,0,2,0,2
-2.2077320021558076,0.17450270206274113,-1.324541397640264,0.6681846485863079,-1.2179049679093814,-0.9383447523158153,0,1,1,0,0,1,0,1,1,0,1,0,0,2,2,1,0,1,0,2
1.015950067738499,-0.7832369504822617,1.6609921836388715,0.6681846485863079,-0.40199490441104246,0.028626206786179966,0,1,0,1,0,1,0,1,1,0,0,0,1,1,0,1,1,2,0,2
0.3372801582870659,1.2193095957481987,-1.5328344381946224,1.3478671949191148,-0.40199490441104246,0.028626206786179966,1,0,0,1,1,0,0,1,1,0,0,1,0,0,0,2,1,2,1,0
-1.0200596606158,0.6098389077650151,0.06407887272212458,-0.691180444079306,-0.40199490441104246,0.9955971658881752,1,0,1,0,1,0,0,1,1,0,0,0,1,1,1,1,0,1,1,2
-1.868397047430091,-1.131505915044081,-1.4634034246765029,0.6681846485863079,1.2298252225856356,1.9625681249901703,0,1,1,0,0,1,0,1,1,0,0,0,1,1,2,1,1,2,1,1
-0.341389751164367,-0.6961697093418069,0.3418029267946023,-0.011497897746499092,-0.40199490441104246,-0.9383447523158153,1,0,0,1,0,1,0,1,0,1,1,0,0,2,2,2,2,2,0,1
-0.5110572285272252,0.08743546092228634,-1.5328344381946224,-1.370862990412113,-1.2179049679093814,-1.9053157114178105,0,1,0,1,0,1,0,1,1,0,0,1,0,1,0,0,1,1,1,0
0.5069476356499242,1.3063768368886535,-1.2551103841221445,-0.011497897746499092,-0.40199490441104246,-0.9383447523158153,1,0,1,0,1,0,0,1,1,0,0,1,0,2,1,1,0,1,0,0
1.015950067738499,-0.2608335036395329,1.591561170120752,-0.011497897746499092,-1.2179049679093814,-1.9053157114178105,0,1,0,1,0,1,0,1,1,0,0,1,0,1,1,0,2,1,2,0
-1.189727137978658,-0.17376626249907806,-1.4634034246765029,-1.370862990412113,0.4139151590872966,0.028626206786179966,0,1,0,1,0,1,0,1,0,1,0,0,1,1,0,0,0,2,1,0
0.6766151130127824,1.567578560310018,1.5221301566026326,-0.691180444079306,-0.40199490441104246,0.9955971658881752,0,1,0,1,0,1,0,1,1,0,0,0,1,2,1,1,1,1,1,2
1.6946199771899317,-0.8703041916227164,0.61952698086708,-0.691180444079306,0.4139151590872966,0.028626206786179966,0,1,0,1,1,0,0,1,1,0,0,0,1,2,0,2,1,1,2,0
1.5249524998270736,-1.7409766030272644,-0.8385243030134281,-0.011497897746499092,-1.2179049679093814,0.9955971658881752,0,1,0,1,1,0,0,1,1,0,1,0,0,0,2,1,0,1,2,0
-0.17172227380150873,1.567578560310018,-0.9079553165315475,-0.011497897746499092,-0.40199490441104246,-0.9383447523158153,1,0,0,1,0,1,0,1,1,0,0,1,0,2,0,2,0,2,0,0
-0.5110572285272252,-1.131505915044081,-0.9079553165315475,-0.691180444079306,-1.2179049679093814,0.028626206786179966,1,0,0,1,0,1,0,1,1,0,0,1,0,0,1,1,1,1,1,1
0.3372801582870659,-1.3056403973249906,0.8972510349395577,-0.011497897746499092,0.4139151590872966,0.9955971658881752,0,1,0,1,0,1,1,0,1,0,0,0,1,1,0,0,1,1,1,0
-0.5110572285272252,0.26156994320319593,1.452699143084513,0.6681846485863079,-0.40199490441104246,0.028626206786179966,0,1,0,1,1,0,0,1,1,0,0,0,1,1,1,1,0,1,1,1
-1.189727137978658,-1.2185731561845357,-0.4219382219047114,-0.691180444079306,0.4139151590872966,0.9955971658881752,0,1,1,0,0,1,0,1,1,0,0,0,1,0,1,0,0,1,0,0
-0.341389751164367,1.6546458014504728,0.4112339403127217,-0.011497897746499092,-0.40199490441104246,0.028626206786179966,0,1,0,1,0,1,0,1,1,0,0,1,0,1,2,0,1,1,2,0
1.5249524998270736,-1.6539093618868097,-0.07478315431411428,-0.011497897746499092,-0.40199490441104246,0.028626206786179966,0,1,0,1,0,1,0,1,1,0,0,1,0,0,1,2,1,1,2,1
0.5069476356499242,-0.7832369504822617,-0.4219382219047114,-0.011497897746499092,1.2298252225856356,1.9625681249901703,1,0,0,1,0,1,0,1,0,1,0,0,1,1,1,2,0,1,0,2
-0.341389751164367,-0.4349679859204425,-1.5328344381946224,-0.011497897746499092,-1.2179049679093814,-0.9383447523158153,0,1,0,1,0,1,0,1,1,0,0,1,0,1,0,1,2,2,0,0
-1.0200596606158,0.43570442548410554,-1.5328344381946224,-1.370862990412113,2.045735286083975,0.028626206786179966,0,1,0,1,0,1,0,1,1,0,0,1,0,1,0,1,1,1,0,0
-1.6987295700672327,0.69690614890547,-1.0468173435677863,1.3478671949191148,-0.40199490441104246,0.028626206786179966,1,0,0,1,1,0,0,1,1,0,0,0,1,0,1,1,0,1,0,1
-0.6807247058900834,-1.044438673903626,1.1749750890120354,-2.05054553674492,-0.40199490441104246,0.9955971658881752,0,1,0,1,0,1,1,0,1,0,1,0,0,0,1,1,1,1,1,0
0.3372801582870659,-0.9573714327631713,1.591561170120752,-0.011497897746499092,-1.2179049679093814,-0.9383447523158153,0,1,0,1,1,0,0,1,1,0,0,0,1,0,1,0,0,1,2,1
-0.002054796438650507,-1.6539093618868097,0.4112339403127217,-0.011497897746499092,-0.40199490441104246,0.028626206786179966,0,1,0,1,1,0,0,1,1,0,0,1,0,1,1,1,1,0,0,1
1.3552850224642152,-0.609102468201352,-0.9079553165315475,-0.011497897746499092,1.2298252225856356,0.028626206786179966,1,0,0,1,1,0,0,1,1,0,0,1,0,1,0,1,2,1,2,1
-0.8503921832529416,-1.131505915044081,-0.07478315431411428,-1.370862990412113,-0.40199490441104246,-0.9383447523158153,0,1,0,1,0,1,0,1,1,0,0,0,1,0,1,1,2,2,2,0
0.3372801582870659,0.26156994320319593,0.4806649538308412,-1.370862990412113,0.4139151590872966,0.028626206786179966,1,0,0,1,0,1,0,1,1,0,0,0,1,1,2,1,0,2,2,0
-2.547066956881524,-0.609102468201352,0.9666820484576771,-0.691180444079306,-0.40199490441104246,-0.9383447523158153,0,1,0,1,0,1,0,1,1,0,0,1,0,2,0,2,1,1,0,0
0.5069476356499242,0.17450270206274113,-0.6996622759771891,-0.011497897746499092,-0.40199490441104246,0.028626206786179966,1,0,0,1,1,0,0,1,1,0,1,0,0,2,0,2,1,2,0,0
0.8462825903756406,1.3063768368886535,0.06407887272212458,-0.691180444079306,-0.40199490441104246,1.9625681249901703,0,1,0,1,1,0,0,1,1,0,0,0,1,0,2,1,0,1,0,0
1.3552850224642152,1.7417130425909275,-0.21364518135035315,-0.691180444079306,-0.40199490441104246,-0.9383447523158153,1,0,0,1,0,1,0,1,1,0,1,0,0,2,0,1,0,1,2,0
-0.002054796438650507,-1.4797748796059,-1.3939724111583836,-0.011497897746499092,0.4139151590872966,0.028626206786179966,0,1,0,1,1,0,0,1,1,0,1,0,0,1,1,2,0,2,0,0
0.5069476356499242,0.69690614890547,1.3138371160482742,-0.011497897746499092,1.2298252225856356,-1.9053157114178105,0,1,1,0,1,0,1,0,1,0,0,0,1,2,2,0,0,1,0,0
0.5069476356499242,-0.6961697093418069,-1.1856793706040252,0.6681846485863079,0.4139151590872966,-0.9383447523158153,1,0,1,0,1,0,1,0,1,0,0,0,1,2,1,1,0,2,1,0
1.185617545101357,-1.044438673903626,-1.324541397640264,-2.05054553674492,-1.2179049679093814,-1.9053157114178105,1,0,0,1,1,0,0,1,1,0,0,1,0,0,2,1,0,2,0,0
0.8462825903756406,-0.6961697093418069,-1.1162483570859056,-0.691180444079306,0.4139151590872966,0.028626206786179966,0,1,0,1,0,1,0,1,1,0,1,0,0,0,2,1,0,1,0,0
-0.6807247058900834,-1.2185731561845357,-0.49136923542283084,-1.370862990412113,0.4139151590872966,1.9625681249901703,0,1,0,1,1,0,1,0,1,0,0,0,1,2,2,2,0,1,2,1
0.6766151130127824,0.9581078723268344,1.244406102530155,-0.011497897746499092,-1.2179049679093814,-0.9383447523158153,0,1,0,1,1,0,0,1,1,0,0,0,1,2,1,0,1,1,0,1
0.8462825903756406,0.0003682197818315326,0.8972510349395577,2.0275497412519217,-1.2179049679093814,-0.9383447523158153,0,1,1,0,0,1,0,1,1,0,1,0,0,1,1,0,0,2,1,1
0.16761268092420772,-0.6961697093418069,-1.2551103841221445,-1.370862990412113,-0.40199490441104246,1.9625681249901703,0,1,0,1,0,1,0,1,0,1,0,1,0,1,1,1,2,1,1,1
-0.6807247058900834,-0.9573714327631713,-1.3939724111583836,-0.691180444079306,-0.40199490441104246,-1.9053157114178105,0,1,0,1,0,1,0,1,1,0,1,0,0,1,2,1,1,2,0,1
-1.0200596606158,0.8710406311863795,-1.324541397640264,1.3478671949191148,-1.2179049679093814,0.9955971658881752,1,0,0,1,0,1,0,1,1,0,0,1,0,1,1,1,0,1,0,0
-0.341389751164367,-0.9573714327631713,-1.4634034246765029,-0.011497897746499092,-0.40199490441104246,0.9955971658881752,0,1,0,1,1,0,0,1,1,0,0,1,0,1,0,1,0,2,0,1
0.8462825903756406,0.8710406311863795,1.452699143084513,-0.011497897746499092,-0.40199490441104246,0.9955971658881752,0,1,0,1,0,1,0,1,1,0,0,0,1,1,1,1,1,1,1,1
-0.5110572285272252,0.17450270206274113,-1.1162483570859056,-0.011497897746499092,1.2298252225856356,0.9955971658881752,0,1,0,1,0,1,0,1,1,0,0,0,1,1,1,1,1,1,1,0
1.015950067738499,1.3934440780291084,-0.7690932894953085,2.0275497412519217,0.4139151590872966,0.028626206786179966,1,0,1,0,0,1,0,1,0,1,0,1,0,2,2,0,1,1,0,0
0.6766151130127824,-1.3927076384654453,-0.6996622759771891,0.6681846485863079,-1.2179049679093814,0.028626206786179966,1,0,0,1,0,1,0,1,1,0,0,0,1,1,1,1,1,1,1,0
-0.5110572285272252,0.43570442548410554,-0.4219382219047114,-0.691180444079306,-0.40199490441104246,0.028626206786179966,0,1,1,0,1,0,0,1,0,1,0,1,0,1,0,1,1,1,2,0
-0.6807247058900834,0.08743546092228634,-1.2551103841221445,0.6681846485863079,-0.40199490441104246,-0.9383447523158153,0,1,1,0,0,1,0,1,1,0,0,0,1,1,1,2,1,1,0,0
1.185617545101357,0.26156994320319593,0.06407887272212458,1.3478671949191148,-0.40199490441104246,0.9955971658881752,0,1,0,1,0,1,0,1,1,0,0,0,1,1,1,1,0,2,0,0
-1.6987295700672327,0.5227716666245603,1.105544075493916,-0.691180444079306,0.4139151590872966,0.028626206786179966,1,0,1,0,0,1,0,1,1,0,0,0,1,2,2,2,0,1,0,2
0.8462825903756406,-1.4797748796059,-1.1856793706040252,0.6681846485863079,-0.40199490441104246,-1.9053157114178105,1,0,0,1,1,0,0,1,1,0,0,0,1,0,1,1,2,1,1,0
1.185617545101357,-0.6961697093418069,-0.8385243030134281,-0.691180444079306,-0.40199490441104246,1.9625681249901703,1,0,1,0,1,0,0,1,1,0,1,0,0,1,1,1,2,1,1,1
-1.189727137978658,-1.4797748796059,-0.6996622759771891,-1.370862990412113,0.4139151590872966,-0.9383447523158153,0,1,1,0,0,1,0,1,1,0,0,1,0,2,1,1,2,1,0,2
1.3552850224642152,0.7839733900459247,1.5221301566026326,2.0275497412519217,1.2298252225856356,2.929539084092166,1,0,0,1,0,1,0,1,1,0,1,0,0,1,2,2,1,0,0,0
0.6766151130127824,-1.131505915044081,-0.7690932894953085,2.0275497412519217,-0.40199490441104246,-0.9383447523158153,1,0,0,1,1,0,0,1,0,1,0,0,1,1,1,0,0,1,1,2
-2.547066956881524,1.3934440780291084,-0.21364518135035315,0.6681846485863079,1.2298252225856356,1.9625681249901703,0,1,0,1,0,1,0,1,1,0,1,0,0,1,0,0,1,1,0,0
0.8462825903756406,0.08743546092228634,0.4112339403127217,1.3478671949191148,0.4139151590872966,0.028626206786179966,0,1,0,1,0,1,0,1,1,0,0,1,0,2,0,0,0,1,0,0
-1.5290620927043745,-0.4349679859204425,1.1749750890120354,-0.011497897746499092,0.4139151590872966,0.9955971658881752,1,0,0,1,1,0,1,0,1,0,0,0,1,0,1,1,0,2,1,1
0.5069476356499242,-0.4349679859204425,1.591561170120752,-1.370862990412113,1.2298252225856356,-1.9053157114178105,1,0,0,1,0,1,0,1,1,0,0,0,1,1,2,1,1,2,1,0
2.5429573640042227,1.2193095957481987,-0.8385243030134281,-0.011497897746499092,-0.40199490441104246,-0.9383447523158153,1,0,0,1,0,1,0,1,1,0,0,0,1,2,1,1,0,2,1,0
1.6946199771899317,-0.7832369504822617,1.3832681295663938,1.3478671949191148,-0.40199490441104246,0.9955971658881752,0,1,0,1,0,1,1,0,1,0,0,1,0,2,1,2,1,1,1,0
-1.189727137978658,0.69690614890547,-1.5328344381946224,-0.011497897746499092,0.4139151590872966,0.9955971658881752,0,1,1,0,0,1,0,1,1,0,1,0,0,2,1,1,1,1,1,1
-0.17172227380150873,1.3934440780291084,-1.4634034246765029,-0.011497897746499092,-0.40199490441104246,0.028626206786179966,0,1,0,1,0,1,0,1,1,0,0,1,0,1,1,2,0,1,1,0
-0.5110572285272252,-0.2608335036395329,-0.4219382219047114,0.6681846485863079,1.2298252225856356,0.028626206786179966,0,1,0,1,0,1,0,1,0,1,0,1,0,1,1,0,2,1,0,0
-0.002054796438650507,-1.3927076384654453,-0.1442141678322337,-0.691180444079306,1.2298252225856356,1.9625681249901703,1,0,0,1,0,1,0,1,1,0,1,0,0,1,0,2,1,2,2,2
-1.0200596606158,-1.131505915044081,0.7583890079033189,-1.370862990412113,-1.2179049679093814,0.9955971658881752,1,0,0,1,0,1,1,0,1,0,0,0,1,2,1,1,2,1,1,1
-1.868397047430091,1.567578560310018,-1.3939724111583836,1.3478671949191148,1.2298252225856356,-0.9383447523158153,0,1,0,1,1,0,0,1,1,0,0,0,1,2,1,0,0,1,0,0
-0.6807247058900834,-1.4797748796059,1.3832681295663938,-0.691180444079306,-0.40199490441104246,0.9955971658881752,1,0,0,1,1,0,0,1,1,0,1,0,0,1,1,2,1,1,1,2
0.3372801582870659,-1.3056403973249906,0.4112339403127217,-2.05054553674492,2.861645349582314,0.9955971658881752,1,0,0,1,0,1,0,1,1,0,0,0,1,1,1,2,1,1,1,2
-0.341389751164367,0.0003682197818315326,-0.6996622759771891,-0.691180444079306,0.4139151590872966,-0.9383447523158153,1,0,0,1,0,1,0,1,1,0,1,0,0,1,0,1,0,2,1,0
0.8462825903756406,-1.4797748796059,-0.2830761948684726,-0.691180444079306,-0.40199490441104246,0.028626206786179966,0,1,1,0,0,1,0,1,1,0,0,0,1,2,1,1,1,0,0,0
1.5249524998270736,0.17450270206274113,0.61952698086708,-0.011497897746499092,-0.40199490441104246,-0.9383447523158153,0,1,1,0,1,0,0,1,1,0,0,0,1,1,2,0,0,1,0,0
0.6766151130127824,1.3934440780291084,1.452699143084513,0.6681846485863079,0.4139151590872966,0.028626206786179966,1,0,0,1,1,0,0,1,1,0,0,0,1,1,1,1,0,0,1,0
-0.8503921832529416,1.2193095957481987,0.133509886240244,-0.691180444079306,1.2298252225856356,0.9955971658881752,1,0,1,0,0,1,0,1,1,0,0,1,0,1,1,0,2,2,1,0
-0.6807247058900834,-1.2185731561845357,1.244406102530155,-0.691180444079306,4.493465476578992,-0.9383447523158153,0,1,0,1,1,0,0,1,1,0,1,0,0,0,1,1,0,1,0,2
-0.002054796438650507,0.26156994320319593,0.6889579943851994,-1.370862990412113,-0.40199490441104246,-0.9383447523158153,0,1,0,1,0,1,0,1,1,0,0,1,0,1,0,1,2,2,1,2
1.5249524998270736,0.0003682197818315326,-0.2830761948684726,-0.691180444079306,-1.2179049679093814,0.028626206786179966,1,0,0,1,0,1,0,1,1,0,0,0,1,1,1,1,1,1,1,1
-0.17172227380150873,1.045175113467289,0.9666820484576771,-0.011497897746499092,-1.2179049679093814,-0.9383447523158153,0,1,1,0,0,1,1,0,1,0,0,1,0,1,1,1,0,2,2,0
0.6766151130127824,-1.7409766030272644,-0.49136923542283084,-1.370862990412113,-1.2179049679093814,0.028626206786179966,1,0,0,1,0,1,0,1,1,0,0,1,0,1,1,1,1,0,2,0
-0.17172227380150873,-0.4349679859204425,0.8972510349395577,2.0275497412519217,-1.2179049679093814,-0.9383447523158153,1,0,0,1,1,0,0,1,1,0,0,0,1,1,2,0,0,2,0,0
-0.5110572285272252,1.3063768368886535,-0.352507208386592,-0.011497897746499092,-0.40199490441104246,0.028626206786179966,0,1,0,1,1,0,0,1,1,0,0,1,0,2,1,2,0,1,0,0
0.16761268092420772,-0.08669902135862327,-1.6022654517127417,0.6681846485863079,-0.40199490441104246,0.028626206786179966,1,0,0,1,0,1,0,1,0,1,0,1,0,2,2,1,0,1,0,0
-1.3593946153415164,0.17450270206274113,1.105544075493916,2.0275497412519217,1.2298252225856356,0.028626206786179966,0,1,0,1,0,1,0,1,1,0,1,0,0,0,1,1,0,1,2,0
0.16761268092420772,-1.044438673903626,0.27237191327648286,1.3478671949191148,-0.40199490441104246,0.9955971658881752,1,0,1,0,1,0,0,1,1,0,1,0,0,1,1,0,2,2,2,1
1.015950067738499,0.69690614890547,-0.9079553165315475,-0.011497897746499092,-0.40199490441104246,-0.9383447523158153,1,0,1,0,0,1,1,0,1,0,0,0,1,0,2,2,2,2,0,0
-0.341389751164367,-0.4349679859204425,-1.7411274787489806,-0.011497897746499092,2.045735286083975,-0.9383447523158153,1,0,0,1,1,0,0,1,1,0,0,0,1,1,0,1,0,1,2,0
0.6766151130127824,-0.7832369504822617,-1.6022654517127417,-0.691180444079306,0.4139151590872966,0.028626206786179966,1,0,1,0,0,1,0,1,1,0,0,1,0,1,2,1,1,1,1,2
0.3372801582870659,0.34863718434365076,-1.1162483570859056,-1.370862990412113,-1.2179049679093814,0.028626206786179966,1,0,1,0,0,1,0,1,1,0,0,0,1,1,1,1,2,2,1,0
1.5249524998270736,1.132242354607744,0.4806649538308412,-0.011497897746499092,2.861645349582314,0.028626206786179966,0,1,0,1,1,0,0,1,1,0,1,0,0,1,2,1,0,1,0,1
-0.5110572285272252,0.8710406311863795,0.61952698086708,0.6681846485863079,-0.40199490441104246,0.9955971658881752,1,0,0,1,1,0,0,1,1,0,1,0,0,1,2,1,0,0,0,2
0.3372801582870659,-1.3056403973249906,1.591561170120752,0.6681846485863079,2.045735286083975,0.028626206786179966,1,0,1,0,1,0,0,1,1,0,0,1,0,0,1,2,1,1,0,0
0.6766151130127824,1.132242354607744,0.8972510349395577,-0.011497897746499092,-0.40199490441104246,0.028626206786179966,1,0,0,1,0,1,0,1,1,0,1,0,0,2,1,0,1,2,0,1
1.6946199771899317,0.69690614890547,-0.9079553165315475,-0.691180444079306,2.045735286083975,1.9625681249901703,1,0,1,0,0,1,0,1,1,0,0,0,1,1,1,2,0,1,1,2
-1.0200596606158,0.34863718434365076,0.4806649538308412,-1.370862990412113,1.2298252225856356,0.028626206786179966,0,1,0,1,1,0,0,1,1,0,0,0,1,1,1,1,0,1,1,2
2.0339549319156482,0.34863718434365076,1.452699143084513,0.6681846485863079,-0.40199490441104246,0.028626206786179966,1,0,0,1,0,1,0,1,1,0,0,0,1,0,1,1,0,1,0,0
1.015950067738499,0.08743546092228634,-0.2830761948684726,2.0275497412519217,-1.2179049679093814,1.9625681249901703,1,0,1,0,1,0,0,1,0,1,0,0,1,1,1,0,1,1,0,0
-0.341389751164367,1.2193095957481987,-1.5328344381946224,-0.011497897746499092,2.045735286083975,0.028626206786179966,1,0,0,1,0,1,0,1,1,0,0,0,1,1,0,1,1,2,0,2
1.3552850224642152,0.08743546092228634,-0.1442141678322337,0.6681846485863079,-1.2179049679093814,0.028626206786179966,0,1,0,1,0,1,0,1,1,0,1,0,0,2,1,0,1,2,2,0
2.8822923187299394,1.3934440780291084,0.133509886240244,-0.011497897746499092,0.4139151590872966,0.028626206786179966,1,0,0,1,1,0,0,1,1,0,0,0,1,1,1,1,1,1,0,1
0.6766151130127824,-0.34790074477998767,-0.21364518135035315,-0.691180444079306,1.2298252225856356,0.028626206786179966,1,0,0,1,1,0,0,1,0,1,0,1,0,0,2,2,1,2,0,1
0.6766151130127824,0.7839733900459247,-0.9773863300496669,0.6681846485863079,-0.40199490441104246,0.028626206786179966,1,0,0,1,0,1,0,1,1,0,0,0,1,1,2,1,0,2,2,0
-1.5290620927043745,-1.131505915044081,-1.4634034246765029,-0.691180444079306,-1.2179049679093814,0.028626206786179966,1,0,0,1,0,1,0,1,1,0,0,0,1,1,1,0,0,1,0,0
0.16761268092420772,-0.5220352270608973,-0.9773863300496669,-0.691180444079306,-1.2179049679093814,0.9955971658881752,0,1,1,0,0,1,1,0,1,0,0,0,1,1,2,0,0,1,0,0
0.5069476356499242,0.43570442548410554,1.6609921836388715,-0.011497897746499092,-0.40199490441104246,1.9625681249901703,1,0,0,1,0,1,0,1,1,0,0,1,0,1,1,2,0,2,1,0
0.5069476356499242,0.26156994320319593,-1.6716964652308612,-0.011497897746499092,1.2298252225856356,-0.9383447523158153,0,1,0,1,0,1,0,1,1,0,0,1,0,1,1,0,1,2,1,1
-0.6807247058900834,-1.6539093618868097,1.105544075493916,0.6681846485863079,0.4139151590872966,0.028626206786179966,0,1,0,1,1,0,0,1,1,0,0,1,0,1,0,2,1,2,1,1
-1.0200596606158,-0.4349679859204425,0.8972510349395577,2.0275497412519217,0.4139151590872966,0.028626206786179966,1,0,1,0,1,0,0,1,1,0,1,0,0,0,0,1,0,1,1,1
-0.5110572285272252,-0.2608335036395329,-0.5608002489409503,1.3478671949191148,-1.2179049679093814,1.9625681249901703,1,0,0,1,1,0,0,1,0,1,0,1,0,0,1,0,0,2,0,0
-0.17172227380150873,-0.08669902135862327,-1.2551103841221445,0.6681846485863079,0.4139151590872966,0.028626206786179966,0,1,0,1,0,1,0,1,1,0,0,0,1,1,1,0,0,0,0,1
0.8462825903756406,-0.08669902135862327,-0.7690932894953085,-0.011497897746499092,-1.2179049679093814,0.028626206786179966,1,0,0,1,0,1,0,1,1,0,0,1,0,1,1,1,0,1,1,2
-0.5110572285272252,0.6098389077650151,-1.6022654517127417,0.6681846485863079,-0.40199490441104246,1.9625681249901703,0,1,0,1,1,0,0,1,1,0,0,0,1,1,1,0,1,1,1,0
2.7126248413670813,0.7839733900459247,-0.9079553165315475,0.6681846485863079,0.4139151590872966,0.028626206786179966,0,1,1,0,0,1,0,1,1,0,1,0,0,2,0,0,0,2,1,1
0.5069476356499242,1.132242354607744,1.3138371160482742,1.3478671949191148,0.4139151590872966,0.028626206786179966,1,0,1,0,0,1,0,1,1,0,1,0,0,1,0,2,1,0,0,1
0.5069476356499242,1.7417130425909275,-1.1162483570859056,-2.05054553674492,0.4139151590872966,0.9955971658881752,1,0,0,1,0,1,0,1,1,0,0,0,1,2,0,1,1,1,0,0
-0.17172227380150873,0.7839733900459247,1.0361130619757966,-0.691180444079306,-1.2179049679093814,0.9955971658881752,1,0,1,0,0,1,0,1,1,0,1,0,0,2,1,2,0,2,1,1
-0.5110572285272252,0.8710406311863795,-0.6996622759771891,0.6681846485863079,0.4139151590872966,0.028626206786179966,0,1,0,1,1,0,0,1,1,0,0,0,1,2,2,1,0,2,2,1
0.3372801582870659,-1.131505915044081,-1.6022654517127417,0.6681846485863079,-0.40199490441104246,-0.9383447523158153,1,0,0,1,1,0,0,1,0,1,1,0,0,0,1,1,1,0,1,1
0.6766151130127824,1.045175113467289,-0.7690932894953085,0.6681846485863079,-0.40199490441104246,0.028626206786179966,0,1,1,0,0,1,0,1,1,0,0,1,0,0,2,2,2,2,1,0
-0.5110572285272252,-1.044438673903626,-0.6996622759771891,-2.05054553674492,-1.2179049679093814,-0.9383447523158153,0,1,1,0,0,1,0,1,1,0,0,0,1,2,1,2,1,1,0,1
-0.6807247058900834,-0.609102468201352,-1.1856793706040252,0.6681846485863079,-0.40199490441104246,0.9955971658881752,1,0,0,1,0,1,0,1,1,0,0,1,0,2,0,1,1,1,0,0
0.16761268092420772,-0.08669902135862327,1.1749750890120354,-2.05054553674492,-1.2179049679093814,-0.9383447523158153,1,0,0,1,1,0,0,1,1,0,1,0,0,1,2,0,0,1,2,0
-0.8503921832529416,1.4805113191695631,-1.0468173435677863,-0.011497897746499092,2.045735286083975,0.028626206786179966,1,0,0,1,1,0,0,1,1,0,1,0,0,0,1,0,1,1,0,0
0.16761268092420772,-1.3056403973249906,1.730423197156991,-0.691180444079306,1.2298252225856356,0.9955971658881752,0,1,0,1,1,0,0,1,1,0,0,1,0,1,1,1,1,1,2,0
-1.3593946153415164,-1.044438673903626,-0.49136923542283084,-0.691180444079306,0.4139151590872966,0.9955971658881752,0,1,0,1,0,1,0,1,1,0,0,0,1,2,1,0,1,1,1,0
0.3372801582870659,-1.4797748796059,0.8278200214214383,1.3478671949191148,-1.2179049679093814,-0.9383447523158153,1,0,0,1,1,0,0,1,1,0,1,0,0,1,1,0,2,2,1,1
-0.8503921832529416,0.34863718434365076,0.27237191327648286,-0.011497897746499092,-0.40199490441104246,0.9955971658881752,1,0,0,1,0,1,0,1,1,0,0,1,0,1,2,1,1,2,0,0
-1.3593946153415164,-0.2608335036395329,1.0361130619757966,-0.691180444079306,0.4139151590872966,-0.9383447523158153,1,0,0,1,0,1,0,1,1,0,0,1,0,1,0,1,1,0,0,0
-0.341389751164367,-0.08669902135862327,-1.1856793706040252,1.3478671949191148,1.2298252225856356,0.028626206786179966,1,0,0,1,0,1,0,1,1,0,1,0,0,0,1,1,1,2,0,0
1.185617545101357,-1.2185731561845357,1.3832681295663938,-0.691180444079306,-0.40199490441104246,0.028626206786179966,0,1,0,1,0,1,0,1,1,0,0,0,1,1,1,1,1,1,1,1
0.8462825903756406,1.045175113467289,0.6889579943851994,-1.370862990412113,-0.40199490441104246,-1.9053157114178105,0,1,0,1,0,1,0,1,1,0,1,0,0,1,2,0,0,1,1,0
-0.002054796438650507,-0.5220352270608973,-1.0468173435677863,1.3478671949191148,-0.40199490441104246,0.028626206786179966,1,0,0,1,0,1,1,0,1,0,0,0,1,1,2,1,0,1,0,1
1.185617545101357,0.7839733900459247,-0.9079553165315475,-1.370862990412113,-1.2179049679093814,0.028626206786179966,0,1,0,1,1,0,0,1,1,0,0,1,0,1,1,1,0,1,0,0
0.5069476356499242,-1.6539093618868097,-1.1856793706040252,1.3478671949191148,2.045735286083975,-0.9383447523158153,0,1,0,1,1,0,0,1,1,0,0,1,0,0,1,1,1,1,0,0
-2.2077320021558076,-0.5220352270608973,1.591561170120752,1.3478671949191148,1.2298252225856356,-0.9383447523158153,0,1,0,1,1,0,0,1,1,0,0,1,0,0,2,2,2,0,0,1
-1.0200596606158,0.08743546092228634,0.20294089975836344,1.3478671949191148,-1.2179049679093814,0.9955971658881752,1,0,1,0,1,0,0,1,1,0,0,0,1,2,2,1,1,1,1,0
0.8462825903756406,1.3934440780291084,1.591561170120752,-0.011497897746499092,-0.40199490441104246,0.028626206786179966,0,1,1,0,1,0,0,1,1,0,0,1,0,0,0,1,1,1,1,0
-1.189727137978658,0.6098389077650151,-1.4634034246765029,2.0275497412519217,0.4139151590872966,-0.9383447523158153,1,0,0,1,1,0,0,1,1,0,0,0,1,0,1,0,0,1,0,1
0.6766151130127824,-0.34790074477998767,-0.4219382219047114,0.6681846485863079,1.2298252225856356,-1.9053157114178105,0,1,1,0,0,1,0,1,1,0,1,0,0,2,0,0,0,1,0,0
0.5069476356499242,-0.4349679859204425,-0.9773863300496669,0.6681846485863079,0.4139151590872966,-0.9383447523158153,1,0,0,1,0,1,0,1,1,0,0,0,1,0,0,2,0,1,0,2
-0.17172227380150873,-0.609102468201352,1.3138371160482742,1.3478671949191148,-0.40199490441104246,-1.9053157114178105,1,0,0,1,0,1,0,1,1,0,0,0,1,1,1,1,2,0,1,0
-0.341389751164367,1.132242354607744,-1.3939724111583836,-0.691180444079306,1.2298252225856356,1.9625681249901703,0,1,0,1,0,1,0,1,1,0,1,0,0,0,1,1,0,1,0,1
0.5069476356499242,-1.4797748796059,1.244406102530155,1.3478671949191148,0.4139151590872966,-0.9383447523158153,0,1,1,0,0,1,0,1,1,0,0,0,1,0,1,1,1,2,0,2
1.8642874545527899,1.045175113467289,-1.4634034246765029,1.3478671949191148,-0.40199490441104246,0.028626206786179966,0,1,1,0,0,1,1,0,1,0,0,0,1,1,1,1,0,1,1,0
1.3552850224642152,-0.2608335036395329,0.6889579943851994,-0.691180444079306,-1.2179049679093814,-1.9053157114178105,1,0,0,1,1,0,0,1,1,0,1,0,0,2,1,2,0,1,2,0
0.3372801582870659,-1.566842120746355,0.8278200214214383,-0.011497897746499092,0.4139151590872966,0.028626206786179966,1,0,0,1,0,1,0,1,1,0,0,1,0,0,1,1,2,0,0,0
-1.0200596606158,-0.4349679859204425,-0.005352140795994853,-0.691180444079306,-1.2179049679093814,-0.9383447523158153,0,1,0,1,0,1,0,1,1,0,0,1,0,1,1,1,0,2,0,0
-2.2077320021558076,-0.9573714327631713,0.8972510349395577,-0.691180444079306,-1.2179049679093814,0.9955971658881752,1,0,1,0,0,1,0,1,1,0,1,0,0,0,1,1,0,2,2,0
1.015950067738499,-0.7832369504822617,0.133509886240244,-1.370862990412113,-1.2179049679093814,1.9625681249901703,0,1,0,1,0,1,0,1,1,0,0,1,0,0,1,0,1,1,2,0
0.8462825903756406,-0.5220352270608973,0.8972510349395577,1.3478671949191148,1.2298252225856356,0.028626206786179966,0,1,0,1,0,1,0,1,0,1,0,1,0,2,2,1,1,2,0,0
-0.17172227380150873,-0.8703041916227164,-0.8385243030134281,-2.05054553674492,-0.40199490441104246,0.028626206786179966,1,0,1,0,1,0,0,1,1,0,0,1,0,2,2,1,0,1,1,2
-2.88640191160724,-0.17376626249907806,-1.4634034246765029,0.6681846485863079,0.4139151590872966,0.9955971658881752,0,1,0,1,1,0,0,1,1,0,0,0,1,1,1,2,2,1,0,1
-0.341389751164367,1.2193095957481987,0.133509886240244,0.6681846485863079,1.2298252225856356,0.9955971658881752,0,1,0,1,0,1,0,1,1,0,0,0,1,2,1,1,1,2,2,0
-0.8503921832529416,-1.3927076384654453,0.61952698086708,1.3478671949191148,-1.2179049679093814,0.028626206786179966,0,1,0,1,0,1,0,1,1,0,0,1,0,0,0,0,1,1,1,2
1.8642874545527899,0.34863718434365076,0.8278200214214383,-1.370862990412113,-1.2179049679093814,0.028626206786179966,0,1,1,0,1,0,0,1,1,0,0,0,1,1,1,2,1,1,1,1
0.6766151130127824,-1.4797748796059,1.6609921836388715,0.6681846485863079,0.4139151590872966,-1.9053157114178105,1,0,0,1,1,0,0,1,1,0,0,1,0,1,1,0,0,2,2,0
-1.189727137978658,-0.8703041916227164,0.4112339403127217,-0.691180444079306,0.4139151590872966,-0.9383447523158153,0,1,0,1,1,0,0,1,1,0,0,0,1,2,2,1,1,0,2,0
0.6766151130127824,-0.08669902135862327,-0.49136923542283084,0.6681846485863079,0.4139151590872966,-0.9383447523158153,0,1,1,0,0,1,0,1,1,0,1,0,0,0,0,2,0,1,0,0
1.6946199771899317,0.08743546092228634,-0.5608002489409503,-1.370862990412113,-0.40199490441104246,-1.9053157114178105,0,1,0,1,0,1,0,1,1,0,1,0,0,1,0,1,2,2,0,0
-1.3593946153415164,0.8710406311863795,-0.9773863300496669,-0.011497897746499092,0.4139151590872966,-0.9383447523158153,0,1,1,0,0,1,0,1,1,0,0,0,1,1,0,1,0,2,0,0
-0.17172227380150873,-0.9573714327631713,0.61952698086708,-0.011497897746499092,0.4139151590872966,0.9955971658881752,0,1,0,1,0,1,0,1,1,0,0,1,0,1,1,1,1,1,0,0
-0.6807247058900834,1.4805113191695631,-1.2551103841221445,0.6681846485863079,-1.2179049679093814,0.9955971658881752,0,1,0,1,0,1,0,1,0,1,0,0,1,1,1,0,1,1,0,0
1.015950067738499,1.132242354607744,0.8278200214214383,-0.691180444079306,-0.40199490441104246,0.028626206786179966,1,0,0,1,1,0,0,1,1,0,0,0,1,0,2,1,1,2,1,0
-0.341389751164367,-0.08669902135862327,-0.4219382219047114,-2.05054553674492,0.4139151590872966,0.028626206786179966,0,1,1,0,0,1,0,1,1,0,0,0,1,1,1,1,2,0,1,0
0.16761268092420772,1.6546458014504728,0.6889579943851994,0.6681846485863079,2.045735286083975,0.9955971658881752,0,1,0,1,1,0,0,1,1,0,0,0,1,1,1,2,1,1,0,1
-0.6807247058900834,-1.131505915044081,-1.324541397640264,-1.370862990412113,-0.40199490441104246,-0.9383447523158153,1,0,0,1,0,1,0,1,1,0,1,0,0,1,1,0,0,1,1,0
1.3552850224642152,-0.8703041916227164,1.5221301566026326,0.6681846485863079,2.861645349582314,1.9625681249901703,0,1,0,1,0,1,0,1,0,1,1,0,0,2,2,1,0,0,0,0
1.3552850224642152,-1.3927076384654453,0.9666820484576771,-0.691180444079306,-1.2179049679093814,0.9955971658881752,0,1,0,1,0,1,0,1,1,0,0,1,0,0,1,1,0,0,1,2
-1.0200596606158,-0.2608335036395329,-1.3939724111583836,0.6681846485863079,0.4139151590872966,0.9955971658881752,0,1,1,0,1,0,0,1,1,0,0,1,0,1,1,2,2,2,0,0
-1.6987295700672327,-1.4797748796059,0.3418029267946023,-2.05054553674492,-1.2179049679093814,0.028626206786179966,0,1,0,1,1,0,0,1,1,0,0,0,1,1,1,1,0,1,1,0
0.3372801582870659,0.6098389077650151,-0.005352140795994853,-0.011497897746499092,-1.2179049679093814,-0.9383447523158153,1,0,0,1,0,1,0,1,0,1,0,0,1,1,2,1,1,2,1,0
0.16761268092420772,1.132242354607744,0.20294089975836344,1.3478671949191148,-0.40199490441104246,-0.9383447523158153,0,1,0,1,0,1,0,1,0,1,0,1,0,0,2,0,1,0,0,2
-0.5110572285272252,1.3934440780291084,0.8278200214214383,0.6681846485863079,-1.2179049679093814,1.9625681249901703,0,1,1,0,0,1,0,1,1,0,0,0,1,1,2,1,1,1,0,1
0.8462825903756406,1.3063768368886535,1.452699143084513,0.6681846485863079,-0.40199490441104246,0.9955971658881752,0,1,0,1,0,1,0,1,1,0,0,1,0,2,1,0,1,1,2,0
0.6766151130127824,-0.4349679859204425,1.3832681295663938,1.3478671949191148,-1.2179049679093814,-0.9383447523158153,0,1,0,1,1,0,0,1,1,0,0,0,1,1,0,2,1,2,1,0
-0.341389751164367,0.5227716666245603,-0.005352140795994853,-0.691180444079306,-1.2179049679093814,0.9955971658881752,0,1,0,1,1,0,0,1,1,0,0,1,0,1,1,2,0,2,0,0
-0.17172227380150873,-1.6539093618868097,1.5221301566026326,-0.011497897746499092,-1.2179049679093814,0.028626206786179966,0,1,0,1,1,0,0,1,0,1,1,0,0,1,2,0,1,2,1,2
2.5429573640042227,-1.131505915044081,0.133509886240244,-0.691180444079306,-0.40199490441104246,0.028626206786179966,0,1,0,1,0,1,0,1,1,0,0,0,1,2,2,0,0,1,1,0
0.16761268092420772,-1.566842120746355,0.7583890079033189,-0.691180444079306,0.4139151590872966,0.9955971658881752,1,0,1,0,1,0,0,1,1,0,0,0,1,2,1,1,1,2,0,0
0.16761268092420772,-1.044438673903626,1.730423197156991,0.6681846485863079,-1.2179049679093814,0.9955971658881752,0,1,0,1,1,0,0,1,1,0,0,0,1,1,0,0,1,1,0,2
0.5069476356499242,1.3934440780291084,-0.352507208386592,-0.691180444079306,-0.40199490441104246,-0.9383447523158153,0,1,0,1,1,0,0,1,1,0,0,1,0,1,2,1,1,1,0,0
0.16761268092420772,0.43570442548410554,0.133509886240244,-0.691180444079306,0.4139151590872966,0.028626206786179966,0,1,0,1,1,0,0,1,1,0,0,1,0,1,0,1,0,1,1,2
-1.6987295700672327,0.08743546092228634,1.3832681295663938,0.6681846485863079,2.861645349582314,0.028626206786179966,1,0,0,1,0,1,0,1,1,0,0,0,1,1,2,1,0,2,0,0
0.6766151130127824,-0.34790074477998767,0.20294089975836344,-1.370862990412113,-0.40199490441104246,0.9955971658881752,0,1,1,0,1,0,0,1,0,1,0,1,0,0,1,2,1,1,0,1
-0.6807247058900834,1.4805113191695631,-1.0468173435677863,0.6681846485863079,-1.2179049679093814,0.028626206786179966,0,1,0,1,0,1,0,1,1,0,0,0,1,2,0,1,0,2,0,0
1.3552850224642152,-1.6539093618868097,0.4806649538308412,-0.691180444079306,-1.2179049679093814,0.028626206786179966,1,0,0,1,0,1,0,1,1,0,0,0,1,0,0,0,1,2,1,0
1.3552850224642152,-0.609102468201352,-1.4634034246765029,0.6681846485863079,2.045735286083975,-1.9053157114178105,1,0,1,0,0,1,0,1,1,0,0,1,0,0,1,1,1,1,0,0
1.5249524998270736,-1.4797748796059,1.5221301566026326,1.3478671949191148,1.2298252225856356,0.028626206786179966,0,1,0,1,0,1,1,0,1,0,1,0,0,0,0,2,1,2,0,0
1.3552850224642152,-0.9573714327631713,-1.4634034246765029,-0.011497897746499092,-0.40199490441104246,-0.9383447523158153,0,1,0,1,0,1,1,0,1,0,0,1,0,2,2,0,0,1,1,2
-0.341389751164367,-0.2608335036395329,-0.9079553165315475,-0.011497897746499092,0.4139151590872966,0.9955971658881752,0,1,1,0,0,1,0,1,1,0,0,1,0,1,1,0,2,1,1,0
-0.341389751164367,-0.4349679859204425,0.8972510349395577,-0.691180444079306,0.4139151590872966,-1.9053157114178105,1,0,0,1,0,1,0,1,0,1,1,0,0,1,1,0,1,2,2,0
0.5069476356499242,-0.609102468201352,-0.8385243030134281,-0.691180444079306,-0.40199490441104246,0.028626206786179966,0,1,0,1,1,0,0,1,1,0,0,0,1,1,1,1,2,1,0,0
-0.8503921832529416,-0.7832369504822617,0.20294089975836344,-0.011497897746499092,-1.2179049679093814,0.028626206786179966,0,1,1,0,1,0,0,1,1,0,0,0,1,2,0,1,1,1,0,0
1.185617545101357,-1.044438673903626,0.27237191327648286,0.6681846485863079,0.4139151590872966,-1.9053157114178105,1,0,1,0,1,0,0,1,0,1,1,0,0,0,1,1,0,2,2,1
0.8462825903756406,1.3063768368886535,-0.005352140795994853,-0.691180444079306,-0.40199490441104246,0.9955971658881752,0,1,1,0,0,1,0,1,1,0,0,0,1,1,2,1,1,1,0,1
-1.0200596606158,0.34863718434365076,-0.352507208386592,-0.691180444079306,0.4139151590872966,0.028626206786179966,1,0,0,1,0,1,0,1,1,0,0,0,1,1,2,2,2,1,1,0
1.185617545101357,0.69690614890547,1.0361130619757966,-0.011497897746499092,1.2298252225856356,0.9955971658881752,1,0,0,1,0,1,0,1,1,0,0,0,1,1,1,1,1,1,2,1
-0.002054796438650507,0.26156994320319593,-1.1856793706040252,2.0275497412519217,-1.2179049679093814,-1.9053157114178105,1,0,0,1,0,1,0,1,1,0,0,1,0,0,2,1,0,2,0,0
0.16761268092420772,-1.2185731561845357,0.06407887272212458,-0.691180444079306,1.2298252225856356,-1.9053157114178105,1,0,1,0,0,1,0,1,1,0,0,1,0,2,1,0,0,1,0,1
0.5069476356499242,0.5227716666245603,1.105544075493916,0.6681846485863079,0.4139151590872966,-1.9053157114178105,1,0,0,1,0,1,0,1,1,0,1,0,0,1,2,1,0,1,1,0
2.2036224092785064,-0.17376626249907806,-0.21364518135035315,1.3478671949191148,2.045735286083975,0.028626206786179966,0,1,0,1,1,0,0,1,1,0,0,0,1,1,1,1,1,1,0,1
1.015950067738499,-1.566842120746355,0.7583890079033189,-0.691180444079306,0.4139151590872966,0.028626206786179966,0,1,0,1,1,0,0,1,1,0,0,0,1,0,2,1,1,1,0,0
0.6766151130127824,-1.7409766030272644,-0.6302312624590697,-0.011497897746499092,-0.40199490441104246,0.9955971658881752,1,0,0,1,1,0,0,1,1,0,0,1,0,0,0,1,1,2,1,0
-1.6987295700672327,0.08743546092228634,1.591561170120752,1.3478671949191148,0.4139151590872966,-0.9383447523158153,0,1,0,1,0,1,0,1,1,0,0,1,0,0,1,1,0,1,1,0
1.185617545101357,1.6546458014504728,-1.1162483570859056,2.0275497412519217,0.4139151590872966,0.028626206786179966,0,1,0,1,1,0,0,1,1,0,0,0,1,2,1,2,0,1,0,0
-2.0380645247929494,-0.609102468201352,-0.6996622759771891,-0.691180444079306,-0.40199490441104246,0.9955971658881752,0,1,0,1,0,1,0,1,1,0,0,1,0,0,1,2,0,1,1,1
0.16761268092420772,0.69690614890547,-0.005352140795994853,1.3478671949191148,-0.40199490441104246,-0.9383447523158153,1,0,1,0,1,0,1,0,1,0,0,1,0,1,0,2,1,2,2,1
-1.189727137978658,1.3934440780291084,-0.2830761948684726,0.6681846485863079,-0.40199490441104246,0.028626206786179966,0,1,0,1,1,0,0,1,1,0,0,0,1,1,2,0,1,0,0,0
1.015950067738499,0.7839733900459247,-1.1162483570859056,0.6681846485863079,-0.40199490441104246,0.9955971658881752,0,1,0,1,0,1,0,1,1,0,0,1,0,1,1,0,0,2,0,0
0.16761268092420772,1.3934440780291084,-1.1856793706040252,-1.370862990412113,-1.2179049679093814,0.9955971658881752,0,1,0,1,0,1,0,1,1,0,0,1,0,2,2,1,2,2,1,2
1.185617545101357,-0.7832369504822617,-0.49136923542283084,2.0275497412519217,-0.40199490441104246,-0.9383447523158153,0,1,0,1,0,1,0,1,1,0,1,0,0,1,2,1,0,1,0,1
-1.3593946153415164,0.43570442548410554,0.4806649538308412,-0.691180444079306,-0.40199490441104246,-0.9383447523158153,0,1,0,1,0,1,0,1,1,0,0,1,0,1,2,1,2,1,0,2
-1.189727137978658,-0.6961697093418069,-1.6022654517127417,0.6681846485863079,1.2298252225856356,0.9955971658881752,0,1,1,0,0,1,0,1,1,0,0,0,1,0,2,1,2,2,0,0
-0.8503921832529416,0.26156994320319593,0.5500959673489606,-0.011497897746499092,-0.40199490441104246,-0.9383447523158153,1,0,0,1,0,1,0,1,1,0,0,1,0,1,0,0,2,1,2,0
1.5249524998270736,1.4805113191695631,1.1749750890120354,1.3478671949191148,0.4139151590872966,0.9955971658881752,1,0,0,1,0,1,0,1,1,0,0,0,1,1,2,1,0,1,0,1
-0.002054796438650507,-0.7832369504822617,1.244406102530155,-0.691180444079306,0.4139151590872966,-0.9383447523158153,0,1,0,1,1,0,0,1,1,0,1,0,0,2,1,2,1,2,2,0
0.5069476356499242,1.3934440780291084,0.4112339403127217,-0.011497897746499092,-0.40199490441104246,-0.9383447523158153,0,1,1,0,1,0,0,1,1,0,0,0,1,1,1,1,0,1,2,1
-1.189727137978658,-1.6539093618868097,0.6889579943851994,0.6681846485863079,2.045735286083975,0.028626206786179966,0,1,1,0,0,1,0,1,1,0,0,1,0,1,0,1,0,1,1,1
1.015950067738499,-0.7832369504822617,1.730423197156991,0.6681846485863079,-0.40199490441104246,0.9955971658881752,1,0,1,0,1,0,0,1,1,0,0,0,1,0,2,0,0,2,1,0
-0.17172227380150873,0.34863718434365076,-0.005352140795994853,-0.011497897746499092,-0.40199490441104246,-0.9383447523158153,0,1,0,1,0,1,0,1,1,0,1,0,0,1,2,0,0,1,1,2
0.8462825903756406,-0.8703041916227164,-0.21364518135035315,-2.05054553674492,-1.2179049679093814,0.9955971658881752,0,1,0,1,0,1,0,1,1,0,0,1,0,1,1,1,0,0,1,1
-0.002054796438650507,-1.4797748796059,-0.21364518135035315,-0.011497897746499092,1.2298252225856356,1.9625681249901703,0,1,0,1,1,0,0,1,0,1,1,0,0,1,1,0,0,2,2,0
0.8462825903756406,-0.34790074477998767,-0.9773863300496669,-0.691180444079306,-0.40199490441104246,0.028626206786179966,0,1,0,1,1,0,0,1,1,0,0,1,0,1,2,1,1,1,2,2
-0.341389751164367,-0.9573714327631713,-1.1162483570859056,0.6681846485863079,-0.40199490441104246,0.9955971658881752,1,0,0,1,1,0,1,0,1,0,0,0,1,0,1,0,0,1,0,0
1.3552850224642152,-0.34790074477998767,1.6609921836388715,2.0275497412519217,-0.40199490441104246,0.028626206786179966,0,1,0,1,0,1,0,1,1,0,0,1,0,1,1,2,1,1,0,0
-0.341389751164367,0.17450270206274113,-0.005352140795994853,-0.691180444079306,-1.2179049679093814,0.9955971658881752,0,1,1,0,0,1,0,1,1,0,1,0,0,1,1,1,0,1,1,0
-0.6807247058900834,0.9581078723268344,1.1749750890120354,-0.691180444079306,0.4139151590872966,0.028626206786179966,0,1,1,0,0,1,0,1,1,0,0,0,1,2,2,0,0,2,0,1
-0.002054796438650507,-0.7832369504822617,0.8972510349395577,-0.011497897746499092,-0.40199490441104246,0.9955971658881752,1,0,0,1,0,1,0,1,1,0,0,1,0,1,1,1,0,0,1,0
0.3372801582870659,-0.17376626249907806,-0.9773863300496669,-1.370862990412113,0.4139151590872966,0.9955971658881752,0,1,0,1,0,1,0,1,1,0,0,1,0,1,2,0,0,1,1,0
1.6946199771899317,-0.34790074477998767,-0.005352140795994853,-0.691180444079306,1.2298252225856356,0.028626206786179966,1,0,0,1,0,1,0,1,1,0,0,0,1,1,1,0,2,1,1,0
-0.8503921832529416,1.567578560310018,-0.352507208386592,-0.691180444079306,-0.40199490441104246,0.028626206786179966,0,1,1,0,1,0,0,1,1,0,0,0,1,1,1,0,1,2,0,1
0.16761268092420772,1.2193095957481987,-0.7690932894953085,-0.011497897746499092,0.4139151590872966,-0.9383447523158153,0,1,1,0,0,1,0,1,1,0,0,1,0,1,0,0,1,1,0,0
-0.002054796438650507,-1.2185731561845357,0.5500959673489606,-0.691180444079306,0.4139151590872966,0.028626206786179966,0,1,1,0,0,1,0,1,1,0,0,1,0,0,1,1,0,1,1,0
1.6946199771899317,0.0003682197818315326,0.3418029267946023,-1.370862990412113,-1.2179049679093814,0.9955971658881752,1,0,1,0,1,0,0,1,1,0,0,0,1,2,2,1,0,1,2,0
0.8462825903756406,-0.34790074477998767,-1.2551103841221445,-0.691180444079306,-1.2179049679093814,0.028626206786179966,0,1,0,1,0,1,1,0,1,0,0,0,1,2,2,0,1,1,2,1
0.6766151130127824,-0.9573714327631713,-0.5608002489409503,-0.011497897746499092,0.4139151590872966,0.9955971658881752,0,1,0,1,0,1,0,1,1,0,1,0,0,1,2,1,1,2,2,2
-0.341389751164367,-0.9573714327631713,-1.4634034246765029,0.6681846485863079,-0.40199490441104246,-0.9383447523158153,0,1,1,0,0,1,0,1,1,0,0,1,0,2,2,0,2,2,0,0
1.3552850224642152,-0.609102468201352,-0.352507208386592,-0.011497897746499092,-1.2179049679093814,2.929539084092166,1,0,1,0,0,1,1,0,1,0,1,0,0,2,1,0,0,1,1,1
0.16761268092420772,-1.566842120746355,1.1749750890120354,1.3478671949191148,-0.40199490441104246,0.9955971658881752,0,1,1,0,1,0,0,1,0,1,0,0,1,1,1,1,1,1,0,0
-0.17172227380150873,-0.2608335036395329,1.1749750890120354,1.3478671949191148,0.4139151590872966,0.9955971658881752,1,0,0,1,0,1,0,1,1,0,0,0,1,2,0,1,0,1,0,0
-0.5110572285272252,1.4805113191695631,-0.1442141678322337,-0.011497897746499092,-0.40199490441104246,0.9955971658881752,0,1,1,0,1,0,1,0,1,0,0,1,0,1,0,2,1,2,1,0
1.185617545101357,-0.9573714327631713,-1.6716964652308612,0.6681846485863079,-0.40199490441104246,-0.9383447523158153,0,1,0,1,1,0,0,1,1,0,1,0,0,1,1,1,2,1,0,0
-0.8503921832529416,0.69690614890547,-0.9773863300496669,-0.691180444079306,-1.2179049679093814,0.9955971658881752,0,1,0,1,0,1,0,1,0,1,0,1,0,0,1,1,2,1,2,2
0.3372801582870659,0.0003682197818315326,-0.6996622759771891,-0.011497897746499092,0.4139151590872966,-0.9383447523158153,1,0,1,0,0,1,0,1,1,0,0,1,0,2,1,1,2,1,0,1
0.16761268092420772,-0.6961697093418069,0.20294089975836344,-0.011497897746499092,-1.2179049679093814,-1.9053157114178105,1,0,0,1,1,0,1,0,0,1,0,1,0,1,2,0,2,1,0,0
-0.341389751164367,1.3934440780291084,-0.5608002489409503,-0.011497897746499092,-0.40199490441104246,-0.9383447523158153,1,0,0,1,1,0,0,1,1,0,0,0,1,1,2,1,2,1,0,0
-0.17172227380150873,-0.2608335036395329,0.8972510349395577,0.6681846485863079,1.2298252225856356,0.028626206786179966,0,1,0,1,0,1,1,0,1,0,0,0,1,2,1,1,0,1,1,1
-0.17172227380150873,0.08743546092228634,-0.9773863300496669,0.6681846485863079,1.2298252225856356,1.9625681249901703,0,1,1,0,1,0,0,1,1,0,1,0,0,2,2,0,1,1,2,0
0.8462825903756406,0.34863718434365076,1.105544075493916,-1.370862990412113,-0.40199490441104246,0.9955971658881752,1,0,0,1,0,1,0,1,0,1,0,0,1,2,1,0,1,1,2,1
-2.2077320021558076,0.5227716666245603,-0.49136923542283084,-0.011497897746499092,2.861645349582314,0.9955971658881752,0,1,0,1,1,0,0,1,1,0,0,0,1,2,1,1,0,1,2,1
2.2036224092785064,-0.5220352270608973,0.8972510349395577,-0.691180444079306,0.4139151590872966,0.028626206786179966,0,1,1,0,0,1,0,1,1,0,0,1,0,1,1,1,1,1,1,0
-0.341389751164367,-0.17376626249907806,-1.4634034246765029,-0.011497897746499092,2.045735286083975,0.9955971658881752,1,0,0,1,0,1,1,0,0,1,0,1,0,2,1,0,0,2,1,1
1.185617545101357,0.69690614890547,-1.0468173435677863,-0.011497897746499092,0.4139151590872966,-0.9383447523158153,1,0,0,1,0,1,0,1,1,0,0,0,1,2,2,1,0,1,0,0
1.185617545101357,1.567578560310018,-1.1856793706040252,-0.011497897746499092,-0.40199490441104246,0.028626206786179966,1,0,0,1,1,0,0,1,1,0,0,0,1,2,2,1,2,1,2,2
-0.341389751164367,-0.5220352270608973,-1.324541397640264,-0.691180444079306,-0.40199490441104246,0.028626206786179966,0,1,1,0,1,0,0,1,1,0,0,0,1,1,1,1,1,1,1,1
1.185617545101357,1.132242354607744,-0.6302312624590697,-0.691180444079306,0.4139151590872966,0.028626206786179966,1,0,0,1,0,1,0,1,1,0,1,0,0,1,0,1,1,1,1,1
-1.0200596606158,0.5227716666245603,0.20294089975836344,2.0275497412519217,1.2298252225856356,0.9955971658881752,1,0,1,0,0,1,0,1,0,1,1,0,0,0,1,1,1,2,0,0
1.6946199771899317,-0.4349679859204425,-1.2551103841221445,-0.011497897746499092,-1.2179049679093814,-1.9053157114178105,1,0,0,1,1,0,0,1,0,1,0,1,0,2,2,2,0,1,1,0
-0.341389751164367,-0.9573714327631713,1.5221301566026326,-0.011497897746499092,0.4139151590872966,-0.9383447523158153,1,0,0,1,0,1,0,1,1,0,0,0,1,2,2,1,1,1,1,0
1.015950067738499,-1.3927076384654453,1.105544075493916,0.6681846485863079,-0.40199490441104246,0.9955971658881752,0,1,0,1,1,0,0,1,1,0,0,0,1,2,1,2,1,1,0,0
0.16761268092420772,1.132242354607744,1.105544075493916,-0.691180444079306,-0.40199490441104246,0.028626206786179966,0,1,0,1,0,1,0,1,1,0,1,0,0,0,0,0,2,1,2,0
0.16761268092420772,0.26156994320319593,-0.9773863300496669,-0.691180444079306,0.4139151590872966,0.028626206786179966,0,1,0,1,0,1,0,1,1,0,0,0,1,1,2,2,0,2,2,0
-0.002054796438650507,-1.4797748796059,1.3832681295663938,-1.370862990412113,0.4139151590872966,0.028626206786179966,0,1,0,1,0,1,0,1,1,0,0,0,1,2,2,1,2,2,1,0
0.16761268092420772,0.34863718434365076,-1.6022654517127417,-0.691180444079306,0.4139151590872966,1.9625681249901703,0,1,0,1,0,1,0,1,1,0,1,0,0,1,1,1,2,2,0,1
0.5069476356499242,-0.17376626249907806,0.3418029267946023,-0.011497897746499092,-1.2179049679093814,-0.9383447523158153,1,0,1,0,1,0,0,1,1,0,0,1,0,2,2,1,0,1,0,0
0.16761268092420772,-0.5220352270608973,0.27237191327648286,0.6681846485863079,-1.2179049679093814,0.9955971658881752,0,1,1,0,0,1,0,1,1,0,0,0,1,1,2,1,0,2,0,0
-0.002054796438650507,0.69690614890547,-1.324541397640264,-1.370862990412113,-0.40199490441104246,0.9955971658881752,1,0,0,1,1,0,0,1,1,0,0,1,0,1,1,1,0,1,0,0
1.015950067738499,1.6546458014504728,1.105544075493916,-2.05054553674492,0.4139151590872966,0.9955971658881752,1,0,0,1,0,1,0,1,1,0,0,1,0,0,2,2,2,0,2,1
-2.0380645247929494,-1.3927076384654453,0.4806649538308412,-0.011497897746499092,-1.2179049679093814,-1.9053157114178105,1,0,0,1,1,0,0,1,0,1,0,1,0,2,1,2,2,1,2,0
-0.5110572285272252,-1.044438673903626,1.3138371160482742,-0.011497897746499092,-0.40199490441104246,0.9955971658881752,1,0,1,0,1,0,0,1,1,0,0,1,0,1,1,2,2,1,1,1
-1.189727137978658,1.045175113467289,-0.352507208386592,-0.011497897746499092,2.045735286083975,0.028626206786179966,0,1,0,1,0,1,0,1,1,0,0,1,0,1,2,0,0,1,0,0
-0.6807247058900834,1.6546458014504728,-1.0468173435677863,-0.011497897746499092,0.4139151590872966,0.028626206786179966,0,1,1,0,0,1,0,1,1,0,0,1,0,1,2,1,0,2,2,1
-0.17172227380150873,0.34863718434365076,1.5221301566026326,0.6681846485863079,0.4139151590872966,-1.9053157114178105,0,1,0,1,1,0,0,1,0,1,0,1,0,1,1,2,1,1,1,0
1.015950067738499,-0.8703041916227164,0.4112339403127217,-0.691180444079306,-1.2179049679093814,0.028626206786179966,0,1,0,1,1,0,0,1,1,0,0,1,0,2,1,0,0,2,0,1
-2.547066956881524,-1.6539093618868097,0.61952698086708,1.3478671949191148,-0.40199490441104246,0.028626206786179966,0,1,0,1,1,0,0,1,1,0,0,1,0,2,1,2,1,1,1,0
1.015950067738499,0.6098389077650151,0.4112339403127217,-0.011497897746499092,-0.40199490441104246,-0.9383447523158153,0,1,0,1,0,1,0,1,1,0,1,0,0,1,1,1,2,1,0,0
-0.8503921832529416,1.132242354607744,1.452699143084513,1.3478671949191148,-0.40199490441104246,-0.9383447523158153,1,0,0,1,0,1,0,1,1,0,1,0,0,2,1,1,1,1,0,1
1.015950067738499,-1.6539093618868097,-0.7690932894953085,-0.011497897746499092,-1.2179049679093814,0.028626206786179966,0,1,1,0,1,0,0,1,1,0,1,0,0,1,1,0,1,1,2,0
0.8462825903756406,0.8710406311863795,-0.7690932894953085,-0.011497897746499092,0.4139151590872966,-0.9383447523158153,0,1,0,1,0,1,0,1,1,0,0,0,1,1,1,1,1,2,0,1
1.3552850224642152,1.132242354607744,1.0361130619757966,-0.691180444079306,-0.40199490441104246,-0.9383447523158153,1,0,0,1,0,1,0,1,0,1,0,0,1,0,2,1,0,1,0,0
0.5069476356499242,0.9581078723268344,-1.2551103841221445,-0.691180444079306,0.4139151590872966,0.028626206786179966,0,1,1,0,1,0,0,1,1,0,0,0,1,2,0,1,0,1,0,0
-0.6807247058900834,-1.2185731561845357,1.730423197156991,-0.691180444079306,-0.40199490441104246,0.028626206786179966,1,0,0,1,0,1,0,1,1,0,0,1,0,1,1,1,1,1,0,1
1.015950067738499,-1.131505915044081,-0.9079553165315475,-1.370862990412113,-1.2179049679093814,-0.9383447523158153,0,1,0,1,0,1,0,1,1,0,1,0,0,0,1,2,1,1,0,1
-1.189727137978658,-0.6961697093418069,1.244406102530155,-0.691180444079306,-0.40199490441104246,0.028626206786179966,0,1,0,1,1,0,0,1,1,0,1,0,0,0,1,0,0,1,0,0
-0.002054796438650507,0.26156994320319593,1.730423197156991,-0.011497897746499092,2.045735286083975,0.028626206786179966,0,1,0,1,1,0,0,1,1,0,1,0,0,0,1,1,0,1,1,0
-0.17172227380150873,0.7839733900459247,0.8972510349395577,-0.691180444079306,-0.40199490441104246,-0.9383447523158153,1,0,0,1,0,1,0,1,1,0,0,0,1,1,1,0,1,2,0,0
-0.17172227380150873,-0.2608335036395329,1.0361130619757966,-1.370862990412113,-0.40199490441104246,0.028626206786179966,1,0,1,0,1,0,0,1,1,0,0,1,0,0,1,0,0,2,1,0
-2.0380645247929494,-0.7832369504822617,1.5221301566026326,0.6681846485863079,1.2298252225856356,-1.9053157114178105,1,0,1,0,0,1,0,1,0,1,0,1,0,2,1,1,1,1,0,0
-0.002054796438650507,-0.9573714327631713,0.4112339403127217,0.6681846485863079,0.4139151590872966,0.9955971658881752,0,1,0,1,0,1,0,1,1,0,0,0,1,1,1,2,1,1,0,0
-1.189727137978658,-0.7832369504822617,-0.1442141678322337,1.3478671949191148,-0.40199490441104246,0.028626206786179966,0,1,1,0,1,0,0,1,1,0,0,1,0,0,0,0,2,2,0,1
-1.0200596606158,1.567578560310018,1.591561170120752,-0.011497897746499092,-1.2179049679093814,0.028626206786179966,0,1,0,1,1,0,1,0,1,0,0,0,1,0,1,1,1,2,0,0
0.5069476356499242,1.6546458014504728,-0.9773863300496669,0.6681846485863079,0.4139151590872966,0.028626206786179966,1,0,1,0,1,0,0,1,0,1,0,0,1,0,1,0,2,2,0,0
0.6766151130127824,-0.7832369504822617,-0.6996622759771891,0.6681846485863079,-0.40199490441104246,-0.9383447523158153,0,1,1,0,1,0,0,1,1,0,1,0,0,2,1,1,0,1,0,0
1.3552850224642152,0.6098389077650151,1.3832681295663938,0.6681846485863079,0.4139151590872966,0.028626206786179966,1,0,1,0,1,0,0,1,1,0,0,0,1,1,1,1,1,0,2,0
-0.002054796438650507,1.6546458014504728,0.3418029267946023,-0.011497897746499092,-1.2179049679093814,0.028626206786179966,0,1,0,1,1,0,0,1,1,0,1,0,0,0,1,2,1,2,2,0
1.8642874545527899,0.7839733900459247,-0.352507208386592,-0.011497897746499092,0.4139151590872966,-0.9383447523158153,1,0,0,1,1,0,0,1,1,0,0,0,1,1,1,1,0,2,0,1
0.5069476356499242,1.2193095957481987,0.61952698086708,-0.691180444079306,-1.2179049679093814,0.028626206786179966,0,1,0,1,0,1,0,1,1,0,0,1,0,2,1,2,0,2,2,0
0.6766151130127824,-0.609102468201352,-0.352507208386592,-0.011497897746499092,-1.2179049679093814,0.028626206786179966,1,0,0,1,0,1,0,1,1,0,1,0,0,2,1,1,2,1,2,0
0.16761268092420772,-1.6539093618868097,1.244406102530155,-0.691180444079306,1.2298252225856356,0.028626206786179966,1,0,1,0,0,1,0,1,1,0,0,1,0,1,1,0,1,2,0,0
-0.8503921832529416,0.5227716666245603,-1.0468173435677863,-0.011497897746499092,0.4139151590872966,0.028626206786179966,0,1,0,1,1,0,0,1,1,0,0,0,1,0,2,1,1,1,1,0
1.015950067738499,0.34863718434365076,0.06407887272212458,0.6681846485863079,2.861645349582314,-0.9383447523158153,0,1,0,1,1,0,0,1,1,0,0,1,0,1,1,1,1,2,0,1
0.16761268092420772,-1.3056403973249906,1.591561170120752,-1.370862990412113,0.4139151590872966,0.9955971658881752,0,1,1,0,0,1,1,0,1,0,0,0,1,1,0,2,0,1,2,0
0.3372801582870659,-0.7832369504822617,-1.2551103841221445,0.6681846485863079,-0.40199490441104246,0.9955971658881752,0,1,0,1,0,1,0,1,1,0,1,0,0,1,0,1,0,2,0,1
0.16761268092420772,0.9581078723268344,1.730423197156991,-0.691180444079306,-1.2179049679093814,-0.9383447523158153,1,0,1,0,1,0,0,1,1,0,0,1,0,2,1,1,2,1,2,0
-0.8503921832529416,-0.5220352270608973,-0.21364518135035315,-0.691180444079306,0.4139151590872966,0.028626206786179966,0,1,0,1,1,0,0,1,1,0,0,0,1,2,0,0,0,1,0,0
-1.0200596606158,1.6546458014504728,-0.07478315431411428,-0.691180444079306,0.4139151590872966,0.028626206786179966,0,1,0,1,0,1,0,1,1,0,0,1,0,2,1,1,1,1,1,0
-1.189727137978658,-0.08669902135862327,-0.352507208386592,-0.011497897746499092,2.045735286083975,0.028626206786179966,1,0,0,1,1,0,0,1,0,1,0,0,1,1,2,2,0,1,0,0
-0.17172227380150873,-0.08669902135862327,1.0361130619757966,-0.011497897746499092,-0.40199490441104246,0.9955971658881752,1,0,0,1,0,1,0,1,1,0,1,0,0,1,2,1,2,1,1,2
-0.002054796438650507,1.4805113191695631,0.4112339403127217,-2.05054553674492,-0.40199490441104246,-0.9383447523158153,0,1,0,1,0,1,0,1,0,1,0,0,1,2,2,1,1,1,0,0
0.3372801582870659,1.567578560310018,-1.1856793706040252,-0.011497897746499092,-1.2179049679093814,0.028626206786179966,0,1,1,0,1,0,0,1,1,0,0,1,0,1,1,1,1,1,0,0
0.6766151130127824,1.3063768368886535,0.133509886240244,0.6681846485863079,-0.40199490441104246,0.028626206786179966,0,1,0,1,0,1,0,1,0,1,0,0,1,1,2,0,0,1,0,0
0.6766151130127824,-0.4349679859204425,0.6889579943851994,0.6681846485863079,-0.40199490441104246,-0.9383447523158153,0,1,0,1,1,0,0,1,0,1,0,0,1,1,0,1,0,1,2,0
-1.5290620927043745,-0.08669902135862327,0.4112339403127217,-0.011497897746499092,-0.40199490441104246,-0.9383447523158153,0,1,0,1,0,1,0,1,1,0,0,1,0,1,1,1,2,1,0,1
1.5249524998270736,-0.17376626249907806,1.6609921836388715,-1.370862990412113,-1.2179049679093814,-1.9053157114178105,1,0,0,1,1,0,0,1,1,0,1,0,0,1,1,2,2,1,0,1
-0.341389751164367,-1.044438673903626,0.4806649538308412,-0.691180444079306,-1.2179049679093814,0.028626206786179966,0,1,0,1,1,0,0,1,1,0,0,0,1,2,2,0,1,2,0,0
-0.6807247058900834,-0.08669902135862327,1.3832681295663938,-0.691180444079306,-1.2179049679093814,1.9625681249901703,0,1,0,1,0,1,0,1,1,0,0,1,0,2,0,1,2,1,1,0
-0.8503921832529416,-0.17376626249907806,0.9666820484576771,2.0275497412519217,-1.2179049679093814,0.028626206786179966,0,1,0,1,0,1,0,1,1,0,0,1,0,2,2,0,1,1,0,0
1.185617545101357,-1.044438673903626,1.3832681295663938,-0.011497897746499092,-1.2179049679093814,0.9955971658881752,0,1,0,1,0,1,0,1,1,0,0,0,1,1,1,0,1,1,0,0
-0.341389751164367,-1.566842120746355,0.9666820484576771,-0.691180444079306,-1.2179049679093814,0.028626206786179966,1,0,1,0,0,1,0,1,1,0,0,0,1,1,2,1,2,2,2,0
-0.17172227380150873,-1.4797748796059,1.3138371160482742,-0.011497897746499092,-0.40199490441104246,0.028626206786179966,0,1,1,0,1,0,0,1,1,0,0,0,1,0,2,1,1,1,0,1
-0.8503921832529416,1.3934440780291084,-0.1442141678322337,0.6681846485863079,1.2298252225856356,0.028626206786179966,1,0,1,0,0,1,0,1,1,0,1,0,0,2,2,1,1,1,1,0
1.3552850224642152,-0.9573714327631713,0.8972510349395577,-0.011497897746499092,0.4139151590872966,-0.9383447523158153,0,1,0,1,1,0,0,1,1,0,0,1,0,2,2,0,0,1,0,1
1.6946199771899317,-1.4797748796059,1.452699143084513,0.6681846485863079,2.045735286083975,0.028626206786179966,1,0,1,0,0,1,0,1,1,0,0,0,1,1,2,1,0,1,2,0
-0.6807247058900834,1.6546458014504728,-1.2551103841221445,1.3478671949191148,2.045735286083975,0.028626206786179966,1,0,0,1,1,0,1,0,1,0,0,0,1,2,1,2,1,1,1,0
-0.5110572285272252,-0.5220352270608973,-0.7690932894953085,1.3478671949191148,0.4139151590872966,0.028626206786179966,0,1,0,1,1,0,0,1,1,0,0,1,0,1,0,1,1,1,0,0
-0.5110572285272252,1.4805113191695631,0.8278200214214383,-0.691180444079306,0.4139151590872966,-0.9383447523158153,0,1,1,0,0,1,0,1,1,0,0,1,0,1,2,0,0,2,0,0
-0.002054796438650507,-1.131505915044081,-0.5608002489409503,-0.691180444079306,-0.40199490441104246,-0.9383447523158153,1,0,0,1,1,0,0,1,0,1,0,0,1,2,2,2,1,2,1,0
1.015950067738499,-0.4349679859204425,1.5221301566026326,0.6681846485863079,-0.40199490441104246,0.9955971658881752,0,1,0,1,1,0,0,1,1,0,0,1,0,2,2,1,0,1,0,2
-1.3593946153415164,-0.4349679859204425,-1.4634034246765029,0.6681846485863079,-0.40199490441104246,0.028626206786179966,1,0,0,1,1,0,0,1,1,0,1,0,0,1,2,0,1,2,0,0
-0.5110572285272252,-0.2608335036395329,1.452699143084513,-0.011497897746499092,-0.40199490441104246,0.028626206786179966,0,1,1,0,0,1,0,1,1,0,0,0,1,2,1,1,0,0,1,0
1.5249524998270736,1.6546458014504728,-1.3939724111583836,-0.011497897746499092,-1.2179049679093814,0.028626206786179966,0,1,1,0,0,1,0,1,1,0,0,0,1,1,1,0,1,1,0,1
1.6946199771899317,1.132242354607744,-1.5328344381946224,-0.011497897746499092,1.2298252225856356,-0.9383447523158153,1,0,1,0,0,1,0,1,1,0,1,0,0,2,2,1,0,1,2,1
-0.8503921832529416,0.43570442548410554,-0.9773863300496669,-2.05054553674492,-1.2179049679093814,-1.9053157114178105,0,1,0,1,0,1,0,1,1,0,0,1,0,1,1,1,1,0,1,0
-1.0200596606158,-1.7409766030272644,-0.5608002489409503,1.3478671949191148,1.2298252225856356,0.028626206786179966,1,0,0,1,0,1,0,1,1,0,0,0,1,0,0,0,2,2,0,0
-1.868397047430091,0.0003682197818315326,1.105544075493916,-0.011497897746499092,-0.40199490441104246,0.028626206786179966,1,0,0,1,1,0,0,1,1,0,0,1,0,1,2,0,1,1,1,0
-0.6807247058900834,-0.17376626249907806,-1.2551103841221445,0.6681846485863079,-0.40199490441104246,0.028626206786179966,0,1,0,1,0,1,0,1,1,0,1,0,0,2,0,2,1,1,1,0
-1.5290620927043745,1.6546458014504728,-1.6022654517127417,-0.011497897746499092,-1.2179049679093814,1.9625681249901703,1,0,1,0,0,1,0,1,1,0,0,1,0,2,1,1,2,2,1,0
-0.002054796438650507,0.7839733900459247,-0.2830761948684726,0.6681846485863079,-0.40199490441104246,-1.9053157114178105,0,1,0,1,0,1,0,1,1,0,1,0,0,2,1,1,1,1,2,2
2.2036224092785064,0.5227716666245603,-0.4219382219047114,1.3478671949191148,-1.2179049679093814,0.028626206786179966,1,0,0,1,1,0,1,0,1,0,0,1,0,1,1,1,1,1,1,0
0.16761268092420772,0.5227716666245603,-1.324541397640264,-0.691180444079306,-0.40199490441104246,-0.9383447523158153,1,0,1,0,1,0,0,1,1,0,1,0,0,1,0,1,0,2,1,0
0.8462825903756406,-1.131505915044081,1.591561170120752,2.0275497412519217,-1.2179049679093814,-0.9383447523158153,0,1,0,1,0,1,0,1,1,0,0,0,1,1,1,2,2,1,0,0
-0.8503921832529416,0.26156994320319593,-1.2551103841221445,-0.011497897746499092,-1.2179049679093814,0.028626206786179966,0,1,1,0,0,1,0,1,1,0,0,0,1,1,1,0,1,1,2,0
-0.17172227380150873,-0.08669902135862327,-0.49136923542283084,-0.011497897746499092,0.4139151590872966,-1.9053157114178105,1,0,0,1,0,1,0,1,1,0,1,0,0,2,1,1,2,2,1,0
-1.0200596606158,-1.3056403973249906,0.4806649538308412,-0.011497897746499092,-0.40199490441104246,0.028626206786179966,0,1,0,1,1,0,0,1,1,0,1,0,0,0,2,0,0,0,0,0
-0.5110572285272252,-1.044438673903626,-1.2551103841221445,2.0275497412519217,-0.40199490441104246,-1.9053157114178105,1,0,1,0,0,1,0,1,0,1,0,0,1,1,1,1,2,1,0,1
-0.6807247058900834,-1.566842120746355,0.9666820484576771,-0.011497897746499092,-1.2179049679093814,0.028626206786179966,1,0,0,1,1,0,0,1,1,0,0,1,0,0,0,2,1,1,0,2
-0.6807247058900834,0.5227716666245603,1.3138371160482742,-1.370862990412113,-1.2179049679093814,-0.9383447523158153,0,1,0,1,0,1,0,1,1,0,1,0,0,2,1,2,1,1,0,0
0.16761268092420772,1.132242354607744,-0.352507208386592,1.3478671949191148,-1.2179049679093814,-1.9053157114178105,1,0,0,1,1,0,0,1,1,0,0,1,0,0,1,1,1,2,2,2
3.0519597960927975,0.17450270206274113,1.5221301566026326,-0.691180444079306,0.4139151590872966,0.028626206786179966,0,1,1,0,1,0,0,1,1,0,1,0,0,1,0,0,0,1,1,0
0.3372801582870659,-0.9573714327631713,0.7583890079033189,-0.011497897746499092,-0.40199490441104246,0.9955971658881752,1,0,0,1,1,0,0,1,0,1,0,0,1,2,2,0,2,1,0,1
0.5069476356499242,1.4805113191695631,0.4112339403127217,-0.011497897746499092,0.4139151590872966,0.028626206786179966,0,1,0,1,0,1,0,1,1,0,0,1,0,0,2,0,1,2,0,0
-1.0200596606158,0.34863718434365076,1.452699143084513,-0.691180444079306,0.4139151590872966,-0.9383447523158153,0,1,1,0,0,1,1,0,1,0,0,1,0,1,1,1,0,1,2,2
-0.8503921832529416,-0.7832369504822617,-1.0468173435677863,0.6681846485863079,2.861645349582314,0.9955971658881752,1,0,0,1,1,0,1,0,1,0,0,0,1,0,1,2,0,2,0,2
-0.8503921832529416,0.43570442548410554,-1.1856793706040252,0.6681846485863079,-0.40199490441104246,0.028626206786179966,0,1,1,0,1,0,0,1,1,0,1,0,0,1,1,2,0,1,1,0
-1.868397047430091,1.2193095957481987,-0.6302312624590697,-0.691180444079306,-1.2179049679093814,0.028626206786179966,0,1,0,1,1,0,0,1,1,0,0,0,1,2,0,0,0,2,1,0
0.6766151130127824,-1.3056403973249906,1.1749750890120354,2.0275497412519217,1.2298252225856356,0.9955971658881752,0,1,0,1,0,1,0,1,1,0,0,1,0,1,1,0,1,2,0,0
1.8642874545527899,-0.6961697093418069,1.591561170120752,0.6681846485863079,-1.2179049679093814,0.9955971658881752,0,1,0,1,1,0,0,1,1,0,0,1,0,1,1,2,0,1,1,2
1.6946199771899317,-1.131505915044081,0.3418029267946023,-0.691180444079306,-1.2179049679093814,0.9955971658881752,0,1,0,1,0,1,0,1,1,0,0,1,0,1,2,2,0,1,0,1
0.6766151130127824,-0.609102468201352,-1.7411274787489806,-1.370862990412113,-0.40199490441104246,-0.9383447523158153,0,1,0,1,0,1,0,1,1,0,1,0,0,1,1,0,0,1,0,0
-0.6807247058900834,-1.3056403973249906,1.5221301566026326,0.6681846485863079,0.4139151590872966,0.9955971658881752,1,0,0,1,0,1,0,1,0,1,1,0,0,2,0,2,0,1,0,0
-0.6807247058900834,-0.34790074477998767,1.3832681295663938,-0.011497897746499092,0.4139151590872966,0.028626206786179966,1,0,0,1,0,1,0,1,1,0,1,0,0,1,1,0,1,1,0,0
-1.3593946153415164,0.0003682197818315326,-0.21364518135035315,-1.370862990412113,-0.40199490441104246,0.9955971658881752,1,0,1,0,1,0,0,1,0,1,0,0,1,2,1,1,2,1,0,0
-1.0200596606158,0.9581078723268344,1.591561170120752,-1.370862990412113,-1.2179049679093814,0.028626206786179966,1,0,0,1,1,0,0,1,1,0,0,1,0,0,1,2,2,2,0,0
-0.6807247058900834,-0.9573714327631713,-1.4634034246765029,-2.05054553674492,2.045735286083975,0.9955971658881752,1,0,0,1,0,1,0,1,1,0,0,0,1,1,2,1,0,0,1,0
-0.5110572285272252,-1.044438673903626,-0.6302312624590697,-1.370862990412113,-0.40199490441104246,0.9955971658881752,0,1,0,1,0,1,0,1,1,0,1,0,0,1,2,1,2,1,0,0
-0.8503921832529416,-0.9573714327631713,-0.9079553165315475,1.3478671949191148,0.4139151590872966,0.028626206786179966,0,1,0,1,0,1,0,1,1,0,0,1,0,0,1,0,1,2,0,1
0.8462825903756406,1.3934440780291084,1.591561170120752,-0.011497897746499092,-1.2179049679093814,-0.9383447523158153,1,0,0,1,1,0,0,1,1,0,0,0,1,0,1,1,0,1,0,0
0.3372801582870659,1.567578560310018,-0.1442141678322337,2.0275497412519217,-0.40199490441104246,0.9955971658881752,1,0,0,1,1,0,0,1,0,1,1,0,0,1,0,1,0,0,1,0
-0.17172227380150873,-1.131505915044081,-1.7411274787489806,2.0275497412519217,-1.2179049679093814,0.028626206786179966,0,1,0,1,1,0,0,1,1,0,0,0,1,1,0,1,2,1,0,0
1.5249524998270736,-0.9573714327631713,-1.1856793706040252,-0.011497897746499092,-0.40199490441104246,-0.9383447523158153,0,1,0,1,0,1,0,1,1,0,0,0,1,1,1,1,0,0,1,0
-1.868397047430091,0.8710406311863795,-0.6996622759771891,0.6681846485863079,-1.2179049679093814,1.9625681249901703,0,1,1,0,0,1,0,1,1,0,0,1,0,1,1,1,1,1,0,2
-0.002054796438650507,-1.3056403973249906,1.5221301566026326,-0.691180444079306,-1.2179049679093814,0.028626206786179966,1,0,1,0,0,1,0,1,1,0,1,0,0,2,2,1,0,0,0,1
2.0339549319156482,0.6098389077650151,-1.3939724111583836,-0.691180444079306,-1.2179049679093814,0.028626206786179966,0,1,0,1,0,1,0,1,1,0,0,1,0,1,2,1,0,2,0,0
-1.0200596606158,-0.17376626249907806,0.6889579943851994,0.6681846485863079,0.4139151590872966,0.9955971658881752,0,1,1,0,0,1,0,1,1,0,1,0,0,1,2,1,0,1,0,0
-0.17172227380150873,1.7417130425909275,-0.6302312624590697,1.3478671949191148,-0.40199490441104246,0.9955971658881752,0,1,0,1,0,1,0,1,0,1,1,0,0,1,0,2,2,1,2,1
0.3372801582870659,0.26156994320319593,-0.1442141678322337,-1.370862990412113,-1.2179049679093814,0.028626206786179966,0,1,0,1,0,1,1,0,1,0,0,0,1,1,1,2,0,1,0,0
1.015950067738499,-1.6539093618868097,1.3832681295663938,1.3478671949191148,-1.2179049679093814,2.929539084092166,0,1,1,0,0,1,0,1,1,0,1,0,0,2,1,1,1,1,1,0
-0.17172227380150873,-1.2185731561845357,1.6609921836388715,1.3478671949191148,-0.40199490441104246,0.028626206786179966,0,1,0,1,1,0,0,1,1,0,0,0,1,2,0,1,1,1,1,0
-0.5110572285272252,1.3934440780291084,1.244406102530155,1.3478671949191148,1.2298252225856356,-0.9383447523158153,0,1,1,0,1,0,0,1,1,0,0,1,0,1,1,0,1,1,0,2
0.3372801582870659,1.132242354607744,-0.5608002489409503,-0.691180444079306,-1.2179049679093814,0.028626206786179966,1,0,0,1,1,0,0,1,1,0,0,1,0,0,1,1,1,1,1,0
0.6766151130127824,0.43570442548410554,0.9666820484576771,1.3478671949191148,-0.40199490441104246,-0.9383447523158153,0,1,0,1,0,1,0,1,1,0,0,0,1,2,0,1,0,1,2,1
1.3552850224642152,1.567578560310018,0.7583890079033189,-0.011497897746499092,0.4139151590872966,-0.9383447523158153,1,0,1,0,0,1,0,1,1,0,0,1,0,2,1,1,1,2,0,0
1.6946199771899317,1.4805113191695631,-0.21364518135035315,-0.691180444079306,-0.40199490441104246,-0.9383447523158153,1,0,0,1,0,1,0,1,1,0,0,0,1,2,1,2,0,2,0,2
1.3552850224642152,-0.17376626249907806,1.1749750890120354,-0.011497897746499092,-0.40199490441104246,0.028626206786179966,1,0,0,1,1,0,0,1,1,0,0,0,1,1,2,0,1,2,2,1
-2.0380645247929494,-0.7832369504822617,-1.3939724111583836,0.6681846485863079,-0.40199490441104246,-0.9383447523158153,0,1,0,1,1,0,0,1,1,0,0,0,1,2,1,2,0,2,1,1
-0.5110572285272252,-1.044438673903626,1.6609921836388715,-0.011497897746499092,-0.40199490441104246,-1.9053157114178105,0,1,1,0,1,0,0,1,1,0,0,1,0,1,1,1,1,0,2,0
0.3372801582870659,-1.131505915044081,-1.1856793706040252,2.0275497412519217,0.4139151590872966,0.028626206786179966,0,1,0,1,1,0,0,1,1,0,0,1,0,2,2,1,2,0,2,0
0.5069476356499242,1.045175113467289,1.244406102530155,-2.05054553674492,-1.2179049679093814,0.9955971658881752,1,0,0,1,0,1,0,1,1,0,1,0,0,2,1,2,2,1,0,0
0.3372801582870659,0.43570442548410554,0.27237191327648286,-2.05054553674492,-0.40199490441104246,0.028626206786179966,1,0,0,1,0,1,0,1,1,0,0,0,1,1,1,0,0,0,0,0
-0.8503921832529416,-1.044438673903626,1.3138371160482742,-0.691180444079306,-1.2179049679093814,1.9625681249901703,1,0,0,1,0,1,0,1,1,0,0,1,0,0,1,0,1,2,2,0
0.16761268092420772,0.9581078723268344,-0.6302312624590697,-1.370862990412113,-0.40199490441104246,0.028626206786179966,1,0,0,1,1,0,0,1,1,0,0,0,1,1,1,0,2,1,1,0
1.6946199771899317,-0.9573714327631713,-0.6302312624590697,-0.011497897746499092,-1.2179049679093814,0.9955971658881752,1,0,0,1,0,1,0,1,1,0,0,0,1,1,1,1,1,0,2,0
-1.189727137978658,0.43570442548410554,1.452699143084513,-0.691180444079306,-0.40199490441104246,1.9625681249901703,0,1,0,1,1,0,0,1,1,0,0,0,1,0,1,0,0,2,2,2
0.6766151130127824,0.08743546092228634,-0.4219382219047114,-0.011497897746499092,1.2298252225856356,0.028626206786179966,0,1,0,1,0,1,0,1,1,0,1,0,0,0,2,1,0,1,1,0
-0.002054796438650507,-0.2608335036395329,0.8278200214214383,-0.691180444079306,-1.2179049679093814,0.9955971658881752,1,0,0,1,1,0,0,1,1,0,0,0,1,1,1,0,0,2,0,0
0.3372801582870659,-0.08669902135862327,1.452699143084513,-0.691180444079306,-0.40199490441104246,-0.9383447523158153,0,1,0,1,0,1,0,1,1,0,0,1,0,0,2,1,2,1,1,1
-0.002054796438650507,0.08743546092228634,-0.9773863300496669,-0.691180444079306,-1.2179049679093814,0.9955971658881752,1,0,0,1,0,1,1,0,0,1,0,0,1,0,1,0,0,1,0,0
0.3372801582870659,-1.131505915044081,-0.5608002489409503,-0.691180444079306,-0.40199490441104246,-1.9053157114178105,0,1,1,0,0,1,0,1,1,0,0,1,0,1,2,2,0,1,1,0
0.16761268092420772,1.567578560310018,0.8972510349395577,-0.691180444079306,-0.40199490441104246,0.028626206786179966,0,1,0,1,1,0,0,1,1,0,0,1,0,0,1,1,1,0,2,0
2.2036224092785064,-0.7832369504822617,-1.0468173435677863,1.3478671949191148,-1.2179049679093814,0.9955971658881752,0,1,0,1,0,1,0,1,0,1,0,0,1,1,0,1,1,1,0,0
0.16761268092420772,1.6546458014504728,-0.6996622759771891,-0.691180444079306,-0.40199490441104246,-0.9383447523158153,1,0,1,0,0,1,0,1,1,0,0,0,1,2,1,0,1,1,1,2
-1.189727137978658,0.7839733900459247,-1.1162483570859056,0.6681846485863079,-1.2179049679093814,-0.9383447523158153,0,1,0,1,1,0,0,1,1,0,0,1,0,2,2,0,0,2,2,1
-0.341389751164367,1.3063768368886535,1.452699143084513,1.3478671949191148,2.045735286083975,0.9955971658881752,1,0,0,1,0,1,0,1,1,0,1,0,0,1,1,0,1,1,1,0
1.185617545101357,-1.4797748796059,1.591561170120752,-0.691180444079306,-1.2179049679093814,0.028626206786179966,1,0,1,0,1,0,0,1,1,0,1,0,0,1,2,0,1,1,0,0
0.16761268092420772,0.9581078723268344,-0.6302312624590697,-0.691180444079306,-1.2179049679093814,-0.9383447523158153,1,0,0,1,0,1,0,1,0,1,0,0,1,1,1,2,1,1,1,2
1.015950067738499,0.7839733900459247,-0.21364518135035315,-0.691180444079306,-0.40199490441104246,0.028626206786179966,1,0,0,1,1,0,0,1,0,1,0,1,0,1,1,2,0,1,1,0
0.3372801582870659,1.045175113467289,0.4806649538308412,0.6681846485863079,0.4139151590872966,1.9625681249901703,0,1,1,0,1,0,0,1,1,0,0,1,0,2,0,1,1,1,2,0
1.3552850224642152,-0.9573714327631713,0.4806649538308412,2.0275497412519217,-1.2179049679093814,-0.9383447523158153,1,0,1,0,1,0,0,1,1,0,0,1,0,1,1,2,1,1,0,0
-0.17172227380150873,-1.6539093618868097,-0.9079553165315475,-0.691180444079306,-0.40199490441104246,-0.9383447523158153,1,0,0,1,0,1,0,1,1,0,0,1,0,1,2,2,2,1,2,1
0.16761268092420772,-1.3927076384654453,-0.1442141678322337,-0.011497897746499092,0.4139151590872966,-0.9383447523158153,1,0,0,1,1,0,0,1,0,1,1,0,0,1,0,2,0,1,1,2
-0.002054796438650507,-1.044438673903626,1.591561170120752,-0.691180444079306,-1.2179049679093814,0.9955971658881752,1,0,0,1,1,0,0,1,1,0,1,0,0,0,1,2,0,2,0,0
-0.002054796438650507,1.6546458014504728,1.105544075493916,-0.691180444079306,0.4139151590872966,0.9955971658881752,0,1,0,1,1,0,0,1,1,0,1,0,0,0,1,1,1,0,0,0
-0.341389751164367,0.17450270206274113,-1.0468173435677863,-0.691180444079306,2.861645349582314,0.028626206786179966,0,1,0,1,1,0,0,1,1,0,1,0,0,2,2,1,1,2,1,0
0.16761268092420772,1.567578560310018,-1.2551103841221445,-2.05054553674492,0.4139151590872966,-0.9383447523158153,1,0,0,1,1,0,0,1,1,0,0,1,0,1,0,1,2,0,0,0
1.3552850224642152,0.7839733900459247,1.0361130619757966,-2.05054553674492,1.2298252225856356,-0.9383447523158153,1,0,0,1,0,1,0,1,0,1,0,0,1,2,0,2,0,2,2,1
-1.5290620927043745,-1.6539093618868097,1.591561170120752,1.3478671949191148,-1.2179049679093814,-0.9383447523158153,0,1,0,1,0,1,0,1,1,0,1,0,0,1,1,2,1,2,0,1
-0.002054796438650507,0.8710406311863795,-0.352507208386592,0.6681846485863079,-1.2179049679093814,0.028626206786179966,1,0,1,0,1,0,0,1,1,0,0,1,0,2,1,1,1,1,0,1
-1.868397047430091,-0.2608335036395329,0.3418029267946023,-0.011497897746499092,1.2298252225856356,0.028626206786179966,0,1,0,1,1,0,0,1,0,1,0,0,1,0,0,1,1,1,0,0
-1.189727137978658,-1.131505915044081,1.0361130619757966,0.6681846485863079,0.4139151590872966,-0.9383447523158153,0,1,1,0,0,1,0,1,1,0,1,0,0,0,1,1,0,1,0,0
-0.002054796438650507,1.3063768368886535,-0.9079553165315475,-0.011497897746499092,0.4139151590872966,0.9955971658881752,0,1,0,1,0,1,0,1,1,0,0,1,0,1,0,0,0,1,1,1
-0.002054796438650507,0.7839733900459247,1.3832681295663938,-0.011497897746499092,1.2298252225856356,-0.9383447523158153,0,1,1,0,0,1,0,1,1,0,0,1,0,0,1,0,0,1,0,0
-0.5110572285272252,-0.34790074477998767,-0.1442141678322337,-0.691180444079306,1.2298252225856356,0.028626206786179966,0,1,1,0,1,0,0,1,1,0,0,1,0,1,1,1,0,2,2,0
-0.17172227380150873,-1.2185731561845357,-1.1162483570859056,-0.011497897746499092,-0.40199490441104246,0.028626206786179966,0,1,0,1,1,0,0,1,1,0,1,0,0,1,2,1,2,1,0,2
1.185617545101357,0.7839733900459247,-0.6996622759771891,-0.011497897746499092,-0.40199490441104246,0.028626206786179966,1,0,0,1,1,0,0,1,1,0,0,1,0,1,1,1,1,1,0,0
-0.6807247058900834,1.132242354607744,-1.1856793706040252,0.6681846485863079,-0.40199490441104246,0.9955971658881752,1,0,0,1,0,1,0,1,1,0,0,0,1,1,1,1,2,2,1,0
-1.0200596606158,-1.566842120746355,1.730423197156991,-2.05054553674492,-0.40199490441104246,0.028626206786179966,0,1,0,1,1,0,0,1,1,0,0,1,0,2,1,0,0,1,0,0
0.3372801582870659,-0.4349679859204425,0.61952698086708,0.6681846485863079,1.2298252225856356,0.028626206786179966,0,1,0,1,0,1,0,1,1,0,1,0,0,2,1,0,2,1,1,0
-0.8503921832529416,1.6546458014504728,-0.005352140795994853,-1.370862990412113,0.4139151590872966,-1.9053157114178105,0,1,0,1,0,1,0,1,1,0,0,1,0,0,1,0,1,0,1,1
1.185617545101357,0.43570442548410554,-0.8385243030134281,-0.691180444079306,-0.40199490441104246,-0.9383447523158153,0,1,0,1,1,0,0,1,1,0,1,0,0,0,2,0,0,1,1,0
-0.8503921832529416,-1.131505915044081,-1.7411274787489806,-2.05054553674492,-1.2179049679093814,-1.9053157114178105,0,1,0,1,0,1,0,1,1,0,0,0,1,2,2,0,1,1,1,0
-0.002054796438650507,0.17450270206274113,0.27237191327648286,0.6681846485863079,-0.40199490441104246,0.9955971658881752,0,1,0,1,0,1,0,1,1,0,0,0,1,1,1,0,0,1,0,0
-0.002054796438650507,-1.566842120746355,1.3138371160482742,-1.370862990412113,1.2298252225856356,0.028626206786179966,0,1,0,1,0,1,0,1,1,0,0,1,0,0,1,2,1,1,2,0
-0.17172227380150873,0.0003682197818315326,-1.4634034246765029,1.3478671949191148,-1.2179049679093814,-0.9383447523158153,0,1,0,1,0,1,0,1,1,0,1,0,0,2,1,1,0,1,2,1
0.5069476356499242,1.132242354607744,0.8278200214214383,-0.691180444079306,0.4139151590872966,0.028626206786179966,0,1,1,0,1,0,0,1,1,0,0,1,0,1,0,1,1,1,0,1
0.5069476356499242,-1.3056403973249906,-1.1856793706040252,-0.011497897746499092,-0.40199490441104246,0.028626206786179966,1,0,0,1,0,1,0,1,0,1,0,1,0,1,2,0,0,1,1,1
-0.002054796438650507,1.6546458014504728,-0.49136923542283084,1.3478671949191148,-0.40199490441104246,0.028626206786179966,0,1,0,1,1,0,0,1,1,0,0,0,1,1,0,0,0,2,2,2
-0.8503921832529416,1.132242354607744,0.7583890079033189,-1.370862990412113,-1.2179049679093814,-0.9383447523158153,0,1,0,1,1,0,0,1,1,0,0,1,0,1,1,1,0,1,1,2
-0.002054796438650507,1.045175113467289,0.4806649538308412,-2.05054553674492,-1.2179049679093814,0.9955971658881752,0,1,0,1,0,1,0,1,1,0,0,1,0,1,2,2,1,1,2,0
-0.6807247058900834,0.26156994320319593,-0.8385243030134281,-0.011497897746499092,-1.2179049679093814,0.028626206786179966,1,0,0,1,0,1,0,1,1,0,0,1,0,2,1,1,1,1,2,0
-1.0200596606158,0.8710406311863795,-1.0468173435677863,-0.011497897746499092,0.4139151590872966,0.9955971658881752,0,1,0,1,0,1,0,1,1,0,0,1,0,1,2,1,1,1,2,0
0.16761268092420772,1.567578560310018,-0.352507208386592,1.3478671949191148,-1.2179049679093814,-1.9053157114178105,0,1,0,1,0,1,0,1,1,0,0,0,1,1,2,1,0,2,1,0
0.6766151130127824,0.7839733900459247,1.6609921836388715,-2.05054553674492,-0.40199490441104246,0.028626206786179966,0,1,1,0,1,0,0,1,1,0,0,0,1,1,0,2,2,2,2,0
-0.5110572285272252,0.17450270206274113,-0.6996622759771891,-0.691180444079306,2.045735286083975,0.028626206786179966,1,0,1,0,1,0,0,1,1,0,0,0,1,1,2,0,0,1,0,1
0.8462825903756406,-0.4349679859204425,0.4806649538308412,-0.011497897746499092,1.2298252225856356,0.9955971658881752,0,1,1,0,0,1,0,1,1,0,1,0,0,0,0,1,1,2,2,0
-0.17172227380150873,-0.7832369504822617,1.452699143084513,-1.370862990412113,0.4139151590872966,-2.872286670519806,1,0,1,0,1,0,0,1,0,1,0,1,0,2,2,2,0,1,1,0
0.16761268092420772,-0.2608335036395329,-1.2551103841221445,-0.691180444079306,2.045735286083975,1.9625681249901703,0,1,0,1,0,1,0,1,1,0,1,0,0,1,0,1,0,1,0,2
-1.5290620927043745,-1.4797748796059,0.6889579943851994,-1.370862990412113,-1.2179049679093814,0.9955971658881752,1,0,0,1,0,1,1,0,0,1,0,0,1,2,2,2,0,2,0,1
-0.6807247058900834,1.6546458014504728,0.5500959673489606,-1.370862990412113,-1.2179049679093814,0.9955971658881752,1,0,1,0,0,1,0,1,1,0,0,1,0,0,1,0,0,2,2,0
0.8462825903756406,-0.4349679859204425,-0.6302312624590697,-0.011497897746499092,-1.2179049679093814,0.9955971658881752,0,1,0,1,0,1,0,1,1,0,1,0,0,2,2,0,0,2,0,0
0.6766151130127824,0.26156994320319593,-1.1162483570859056,0.6681846485863079,-0.40199490441104246,0.028626206786179966,0,1,0,1,1,0,0,1,1,0,0,0,1,2,0,1,0,1,0,0
-1.3593946153415164,-0.6961697093418069,1.0361130619757966,-0.011497897746499092,-1.2179049679093814,0.028626206786179966,0,1,0,1,0,1,0,1,1,0,0,0,1,1,0,1,2,1,2,2
0.6766151130127824,-1.566842120746355,1.5221301566026326,1.3478671949191148,-0.40199490441104246,-0.9383447523158153,0,1,1,0,1,0,0,1,1,0,1,0,0,1,1,1,1,1,2,0
-1.0200596606158,0.17450270206274113,1.3138371160482742,0.6681846485863079,0.4139151590872966,1.9625681249901703,1,0,0,1,0,1,0,1,1,0,1,0,0,1,2,0,0,2,1,2
-1.3593946153415164,-0.2608335036395329,-1.2551103841221445,0.6681846485863079,0.4139151590872966,-0.9383447523158153,0,1,0,1,0,1,0,1,1,0,1,0,0,1,1,1,0,2,1,1
0.6766151130127824,1.2193095957481987,0.7583890079033189,1.3478671949191148,0.4139151590872966,0.028626206786179966,1,0,0,1,1,0,0,1,1,0,0,1,0,0,1,2,0,1,1,0
-0.002054796438650507,-1.6539093618868097,-1.6022654517127417,-0.691180444079306,0.4139151590872966,-0.9383447523158153,0,1,1,0,1,0,0,1,1,0,1,0,0,0,1,1,0,0,2,0
-1.189727137978658,1.7417130425909275,0.06407887272212458,-0.691180444079306,-1.2179049679093814,1.9625681249901703,0,1,0,1,1,0,1,0,1,0,0,0,1,2,1,1,0,0,2,0
-1.0200596606158,0.43570442548410554,0.9666820484576771,-0.011497897746499092,0.4139151590872966,-0.9383447523158153,0,1,0,1,1,0,0,1,1,0,0,0,1,0,1,1,1,2,1,1
0.5069476356499242,-0.34790074477998767,0.4806649538308412,-0.011497897746499092,-1.2179049679093814,-1.9053157114178105,0,1,1,0,1,0,0,1,1,0,0,1,0,2,1,2,1,2,1,0
-0.17172227380150873,-0.9573714327631713,1.452699143084513,1.3478671949191148,-1.2179049679093814,0.028626206786179966,1,0,1,0,0,1,0,1,1,0,0,0,1,1,1,1,2,2,0,1
-2.2077320021558076,-0.609102468201352,-0.005352140795994853,-0.011497897746499092,-0.40199490441104246,0.028626206786179966,0,1,1,0,0,1,0,1,1,0,0,0,1,1,1,1,2,2,1,0
-0.17172227380150873,1.045175113467289,-1.6022654517127417,-0.691180444079306,1.2298252225856356,-1.9053157114178105,0,1,0,1,0,1,0,1,1,0,0,0,1,2,1,1,2,1,0,0
0.16761268092420772,-1.2185731561845357,-0.352507208386592,-1.370862990412113,-0.40199490441104246,1.9625681249901703,1,0,1,0,0,1,0,1,1,0,0,0,1,1,1,1,0,2,0,0
-0.17172227380150873,1.4805113191695631,-0.1442141678322337,0.6681846485863079,0.4139151590872966,-1.9053157114178105,0,1,1,0,1,0,0,1,1,0,1,0,0,0,1,1,1,1,1,0
1.5249524998270736,-0.2608335036395329,-1.6022654517127417,-0.011497897746499092,2.861645349582314,0.9955971658881752,1,0,0,1,1,0,0,1,1,0,0,0,1,1,1,1,0,1,1,0
0.3372801582870659,0.26156994320319593,1.3138371160482742,-0.691180444079306,-1.2179049679093814,-0.9383447523158153,0,1,0,1,0,1,0,1,1,0,0,1,0,2,2,1,2,1,1,1
1.185617545101357,0.08743546092228634,1.5221301566026326,-0.011497897746499092,-0.40199490441104246,-0.9383447523158153,1,0,0,1,0,1,0,1,1,0,0,1,0,1,1,0,1,1,1,0
-0.002054796438650507,-1.044438673903626,-1.3939724111583836,-0.011497897746499092,-1.2179049679093814,0.028626206786179966,1,0,0,1,0,1,0,1,0,1,0,0,1,2,1,2,0,0,0,0
-0.002054796438650507,-0.7832369504822617,-1.0468173435677863,0.6681846485863079,-1.2179049679093814,-0.9383447523158153,0,1,0,1,0,1,0,1,1,0,0,1,0,2,1,0,1,1,0,0
0.6766151130127824,-0.6961697093418069,-0.005352140795994853,-0.011497897746499092,1.2298252225856356,-0.9383447523158153,1,0,1,0,1,0,0,1,1,0,0,1,0,1,1,1,2,1,1,0
-0.17172227380150873,-1.3056403973249906,0.8278200214214383,1.3478671949191148,-1.2179049679093814,-0.9383447523158153,0,1,0,1,0,1,0,1,1,0,0,0,1,2,1,0,2,2,1,1
-1.0200596606158,-1.2185731561845357,1.452699143084513,-0.011497897746499092,1.2298252225856356,0.028626206786179966,0,1,0,1,1,0,0,1,1,0,1,0,0,2,0,1,0,2,0,0
2.3732898866413645,-0.08669902135862327,0.27237191327648286,-0.011497897746499092,1.2298252225856356,-0.9383447523158153,0,1,1,0,0,1,0,1,0,1,1,0,0,2,0,0,1,2,0,1
-2.0380645247929494,-0.2608335036395329,1.0361130619757966,-0.011497897746499092,-0.40199490441104246,-2.872286670519806,0,1,0,1,0,1,0,1,1,0,0,1,0,1,0,0,1,1,0,1
-0.5110572285272252,1.2193095957481987,-1.2551103841221445,-2.05054553674492,2.045735286083975,0.9955971658881752,0,1,0,1,0,1,0,1,1,0,0,1,0,2,2,1,1,2,0,1
-1.868397047430091,0.17450270206274113,-0.21364518135035315,0.6681846485863079,0.4139151590872966,0.028626206786179966,0,1,1,0,0,1,0,1,1,0,0,0,1,1,1,1,1,1,2,0
-0.8503921832529416,-1.044438673903626,-1.3939724111583836,-0.691180444079306,-1.2179049679093814,0.028626206786179966,1,0,1,0,1,0,1,0,1,0,0,0,1,1,2,1,2,1,0,0
-0.002054796438650507,-0.7832369504822617,-0.49136923542283084,1.3478671949191148,-0.40199490441104246,0.028626206786179966,0,1,1,0,0,1,0,1,1,0,0,0,1,0,1,1,0,1,0,2
1.185617545101357,0.8710406311863795,-1.5328344381946224,1.3478671949191148,-0.40199490441104246,-0.9383447523158153,1,0,0,1,0,1,0,1,1,0,0,0,1,2,1,1,1,2,2,0
-0.6807247058900834,0.9581078723268344,1.105544075493916,0.6681846485863079,0.4139151590872966,-0.9383447523158153,1,0,0,1,1,0,0,1,1,0,0,1,0,1,0,0,1,1,0,2
0.8462825903756406,-0.6961697093418069,0.9666820484576771,-0.691180444079306,1.2298252225856356,1.9625681249901703,0,1,0,1,1,0,0,1,1,0,0,1,0,1,1,0,0,2,0,0
-0.17172227380150873,0.9581078723268344,0.61952698086708,1.3478671949191148,0.4139151590872966,0.028626206786179966,0,1,0,1,0,1,0,1,0,1,0,0,1,0,2,2,2,2,0,0
1.5249524998270736,0.43570442548410554,-0.6996622759771891,1.3478671949191148,2.045735286083975,0.9955971658881752,0,1,1,0,0,1,1,0,1,0,0,1,0,2,1,2,0,1,2,1
-0.8503921832529416,-1.131505915044081,0.9666820484576771,0.6681846485863079,-1.2179049679093814,0.9955971658881752,1,0,0,1,0,1,0,1,1,0,0,1,0,2,1,0,2,2,0,1
0.6766151130127824,0.17450270206274113,0.6889579943851994,-2.05054553674492,-0.40199490441104246,-0.9383447523158153,0,1,0,1,1,0,1,0,1,0,1,0,0,1,1,0,0,1,0,0
-1.5290620927043745,1.2193095957481987,0.8972510349395577,-0.691180444079306,0.4139151590872966,0.9955971658881752,0,1,0,1,1,0,0,1,1,0,0,0,1,2,2,1,1,1,0,0
1.5249524998270736,0.8710406311863795,0.06407887272212458,-0.011497897746499092,-1.2179049679093814,-1.9053157114178105,1,0,0,1,1,0,0,1,1,0,0,1,0,1,2,1,0,1,2,1
1.185617545101357,-0.34790074477998767,0.9666820484576771,-1.370862990412113,-1.2179049679093814,0.9955971658881752,0,1,1,0,0,1,0,1,1,0,0,0,1,0,1,0,0,1,2,2
0.6766151130127824,-0.2608335036395329,-1.6022654517127417,-0.691180444079306,-1.2179049679093814,0.9955971658881752,0,1,1,0,0,1,0,1,1,0,1,0,0,1,1,1,1,1,0,0
-0.17172227380150873,0.43570442548410554,0.20294089975836344,-0.011497897746499092,0.4139151590872966,0.028626206786179966,0,1,1,0,1,0,0,1,1,0,1,0,0,2,2,0,0,2,1,0
0.16761268092420772,0.7839733900459247,1.6609921836388715,1.3478671949191148,-1.2179049679093814,0.028626206786179966,0,1,1,0,1,0,0,1,1,0,1,0,0,1,1,1,1,1,0,0
-0.341389751164367,0.8710406311863795,-1.6022654517127417,-1.370862990412113,2.861645349582314,0.028626206786179966,0,1,1,0,0,1,0,1,0,1,0,0,1,2,1,0,1,1,0,1
-0.5110572285272252,-0.2608335036395329,0.133509886240244,-2.05054553674492,-1.2179049679093814,0.9955971658881752,1,0,1,0,0,1,0,1,1,0,0,0,1,2,1,0,1,1,0,0
2.5429573640042227,-1.044438673903626,-0.7690932894953085,-1.370862990412113,-1.2179049679093814,0.9955971658881752,0,1,0,1,0,1,0,1,0,1,0,0,1,0,2,1,2,0,0,0
-0.8503921832529416,0.34863718434365076,-1.3939724111583836,-0.691180444079306,-0.40199490441104246,-0.9383447523158153,0,1,1,0,1,0,0,1,1,0,1,0,0,1,2,0,1,1,0,0
-2.0380645247929494,0.17450270206274113,0.7583890079033189,-1.370862990412113,-1.2179049679093814,0.028626206786179966,1,0,0,1,0,1,1,0,1,0,1,0,0,1,2,1,0,1,2,0
-2.2077320021558076,-0.609102468201352,-0.005352140795994853,-0.691180444079306,1.2298252225856356,0.028626206786179966,1,0,0,1,0,1,0,1,1,0,0,1,0,2,1,1,0,1,1,0
0.3372801582870659,1.3934440780291084,1.6609921836388715,-0.011497897746499092,2.045735286083975,0.9955971658881752,0,1,0,1,0,1,0,1,1,0,0,0,1,0,2,2,0,1,1,1
-0.002054796438650507,0.8710406311863795,-0.07478315431411428,-0.011497897746499092,-1.2179049679093814,0.028626206786179966,1,0,1,0,1,0,1,0,1,0,0,0,1,2,1,0,2,0,2,1
-2.0380645247929494,-1.3056403973249906,-0.07478315431411428,2.0275497412519217,-0.40199490441104246,1.9625681249901703,0,1,1,0,1,0,0,1,1,0,0,0,1,1,1,1,1,2,0,0
0.5069476356499242,0.43570442548410554,0.06407887272212458,-0.011497897746499092,0.4139151590872966,0.028626206786179966,1,0,0,1,0,1,0,1,1,0,0,1,0,2,0,2,0,1,1,0
0.16761268092420772,1.3934440780291084,0.20294089975836344,-2.05054553674492,0.4139151590872966,-0.9383447523158153,0,1,1,0,0,1,0,1,1,0,0,0,1,1,2,0,2,1,0,0
-0.5110572285272252,0.8710406311863795,-1.324541397640264,0.6681846485863079,-1.2179049679093814,0.9955971658881752,1,0,1,0,0,1,0,1,1,0,0,1,0,1,1,0,1,1,1,0
-0.5110572285272252,1.3063768368886535,0.6889579943851994,0.6681846485863079,-0.40199490441104246,-0.9383447523158153,1,0,1,0,0,1,1,0,1,0,1,0,0,1,0,0,0,2,1,1
-0.002054796438650507,0.0003682197818315326,-0.07478315431411428,-1.370862990412113,0.4139151590872966,0.9955971658881752,1,0,0,1,0,1,0,1,1,0,1,0,0,2,0,1,0,0,1,1
0.16761268092420772,-0.34790074477998767,-0.6996622759771891,-0.691180444079306,0.4139151590872966,-0.9383447523158153,1,0,0,1,0,1,0,1,1,0,1,0,0,1,1,0,0,2,0,0
1.015950067738499,-1.566842120746355,-1.6022654517127417,0.6681846485863079,2.045735286083975,1.9625681249901703,0,1,0,1,0,1,0,1,1,0,0,1,0,2,1,1,0,1,1,0
0.8462825903756406,1.132242354607744,1.0361130619757966,-1.370862990412113,-0.40199490441104246,-0.9383447523158153,0,1,0,1,1,0,0,1,1,0,0,0,1,1,2,0,1,1,1,0
1.015950067738499,0.34863718434365076,0.9666820484576771,2.0275497412519217,-1.2179049679093814,-1.9053157114178105,1,0,1,0,0,1,0,1,1,0,0,0,1,1,2,1,0,2,0,2
-1.5290620927043745,0.6098389077650151,-1.2551103841221445,0.6681846485863079,-1.2179049679093814,-0.9383447523158153,0,1,0,1,1,0,0,1,1,0,1,0,0,0,1,2,0,1,0,1
1.6946199771899317,0.69690614890547,-0.49136923542283084,-0.011497897746499092,-0.40199490441104246,0.028626206786179966,1,0,0,1,0,1,0,1,1,0,0,0,1,1,1,0,1,2,1,0
0.6766151130127824,0.69690614890547,1.3138371160482742,-0.691180444079306,-1.2179049679093814,-0.9383447523158153,0,1,1,0,0,1,0,1,1,0,1,0,0,1,1,1,0,1,2,1
-0.17172227380150873,0.69690614890547,1.3832681295663938,-1.370862990412113,-0.40199490441104246,0.028626206786179966,0,1,0,1,0,1,0,1,1,0,0,1,0,2,1,1,1,2,0,0
-0.002054796438650507,1.3063768368886535,-0.4219382219047114,-0.011497897746499092,-1.2179049679093814,0.028626206786179966,0,1,0,1,0,1,0,1,1,0,0,1,0,1,2,0,1,2,0,0
0.5069476356499242,-0.08669902135862327,0.4112339403127217,-1.370862990412113,-0.40199490441104246,0.028626206786179966,1,0,1,0,1,0,0,1,1,0,0,1,0,1,1,1,1,1,0,0
1.185617545101357,-1.2185731561845357,-0.5608002489409503,-0.691180444079306,-0.40199490441104246,0.9955971658881752,1,0,0,1,1,0,0,1,1,0,1,0,0,0,2,0,2,2,1,2
-1.0200596606158,0.08743546092228634,1.0361130619757966,1.3478671949191148,1.2298252225856356,0.028626206786179966,0,1,0,1,1,0,0,1,1,0,0,1,0,1,2,1,2,2,2,0
-0.8503921832529416,0.5227716666245603,0.27237191327648286,-0.011497897746499092,-0.40199490441104246,0.028626206786179966,1,0,0,1,1,0,0,1,0,1,0,1,0,1,1,1,0,1,0,1
0.8462825903756406,-1.3927076384654453,0.9666820484576771,-1.370862990412113,0.4139151590872966,0.9955971658881752,0,1,0,1,1,0,0,1,1,0,0,1,0,1,2,0,1,1,1,2
-0.6807247058900834,1.045175113467289,-0.6302312624590697,-0.011497897746499092,0.4139151590872966,0.9955971658881752,1,0,0,1,0,1,0,1,1,0,0,0,1,1,1,2,1,1,2,1
0.3372801582870659,-1.2185731561845357,1.3832681295663938,0.6681846485863079,1.2298252225856356,0.028626206786179966,1,0,1,0,1,0,0,1,1,0,0,0,1,1,2,0,1,1,0,1
-0.341389751164367,-1.3927076384654453,0.5500959673489606,-0.691180444079306,0.4139151590872966,-0.9383447523158153,0,1,0,1,0,1,0,1,1,0,0,0,1,1,1,2,0,1,1,0
-0.17172227380150873,-1.131505915044081,0.61952698086708,1.3478671949191148,-1.2179049679093814,0.028626206786179966,1,0,0,1,1,0,0,1,1,0,0,0,1,2,1,0,1,1,0,1
0.16761268092420772,1.3063768368886535,-1.2551103841221445,0.6681846485863079,-0.40199490441104246,0.028626206786179966,0,1,0,1,0,1,1,0,1,0,0,0,1,1,2,0,0,1,0,0
-0.6807247058900834,-1.3056403973249906,1.452699143084513,1.3478671949191148,0.4139151590872966,-0.9383447523158153,0,1,0,1,1,0,0,1,1,0,1,0,0,0,2,0,0,1,0,0
1.185617545101357,-1.3056403973249906,-1.2551103841221445,0.6681846485863079,0.4139151590872966,0.9955971658881752,1,0,0,1,0,1,0,1,1,0,1,0,0,1,1,1,0,0,2,0
-0.5110572285272252,-1.3927076384654453,0.20294089975836344,-0.011497897746499092,-0.40199490441104246,0.028626206786179966,0,1,0,1,0,1,0,1,1,0,0,0,1,1,1,2,1,1,0,0
0.3372801582870659,0.34863718434365076,1.0361130619757966,0.6681846485863079,0.4139151590872966,-0.9383447523158153,1,0,0,1,0,1,0,1,1,0,0,0,1,1,1,1,1,1,1,0
0.6766151130127824,0.8710406311863795,0.5500959673489606,-0.011497897746499092,-1.2179049679093814,0.028626206786179966,0,1,1,0,1,0,0,1,1,0,0,0,1,0,0,1,0,1,1,0
-0.5110572285272252,0.17450270206274113,0.8972510349395577,-0.011497897746499092,-0.40199490441104246,-1.9053157114178105,0,1,0,1,1,0,0,1,0,1,1,0,0,2,1,1,1,1,0,0
-0.341389751164367,0.9581078723268344,-0.2830761948684726,-0.011497897746499092,-1.2179049679093814,0.028626206786179966,0,1,0,1,0,1,0,1,1,0,0,1,0,2,2,2,1,1,0,0
-1.189727137978658,-1.2185731561845357,-0.2830761948684726,-0.691180444079306,1.2298252225856356,0.028626206786179966,0,1,0,1,0,1,0,1,1,0,0,1,0,2,1,1,1,1,0,0
-2.3773994795186657,0.8710406311863795,-0.6302312624590697,1.3478671949191148,0.4139151590872966,-0.9383447523158153,0,1,0,1,0,1,0,1,1,0,0,0,1,1,1,1,1,2,0,2
1.185617545101357,1.132242354607744,-1.1162483570859056,-0.691180444079306,0.4139151590872966,0.9955971658881752,1,0,1,0,1,0,0,1,1,0,1,0,0,2,0,2,0,1,0,0
-0.17172227380150873,-1.566842120746355,1.3138371160482742,1.3478671949191148,-1.2179049679093814,0.9955971658881752,1,0,0,1,0,1,0,1,1,0,0,1,0,2,1,1,2,0,2,0
-1.0200596606158,0.0003682197818315326,1.0361130619757966,-0.011497897746499092,0.4139151590872966,-0.9383447523158153,1,0,0,1,0,1,0,1,1,0,1,0,0,2,0,2,0,2,1,2
-1.0200596606158,-1.6539093618868097,-0.2830761948684726,2.0275497412519217,0.4139151590872966,0.9955971658881752,0,1,0,1,0,1,1,0,1,0,0,1,0,0,1,1,0,1,0,0
1.015950067738499,1.132242354607744,0.3418029267946023,-2.05054553674492,2.045735286083975,0.028626206786179966,0,1,1,0,1,0,0,1,0,1,0,0,1,2,1,1,0,1,1,0
-2.2077320021558076,0.0003682197818315326,0.5500959673489606,1.3478671949191148,1.2298252225856356,0.028626206786179966,1,0,0,1,1,0,1,0,1,0,0,1,0,2,1,0,1,1,0,2
-1.0200596606158,1.132242354607744,0.5500959673489606,1.3478671949191148,2.045735286083975,-0.9383447523158153,1,0,0,1,0,1,0,1,1,0,0,1,0,1,0,0,1,1,2,0
-0.5110572285272252,0.17450270206274113,-1.6716964652308612,-0.691180444079306,-0.40199490441104246,0.028626206786179966,0,1,0,1,1,0,0,1,1,0,0,0,1,2,1,1,0,1,2,1
1.5249524998270736,-0.8703041916227164,-0.21364518135035315,-0.011497897746499092,-0.40199490441104246,0.9955971658881752,0,1,0,1,0,1,0,1,1,0,0,0,1,1,0,0,1,1,1,0
-0.6807247058900834,0.26156994320319593,0.7583890079033189,1.3478671949191148,2.861645349582314,0.9955971658881752,1,0,1,0,0,1,0,1,1,0,1,0,0,1,1,1,0,2,0,1
-1.868397047430091,1.567578560310018,1.1749750890120354,-0.691180444079306,-1.2179049679093814,1.9625681249901703,0,1,0,1,1,0,0,1,1,0,0,1,0,1,1,1,1,1,0,1
-1.5290620927043745,-1.4797748796059,1.730423197156991,2.0275497412519217,-1.2179049679093814,0.028626206786179966,1,0,0,1,0,1,0,1,1,0,0,1,0,1,1,2,1,1,0,2
0.16761268092420772,-0.8703041916227164,-0.1442141678322337,0.6681846485863079,-1.2179049679093814,0.9955971658881752,0,1,0,1,1,0,0,1,1,0,0,1,0,0,0,0,2,1,1,0
0.16761268092420772,1.045175113467289,-0.9079553165315475,1.3478671949191148,-0.40199490441104246,-0.9383447523158153,1,0,0,1,1,0,0,1,1,0,0,0,1,2,0,1,1,0,0,0
-0.8503921832529416,-1.3927076384654453,-1.1162483570859056,-0.011497897746499092,-1.2179049679093814,0.028626206786179966,1,0,0,1,1,0,0,1,0,1,0,1,0,2,1,0,0,1,0,0
1.8642874545527899,0.26156994320319593,-0.352507208386592,-0.691180444079306,1.2298252225856356,0.028626206786179966,0,1,1,0,0,1,0,1,1,0,1,0,0,0,2,1,0,1,1,0
-1.6987295700672327,0.7839733900459247,-0.4219382219047114,0.6681846485863079,1.2298252225856356,0.9955971658881752,0,1,0,1,0,1,0,1,1,0,1,0,0,0,0,0,0,1,1,1
1.015950067738499,0.69690614890547,0.27237191327648286,-0.691180444079306,-0.40199490441104246,0.9955971658881752,0,1,0,1,0,1,0,1,1,0,0,1,0,2,1,1,0,2,0,2
-0.6807247058900834,1.2193095957481987,1.244406102530155,1.3478671949191148,-0.40199490441104246,0.9955971658881752,1,0,0,1,1,0,0,1,1,0,1,0,0,1,1,0,0,1,2,0
0.5069476356499242,0.0003682197818315326,0.27237191327648286,1.3478671949191148,-0.40199490441104246,-0.9383447523158153,0,1,0,1,1,0,0,1,1,0,1,0,0,2,1,1,1,2,2,0
-1.868397047430091,0.34863718434365076,-0.07478315431411428,-0.691180444079306,2.861645349582314,-0.9383447523158153,0,1,0,1,1,0,0,1,1,0,0,1,0,1,1,1,2,1,0,0
-0.002054796438650507,0.7839733900459247,-0.5608002489409503,0.6681846485863079,0.4139151590872966,-0.9383447523158153,0,1,0,1,1,0,0,1,0,1,0,1,0,1,2,1,0,2,1,0
0.8462825903756406,-0.6961697093418069,0.7583890079033189,-0.691180444079306,-1.2179049679093814,-0.9383447523158153,1,0,0,1,1,0,0,1,1,0,0,1,0,1,1,2,1,1,0,2
1.185617545101357,0.7839733900459247,0.9666820484576771,-0.691180444079306,1.2298252225856356,0.028626206786179966,0,1,1,0,0,1,0,1,1,0,0,0,1,1,2,1,1,1,0,0
-0.17172227380150873,-0.08669902135862327,1.730423197156991,-0.011497897746499092,-0.40199490441104246,-0.9383447523158153,1,0,0,1,1,0,0,1,1,0,0,0,1,1,2,0,2,2,1,2
-0.5110572285272252,-0.6961697093418069,-0.9773863300496669,-0.011497897746499092,-0.40199490441104246,0.9955971658881752,1,0,0,1,0,1,0,1,1,0,1,0,0,2,2,0,1,1,0,0
0.6766151130127824,1.132242354607744,-0.9079553165315475,-1.370862990412113,-0.40199490441104246,-1.9053157114178105,1,0,0,1,1,0,0,1,1,0,0,1,0,1,2,1,0,1,1,0
-0.5110572285272252,-0.17376626249907806,-0.352507208386592,-0.011497897746499092,0.4139151590872966,0.028626206786179966,0,1,0,1,0,1,1,0,1,0,0,0,1,1,2,1,0,2,0,0
0.3372801582870659,-1.2185731561845357,-0.07478315431411428,1.3478671949191148,1.2298252225856356,0.028626206786179966,1,0,0,1,0,1,0,1,1,0,1,0,0,1,0,1,0,2,2,0
-1.189727137978658,-1.044438673903626,0.27237191327648286,-0.691180444079306,-0.40199490441104246,0.028626206786179966,0,1,1,0,0,1,0,1,1,0,1,0,0,0,1,1,2,1,1,0
0.16761268092420772,0.5227716666245603,-1.1162483570859056,1.3478671949191148,0.4139151590872966,0.028626206786179966,0,1,1,0,0,1,0,1,1,0,0,0,1,1,0,2,1,2,1,0
1.6946199771899317,0.6098389077650151,-1.1162483570859056,-0.011497897746499092,0.4139151590872966,0.028626206786179966,0,1,0,1,1,0,0,1,1,0,0,1,0,0,1,1,1,1,0,1
0.5069476356499242,-0.7832369504822617,-1.7411274787489806,-1.370862990412113,-0.40199490441104246,-1.9053157114178105,1,0,0,1,0,1,0,1,1,0,0,0,1,1,1,1,0,2,1,0
-0.002054796438650507,0.34863718434365076,1.6609921836388715,2.0275497412519217,0.4139151590872966,0.028626206786179966,0,1,1,0,0,1,0,1,1,0,0,0,1,1,1,0,1,1,0,1
2.0339549319156482,1.132242354607744,1.244406102530155,0.6681846485863079,-0.40199490441104246,0.028626206786179966,1,0,0,1,0,1,0,1,1,0,1,0,0,1,1,2,1,2,2,2
-0.17172227380150873,-1.566842120746355,0.27237191327648286,-0.691180444079306,4.493465476578992,-0.9383447523158153,1,0,0,1,0,1,0,1,1,0,0,1,0,2,1,0,1,1,0,0
3.2216272734556557,1.045175113467289,-0.1442141678322337,1.3478671949191148,-0.40199490441104246,0.9955971658881752,0,1,0,1,1,0,0,1,1,0,1,0,0,1,1,1,1,1,2,1
-1.868397047430091,0.6098389077650151,-0.2830761948684726,0.6681846485863079,-1.2179049679093814,-1.9053157114178105,0,1,0,1,1,0,1,0,1,0,0,1,0,0,0,0,0,2,1,1
1.015950067738499,-0.6961697093418069,0.4806649538308412,0.6681846485863079,0.4139151590872966,-0.9383447523158153,1,0,0,1,1,0,0,1,1,0,1,0,0,1,0,1,1,0,2,2
-0.6807247058900834,1.3934440780291084,1.5221301566026326,1.3478671949191148,-1.2179049679093814,1.9625681249901703,0,1,1,0,0,1,0,1,1,0,0,1,0,2,1,1,1,2,1,0
-0.17172227380150873,-0.17376626249907806,-1.3939724111583836,-1.370862990412113,-1.2179049679093814,0.9955971658881752,0,1,0,1,1,0,0,1,1,0,0,1,0,2,2,1,1,1,0,1
0.6766151130127824,-0.6961697093418069,0.20294089975836344,-0.691180444079306,-1.2179049679093814,2.929539084092166,1,0,0,1,1,0,0,1,1,0,1,0,0,2,2,2,0,2,0,0
0.16761268092420772,-0.8703041916227164,1.0361130619757966,-0.011497897746499092,-0.40199490441104246,0.9955971658881752,0,1,0,1,0,1,1,0,1,0,0,1,0,1,0,1,0,1,0,1
0.6766151130127824,-1.4797748796059,1.105544075493916,-0.011497897746499092,2.045735286083975,0.9955971658881752,1,0,1,0,0,1,0,1,1,0,0,0,1,2,0,0,0,1,0,0
0.6766151130127824,-0.6961697093418069,-0.9773863300496669,-0.011497897746499092,1.2298252225856356,-0.9383447523158153,1,0,1,0,1,0,0,1,1,0,0,1,0,2,2,1,0,1,0,0
0.16761268092420772,0.17450270206274113,-0.6302312624590697,-0.011497897746499092,1.2298252225856356,0.028626206786179966,1,0,0,1,0,1,0,1,0,1,0,0,1,1,2,2,0,1,1,0
-1.868397047430091,0.34863718434365076,-1.0468173435677863,-0.011497897746499092,-0.40199490441104246,0.028626206786179966,0,1,1,0,0,1,0,1,1,0,0,0,1,2,2,2,0,1,1,1
-1.6987295700672327,-0.8703041916227164,1.6609921836388715,1.3478671949191148,-0.40199490441104246,0.9955971658881752,1,0,0,1,0,1,0,1,1,0,0,1,0,2,2,1,1,1,0,1
0.6766151130127824,-0.34790074477998767,0.6889579943851994,1.3478671949191148,0.4139151590872966,-0.9383447523158153,1,0,1,0,0,1,0,1,1,0,0,0,1,2,2,1,0,1,2,0
-1.6987295700672327,1.132242354607744,-1.6022654517127417,-0.011497897746499092,0.4139151590872966,0.028626206786179966,0,1,0,1,1,0,0,1,1,0,0,0,1,0,1,1,1,1,2,0
0.5069476356499242,1.567578560310018,-1.4634034246765029,-0.011497897746499092,-1.2179049679093814,0.028626206786179966,1,0,0,1,0,1,0,1,1,0,1,0,0,1,0,0,1,1,1,0
-1.189727137978658,-1.2185731561845357,1.0361130619757966,-0.691180444079306,0.4139151590872966,0.028626206786179966,0,1,0,1,0,1,0,1,0,1,0,0,1,2,1,1,0,1,0,1
-0.8503921832529416,-0.609102468201352,-0.49136923542283084,0.6681846485863079,-0.40199490441104246,0.028626206786179966,1,0,0,1,1,0,0,1,1,0,0,1,0,1,1,1,2,1,0,0
1.3552850224642152,1.3934440780291084,1.591561170120752,-2.05054553674492,2.861645349582314,1.9625681249901703,0,1,0,1,1,0,0,1,0,1,0,1,0,1,1,2,0,1,0,2
0.3372801582870659,0.34863718434365076,0.8972510349395577,1.3478671949191148,0.4139151590872966,0.9955971658881752,0,1,1,0,0,1,0,1,1,0,0,1,0,1,1,1,0,2,2,0
-1.5290620927043745,0.5227716666245603,0.61952698086708,-0.691180444079306,-1.2179049679093814,0.028626206786179966,0,1,1,0,0,1,0,1,1,0,0,1,0,1,2,1,2,2,0,0
0.5069476356499242,1.3063768368886535,0.7583890079033189,-0.691180444079306,-1.2179049679093814,0.028626206786179966,1,0,0,1,1,0,0,1,1,0,0,1,0,2,1,0,1,2,0,1
-0.17172227380150873,-1.3927076384654453,-1.1162483570859056,0.6681846485863079,0.4139151590872966,0.9955971658881752,1,0,0,1,1,0,0,1,1,0,1,0,0,0,1,0,1,1,1,1
-1.0200596606158,0.69690614890547,1.5221301566026326,-0.691180444079306,-1.2179049679093814,0.028626206786179966,0,1,0,1,0,1,0,1,1,0,0,0,1,2,1,1,0,1,1,0
0.16761268092420772,-0.17376626249907806,0.61952698086708,0.6681846485863079,-0.40199490441104246,0.9955971658881752,0,1,0,1,1,0,0,1,1,0,0,0,1,2,1,0,2,0,0,0
0.8462825903756406,0.26156994320319593,0.8972510349395577,0.6681846485863079,-0.40199490441104246,0.028626206786179966,0,1,0,1,0,1,0,1,0,1,0,1,0,0,1,0,1,2,1,0
0.8462825903756406,-0.6961697093418069,-1.6022654517127417,0.6681846485863079,-1.2179049679093814,-0.9383447523158153,0,1,1,0,0,1,0,1,1,0,0,0,1,1,1,0,1,1,2,0
0.8462825903756406,-0.8703041916227164,-0.9773863300496669,0.6681846485863079,1.2298252225856356,0.9955971658881752,1,0,0,1,0,1,1,0,1,0,0,0,1,0,1,0,0,1,1,1
0.8462825903756406,-0.6961697093418069,-0.1442141678322337,-0.691180444079306,2.045735286083975,0.9955971658881752,0,1,0,1,0,1,0,1,1,0,0,1,0,2,0,2,1,2,1,1
-1.0200596606158,-0.17376626249907806,-0.4219382219047114,-0.691180444079306,-1.2179049679093814,1.9625681249901703,1,0,0,1,0,1,0,1,1,0,0,0,1,2,1,2,1,1,1,1
-0.341389751164367,-0.17376626249907806,1.452699143084513,0.6681846485863079,2.045735286083975,0.9955971658881752,0,1,0,1,1,0,0,1,0,1,0,0,1,0,1,1,2,1,1,0
-0.17172227380150873,-0.17376626249907806,-1.324541397640264,-1.370862990412113,1.2298252225856356,0.9955971658881752,1,0,0,1,0,1,0,1,1,0,0,1,0,1,0,0,2,1,1,1
-0.17172227380150873,1.6546458014504728,0.8972510349395577,0.6681846485863079,-0.40199490441104246,0.028626206786179966,1,0,0,1,0,1,1,0,1,0,0,0,1,1,2,2,0,2,0,2
-0.5110572285272252,0.5227716666245603,-1.3939724111583836,-1.370862990412113,0.4139151590872966,0.9955971658881752,0,1,1,0,1,0,1,0,1,0,0,1,0,2,0,0,2,1,1,0
0.5069476356499242,-0.2608335036395329,1.452699143084513,0.6681846485863079,-0.40199490441104246,-1.9053157114178105,0,1,1,0,0,1,0,1,0,1,0,1,0,0,1,1,2,1,1,0
0.6766151130127824,-0.609102468201352,0.4806649538308412,-0.691180444079306,-1.2179049679093814,-0.9383447523158153,0,1,0,1,0,1,0,1,0,1,1,0,0,0,0,1,1,1,0,0
-1.868397047430091,-0.17376626249907806,0.8278200214214383,-0.691180444079306,-1.2179049679093814,0.028626206786179966,0,1,1,0,1,0,0,1,1,0,0,0,1,0,2,1,1,2,2,0
-0.6807247058900834,-1.2185731561845357,-1.7411274787489806,0.6681846485863079,-0.40199490441104246,0.9955971658881752,0,1,0,1,0,1,0,1,1,0,0,1,0,1,1,0,1,2,0,1
2.0339549319156482,0.8710406311863795,1.591561170120752,-1.370862990412113,-1.2179049679093814,0.028626206786179966,0,1,0,1,0,1,0,1,1,0,0,1,0,1,1,2,1,2,1,1
-3.0560693889700987,0.34863718434365076,-1.4634034246765029,0.6681846485863079,1.2298252225856356,0.9955971658881752,0,1,0,1,1,0,0,1,1,0,0,0,1,0,2,0,0,0,0,0
-0.17172227380150873,0.9581078723268344,-1.1162483570859056,-0.691180444079306,2.861645349582314,0.9955971658881752,0,1,0,1,1,0,0,1,1,0,0,1,0,2,0,1,1,2,1,1
-2.2077320021558076,-0.6961697093418069,1.3138371160482742,-2.05054553674492,2.045735286083975,0.9955971658881752,0,1,1,0,0,1,0,1,1,0,0,0,1,1,1,1,1,1,2,0
-0.6807247058900834,-1.4797748796059,-0.1442141678322337,-0.691180444079306,-1.2179049679093814,0.9955971658881752,0,1,0,1,0,1,0,1,1,0,0,1,0,1,2,1,1,1,1,0
-0.341389751164367,0.8710406311863795,0.61952698086708,0.6681846485863079,0.4139151590872966,0.028626206786179966,0,1,1,0,1,0,0,1,1,0,0,0,1,1,0,2,0,2,0,1
-1.189727137978658,0.5227716666245603,-1.5328344381946224,0.6681846485863079,0.4139151590872966,0.9955971658881752,0,1,0,1,0,1,0,1,1,0,0,0,1,1,2,1,0,2,0,2
-0.8503921832529416,1.3934440780291084,0.61952698086708,-0.011497897746499092,1.2298252225856356,-1.9053157114178105,0,1,0,1,0,1,0,1,1,0,0,0,1,1,2,2,1,0,2,0
-0.002054796438650507,-0.8703041916227164,0.61952698086708,-0.011497897746499092,0.4139151590872966,0.9955971658881752,0,1,1,0,0,1,1,0,1,0,0,1,0,1,1,0,1,2,1,2
1.015950067738499,-0.2608335036395329,-0.8385243030134281,-0.691180444079306,-0.40199490441104246,0.9955971658881752,0,1,0,1,0,1,0,1,1,0,1,0,0,0,1,0,0,2,0,0
-0.341389751164367,1.4805113191695631,1.244406102530155,-0.011497897746499092,2.861645349582314,0.9955971658881752,1,0,0,1,0,1,0,1,1,0,0,0,1,1,2,1,2,1,1,0
1.5249524998270736,-0.34790074477998767,-1.1162483570859056,0.6681846485863079,2.045735286083975,-0.9383447523158153,0,1,0,1,0,1,0,1,1,0,0,1,0,1,2,1,0,2,2,0
-1.189727137978658,1.4805113191695631,-0.352507208386592,0.6681846485863079,-1.2179049679093814,-0.9383447523158153,1,0,1,0,0,1,0,1,1,0,0,1,0,0,1,1,2,1,2,1
1.185617545101357,0.6098389077650151,0.133509886240244,0.6681846485863079,-0.40199490441104246,0.9955971658881752,0,1,0,1,1,0,0,1,1,0,0,1,0,1,1,1,0,2,0,1
0.5069476356499242,0.43570442548410554,-1.1162483570859056,-0.691180444079306,-0.40199490441104246,-1.9053157114178105,0,1,0,1,0,1,0,1,1,0,1,0,0,2,0,0,1,1,0,0
0.16761268092420772,0.17450270206274113,1.3832681295663938,-0.011497897746499092,-0.40199490441104246,0.028626206786179966,0,1,0,1,1,0,0,1,1,0,1,0,0,1,2,2,2,1,0,0
0.16761268092420772,0.8710406311863795,-0.07478315431411428,0.6681846485863079,2.045735286083975,0.028626206786179966,0,1,1,0,0,1,0,1,1,0,0,1,0,1,2,1,0,1,0,0
0.6766151130127824,0.0003682197818315326,-1.5328344381946224,-0.011497897746499092,0.4139151590872966,0.9955971658881752,1,0,0,1,0,1,0,1,0,1,0,0,1,1,1,1,0,1,0,0
-1.6987295700672327,0.08743546092228634,1.6609921836388715,0.6681846485863079,0.4139151590872966,0.9955971658881752,1,0,0,1,0,1,1,0,1,0,0,0,1,2,1,1,1,1,2,1
-1.868397047430091,0.6098389077650151,-1.324541397640264,0.6681846485863079,-0.40199490441104246,0.028626206786179966,1,0,0,1,1,0,0,1,1,0,0,0,1,1,1,1,1,2,1,1
-0.17172227380150873,-0.08669902135862327,0.4806649538308412,1.3478671949191148,-0.40199490441104246,0.9955971658881752,0,1,1,0,1,0,0,1,1,0,0,1,0,0,1,1,0,1,0,0
-1.189727137978658,-1.2185731561845357,-1.6716964652308612,1.3478671949191148,1.2298252225856356,-0.9383447523158153,0,1,1,0,0,1,0,1,1,0,0,0,1,2,1,0,1,1,2,1
-0.341389751164367,0.5227716666245603,0.8972510349395577,-0.691180444079306,0.4139151590872966,-0.9383447523158153,0,1,0,1,0,1,0,1,1,0,0,1,0,1,1,1,1,2,1,2
-0.341389751164367,0.43570442548410554,-1.3939724111583836,2.0275497412519217,1.2298252225856356,0.028626206786179966,0,1,0,1,0,1,0,1,1,0,0,1,0,1,0,2,1,2,0,0
0.16761268092420772,1.132242354607744,0.8278200214214383,-0.691180444079306,-0.40199490441104246,-0.9383447523158153,1,0,0,1,1,0,0,1,1,0,0,0,1,2,0,1,0,2,0,0
-1.189727137978658,1.132242354607744,-1.5328344381946224,-2.05054553674492,-0.40199490441104246,-1.9053157114178105,0,1,0,1,0,1,0,1,1,0,0,0,1,0,0,2,1,0,2,0
-0.002054796438650507,-0.08669902135862327,-0.21364518135035315,-0.011497897746499092,-0.40199490441104246,0.028626206786179966,0,1,0,1,0,1,1,0,1,0,1,0,0,1,1,0,1,1,0,0
0.8462825903756406,0.6098389077650151,0.9666820484576771,-0.011497897746499092,-0.40199490441104246,0.9955971658881752,1,0,0,1,0,1,0,1,0,1,0,1,0,0,2,1,0,1,0,0
0.3372801582870659,1.045175113467289,-0.07478315431411428,-0.011497897746499092,0.4139151590872966,0.9955971658881752,0,1,0,1,0,1,0,1,1,0,0,0,1,1,0,2,1,0,1,1
-1.3593946153415164,0.69690614890547,-0.6996622759771891,0.6681846485863079,-1.2179049679093814,0.9955971658881752,0,1,0,1,1,0,0,1,1,0,0,0,1,1,1,1,0,1,0,0
1.3552850224642152,-1.044438673903626,0.6889579943851994,1.3478671949191148,-1.2179049679093814,0.028626206786179966,0,1,0,1,0,1,0,1,1,0,1,0,0,0,0,1,1,1,2,0
1.015950067738499,1.6546458014504728,-0.07478315431411428,2.0275497412519217,-0.40199490441104246,-0.9383447523158153,0,1,1,0,0,1,0,1,1,0,0,1,0,1,2,1,1,1,1,0
-0.5110572285272252,0.43570442548410554,-0.07478315431411428,1.3478671949191148,-0.40199490441104246,-0.9383447523158153,0,1,1,0,0,1,0,1,1,0,0,1,0,1,1,1,1,1,0,0
-0.341389751164367,1.2193095957481987,-1.324541397640264,-0.011497897746499092,-0.40199490441104246,0.028626206786179966,0,1,0,1,0,1,1,0,1,0,0,0,1,2,1,0,0,1,2,0
0.3372801582870659,0.34863718434365076,0.4112339403127217,-0.011497897746499092,-0.40199490441104246,0.028626206786179966,0,1,1,0,1,0,0,1,1,0,0,0,1,2,1,1,1,0,0,1
-1.868397047430091,-0.08669902135862327,1.0361130619757966,-0.011497897746499092,-0.40199490441104246,0.028626206786179966,0,1,0,1,1,0,0,1,1,0,0,1,0,1,0,2,2,0,0,0
0.5069476356499242,-0.5220352270608973,1.3832681295663938,0.6681846485863079,0.4139151590872966,-0.9383447523158153,1,0,0,1,1,0,0,1,1,0,1,0,0,2,1,1,0,1,1,2
-0.6807247058900834,0.43570442548410554,0.6889579943851994,-0.011497897746499092,-0.40199490441104246,-0.9383447523158153,0,1,0,1,1,0,0,1,1,0,0,1,0,0,1,2,1,2,0,0
-0.341389751164367,-1.4797748796059,0.61952698086708,-0.011497897746499092,-0.40199490441104246,-0.9383447523158153,1,0,0,1,0,1,0,1,1,0,0,1,0,2,2,1,1,2,0,0
1.015950067738499,-1.7409766030272644,-1.4634034246765029,-0.691180444079306,-0.40199490441104246,-1.9053157114178105,0,1,1,0,0,1,0,1,1,0,0,0,1,0,2,0,0,1,2,1
0.8462825903756406,0.5227716666245603,-0.6996622759771891,-0.691180444079306,0.4139151590872966,1.9625681249901703,0,1,0,1,1,0,0,1,1,0,0,0,1,2,1,1,1,2,0,1
1.015950067738499,1.045175113467289,-0.7690932894953085,0.6681846485863079,-0.40199490441104246,1.9625681249901703,0,1,1,0,1,0,0,1,1,0,0,0,1,1,1,1,1,1,0,0
-1.189727137978658,0.69690614890547,-1.1162483570859056,1.3478671949191148,-1.2179049679093814,0.028626206786179966,1,0,1,0,0,1,0,1,0,1,1,0,0,2,1,1,0,1,0,2
-0.5110572285272252,1.045175113467289,0.9666820484576771,0.6681846485863079,-1.2179049679093814,0.028626206786179966,0,1,0,1,1,0,0,1,0,1,0,0,1,1,2,1,0,0,0,0
-0.5110572285272252,1.132242354607744,-1.2551103841221445,1.3478671949191148,1.2298252225856356,-0.9383447523158153,0,1,1,0,0,1,0,1,1,0,0,1,0,0,1,2,0,2,1,0
-0.002054796438650507,0.0003682197818315326,0.7583890079033189,-0.691180444079306,-0.40199490441104246,0.028626206786179966,1,0,1,0,0,1,0,1,1,0,0,0,1,0,1,2,0,1,0,0
-0.002054796438650507,1.4805113191695631,1.5221301566026326,-0.011497897746499092,0.4139151590872966,0.9955971658881752,1,0,1,0,0,1,0,1,1,0,0,1,0,2,2,0,1,2,0,1
-1.6987295700672327,-1.131505915044081,-0.6996622759771891,-2.05054553674492,1.2298252225856356,0.028626206786179966,0,1,0,1,1,0,1,0,1,0,0,0,1,1,1,1,1,1,0,0
-0.341389751164367,-0.6961697093418069,-0.9773863300496669,-1.370862990412113,-0.40199490441104246,0.9955971658881752,0,1,1,0,0,1,0,1,1,0,1,0,0,0,0,0,1,1,1,1
-0.6807247058900834,-0.609102468201352,-0.9079553165315475,0.6681846485863079,-1.2179049679093814,-0.9383447523158153,1,0,1,0,0,1,0,1,1,0,0,1,0,2,1,1,2,2,0,0
-0.6807247058900834,1.6546458014504728,0.8972510349395577,-0.691180444079306,0.4139151590872966,0.028626206786179966,0,1,0,1,1,0,0,1,1,0,0,1,0,0,2,2,0,0,2,0
0.8462825903756406,1.6546458014504728,0.5500959673489606,0.6681846485863079,-0.40199490441104246,-0.9383447523158153,1,0,0,1,1,0,0,1,1,0,0,1,0,1,1,1,1,1,1,0
-0.6807247058900834,1.3934440780291084,0.4112339403127217,-0.011497897746499092,-1.2179049679093814,0.028626206786179966,0,1,0,1,1,0,0,1,1,0,1,0,0,1,1,1,0,0,0,1
0.3372801582870659,0.9581078723268344,-0.07478315431411428,-0.011497897746499092,-0.40199490441104246,-0.9383447523158153,1,0,1,0,1,0,0,1,0,1,1,0,0,1,1,1,1,1,1,1
1.015950067738499,-0.34790074477998767,0.133509886240244,-0.691180444079306,-0.40199490441104246,1.9625681249901703,0,1,1,0,0,1,0,1,1,0,0,1,0,0,1,1,1,1,0,0
-1.0200596606158,-1.044438673903626,-0.2830761948684726,-0.691180444079306,-0.40199490441104246,0.028626206786179966,0,1,0,1,1,0,0,1,1,0,0,0,1,1,2,0,1,1,1,1
0.3372801582870659,-0.5220352270608973,0.27237191327648286,0.6681846485863079,1.2298252225856356,-1.9053157114178105,1,0,0,1,0,1,0,1,1,0,0,1,0,2,0,0,1,1,0,0
-0.002054796438650507,-0.9573714327631713,-0.8385243030134281,-0.011497897746499092,0.4139151590872966,-0.9383447523158153,1,0,1,0,1,0,0,1,1,0,1,0,0,2,1,0,0,1,0,1
-0.6807247058900834,-1.7409766030272644,0.8278200214214383,0.6681846485863079,-1.2179049679093814,1.9625681249901703,0,1,0,1,1,0,0,1,1,0,0,0,1,1,0,0,0,0,0,0
-0.8503921832529416,1.6546458014504728,-1.7411274787489806,-0.011497897746499092,2.045735286083975,-0.9383447523158153,0,1,0,1,0,1,1,0,1,0,0,0,1,0,2,2,0,1,0,1
0.16761268092420772,0.43570442548410554,-1.6022654517127417,-0.011497897746499092,1.2298252225856356,0.028626206786179966,0,1,1,0,0,1,0,1,1,0,0,1,0,1,0,1,0,1,0,0
-1.3593946153415164,-1.044438673903626,0.8972510349395577,0.6681846485863079,1.2298252225856356,0.028626206786179966,1,0,0,1,1,0,0,1,1,0,1,0,0,1,2,2,0,1,2,1
-1.0200596606158,-1.566842120746355,-0.7690932894953085,-1.370862990412113,0.4139151590872966,0.028626206786179966,0,1,0,1,1,0,0,1,1,0,0,1,0,1,1,1,0,1,1,0
0.5069476356499242,-0.34790074477998767,1.244406102530155,-0.011497897746499092,-1.2179049679093814,2.929539084092166,0,1,1,0,1,0,0,1,1,0,1,0,0,2,2,1,1,1,0,1
-0.8503921832529416,0.08743546092228634,-0.49136923542283084,-1.370862990412113,-1.2179049679093814,0.028626206786179966,1,0,0,1,1,0,1,0,1,0,0,0,1,2,1,0,1,2,0,0
0.3372801582870659,-0.7832369504822617,-0.6996622759771891,-0.011497897746499092,-0.40199490441104246,0.028626206786179966,0,1,0,1,1,0,0,1,1,0,0,1,0,1,1,0,0,1,1,0
0.16761268092420772,-1.044438673903626,-1.7411274787489806,-0.691180444079306,1.2298252225856356,0.9955971658881752,0,1,1,0,0,1,0,1,1,0,0,1,0,2,2,2,1,0,0,0
2.3732898866413645,-1.3927076384654453,-0.2830761948684726,-0.691180444079306,-1.2179049679093814,0.9955971658881752,1,0,1,0,1,0,0,1,1,0,1,0,0,1,1,2,0,2,0,0
-0.5110572285272252,1.132242354607744,-1.7411274787489806,-1.370862990412113,1.2298252225856356,-0.9383447523158153,0,1,0,1,0,1,0,1,1,0,0,0,1,1,0,0,2,1,0,1
0.16761268092420772,-0.8703041916227164,1.244406102530155,-1.370862990412113,-0.40199490441104246,0.028626206786179966,0,1,0,1,0,1,0,1,1,0,0,1,0,2,1,2,0,1,1,0
-0.8503921832529416,-0.9573714327631713,0.9666820484576771,-0.011497897746499092,-0.40199490441104246,-0.9383447523158153,1,0,0,1,0,1,0,1,1,0,1,0,0,1,1,1,0,2,1,1
0.16761268092420772,0.7839733900459247,-0.07478315431411428,1.3478671949191148,1.2298252225856356,0.9955971658881752,1,0,1,0,0,1,0,1,1,0,0,0,1,1,1,2,0,1,0,1
0.3372801582870659,0.69690614890547,-0.21364518135035315,-0.011497897746499092,2.045735286083975,-0.9383447523158153,0,1,0,1,1,0,0,1,1,0,1,0,0,1,1,0,2,1,2,0
0.5069476356499242,0.9581078723268344,0.133509886240244,1.3478671949191148,-0.40199490441104246,1.9625681249901703,0,1,0,1,1,0,0,1,1,0,0,0,1,0,1,2,0,1,0,0
0.16761268092420772,0.17450270206274113,-1.1856793706040252,1.3478671949191148,-1.2179049679093814,-0.9383447523158153,0,1,0,1,1,0,0,1,1,0,1,0,0,0,2,1,1,1,0,0
-0.17172227380150873,-0.2608335036395329,-1.4634034246765029,-0.691180444079306,1.2298252225856356,-0.9383447523158153,0,1,1,0,0,1,0,1,1,0,1,0,0,2,1,0,2,1,1,1
-1.0200596606158,-0.2608335036395329,-1.0468173435677863,-1.370862990412113,-0.40199490441104246,0.028626206786179966,0,1,1,0,0,1,0,1,1,0,1,0,0,1,1,0,2,2,2,2
-1.189727137978658,0.26156994320319593,0.9666820484576771,-0.011497897746499092,-0.40199490441104246,0.9955971658881752,1,0,0,1,1,0,0,1,1,0,0,1,0,2,1,1,0,1,2,0
0.16761268092420772,-1.4797748796059,1.730423197156991,-0.011497897746499092,-0.40199490441104246,-0.9383447523158153,1,0,1,0,1,0,0,1,1,0,0,1,0,2,1,1,2,1,2,1
1.015950067738499,-1.6539093618868097,1.105544075493916,1.3478671949191148,-1.2179049679093814,0.9955971658881752,1,0,1,0,0,1,1,0,1,0,0,0,1,0,2,1,2,2,1,0
0.16761268092420772,-0.08669902135862327,0.8972510349395577,-0.691180444079306,0.4139151590872966,-1.9053157114178105,0,1,0,1,0,1,0,1,1,0,0,1,0,1,0,0,2,1,0,0
0.3372801582870659,-0.08669902135862327,-1.2551103841221445,2.0275497412519217,-0.40199490441104246,-0.9383447523158153,0,1,0,1,1,0,0,1,1,0,0,0,1,0,1,0,1,2,0,0
-1.3593946153415164,0.43570442548410554,-1.4634034246765029,-0.011497897746499092,2.045735286083975,0.028626206786179966,0,1,0,1,0,1,0,1,1,0,0,0,1,1,1,1,0,2,1,1
1.015950067738499,-0.7832369504822617,0.5500959673489606,-2.05054553674492,-0.40199490441104246,0.028626206786179966,0,1,0,1,0,1,0,1,1,0,1,0,0,2,0,0,1,1,1,1
-0.6807247058900834,0.8710406311863795,-1.1856793706040252,-2.05054553674492,-0.40199490441104246,0.028626206786179966,1,0,0,1,1,0,0,1,1,0,0,1,0,1,1,1,0,1,0,1
2.2036224092785064,-1.6539093618868097,1.1749750890120354,-0.691180444079306,-0.40199490441104246,0.9955971658881752,1,0,0,1,1,0,0,1,1,0,0,0,1,2,1,1,1,1,0,0
-0.8503921832529416,0.69690614890547,-1.2551103841221445,0.6681846485863079,-0.40199490441104246,-0.9383447523158153,0,1,1,0,1,0,0,1,1,0,0,0,1,1,1,1,2,1,0,2
0.6766151130127824,1.567578560310018,-0.6302312624590697,0.6681846485863079,0.4139151590872966,-1.9053157114178105,0,1,0,1,1,0,0,1,1,0,0,0,1,2,0,2,0,1,0,1
0.5069476356499242,1.045175113467289,-0.2830761948684726,2.0275497412519217,-0.40199490441104246,0.028626206786179966,0,1,0,1,0,1,0,1,1,0,0,1,0,0,1,1,0,1,1,0
-1.189727137978658,-0.34790074477998767,1.5221301566026326,2.0275497412519217,2.045735286083975,0.028626206786179966,0,1,0,1,0,1,0,1,1,0,0,1,0,0,1,2,0,0,1,1
-0.6807247058900834,-1.2185731561845357,-1.2551103841221445,-1.370862990412113,1.2298252225856356,0.028626206786179966,1,0,0,1,0,1,0,1,1,0,0,0,1,1,2,2,1,1,0,1
-1.3593946153415164,1.6546458014504728,0.3418029267946023,-0.691180444079306,-1.2179049679093814,0.028626206786179966,0,1,0,1,0,1,1,0,1,0,0,0,1,2,2,1,2,1,0,1
0.16761268092420772,0.8710406311863795,1.3832681295663938,2.0275497412519217,0.4139151590872966,0.9955971658881752,0,1,1,0,0,1,0,1,1,0,0,1,0,0,1,2,2,2,1,0
0.8462825903756406,1.045175113467289,-0.21364518135035315,-1.370862990412113,-0.40199490441104246,0.9955971658881752,1,0,0,1,1,0,0,1,1,0,0,0,1,0,2,1,1,1,0,0
-1.0200596606158,-1.3056403973249906,1.3138371160482742,-1.370862990412113,2.861645349582314,0.028626206786179966,0,1,1,0,0,1,0,1,1,0,1,0,0,1,1,1,0,1,2,1
-0.5110572285272252,-0.9573714327631713,-1.4634034246765029,-0.011497897746499092,-0.40199490441104246,-0.9383447523158153,0,1,0,1,0,1,0,1,1,0,0,1,0,1,1,2,2,0,0,0
-0.17172227380150873,1.6546458014504728,0.61952698086708,-0.691180444079306,-0.40199490441104246,0.028626206786179966,0,1,0,1,1,0,0,1,1,0,0,1,0,1,2,1,1,2,0,0
-1.868397047430091,0.6098389077650151,0.4806649538308412,-0.691180444079306,-1.2179049679093814,0.028626206786179966,1,0,0,1,1,0,0,1,1,0,1,0,0,2,1,1,0,1,1,0
1.185617545101357,-0.34790074477998767,-0.5608002489409503,0.6681846485863079,-0.40199490441104246,0.9955971658881752,0,1,0,1,0,1,0,1,1,0,0,0,1,0,2,1,1,1,0,0
1.8642874545527899,1.3063768368886535,0.8278200214214383,-1.370862990412113,0.4139151590872966,0.028626206786179966,0,1,0,1,0,1,0,1,1,0,0,1,0,2,1,1,0,1,2,1
-0.5110572285272252,-0.08669902135862327,0.4806649538308412,-0.011497897746499092,-1.2179049679093814,-0.9383447523158153,0,1,0,1,0,1,0,1,1,0,1,0,0,0,2,1,1,2,1,0
-0.002054796438650507,1.3063768368886535,0.5500959673489606,0.6681846485863079,-0.40199490441104246,0.028626206786179966,1,0,1,0,1,0,0,1,1,0,0,0,1,0,0,2,1,1,0,0
-1.3593946153415164,0.26156994320319593,0.27237191327648286,-0.691180444079306,-0.40199490441104246,0.9955971658881752,1,0,0,1,1,0,0,1,1,0,0,1,0,1,1,1,2,0,0,1
1.5249524998270736,1.4805113191695631,-0.07478315431411428,-0.011497897746499092,-0.40199490441104246,0.9955971658881752,1,0,0,1,0,1,0,1,0,1,0,0,1,2,1,1,1,0,0,0
0.16761268092420772,-1.566842120746355,-1.7411274787489806,-0.011497897746499092,-0.40199490441104246,-0.9383447523158153,1,0,0,1,0,1,1,0,1,0,1,0,0,0,2,0,2,1,0,1
1.6946199771899317,0.0003682197818315326,-0.5608002489409503,-0.691180444079306,1.2298252225856356,0.9955971658881752,1,0,0,1,1,0,0,1,1,0,1,0,0,0,2,1,1,1,1,1
-0.17172227380150873,-0.17376626249907806,0.9666820484576771,-0.011497897746499092,0.4139151590872966,0.9955971658881752,1,0,0,1,1,0,0,1,1,0,0,1,0,2,2,1,1,1,0,1
-1.3593946153415164,0.26156994320319593,-0.7690932894953085,-1.370862990412113,-0.40199490441104246,-0.9383447523158153,1,0,1,0,0,1,0,1,1,0,1,0,0,2,0,1,2,1,2,0
0.3372801582870659,0.9581078723268344,0.06407887272212458,-0.011497897746499092,-0.40199490441104246,0.028626206786179966,1,0,0,1,0,1,0,1,1,0,0,1,0,1,0,1,0,2,1,1
0.3372801582870659,-1.3056403973249906,1.3832681295663938,-0.011497897746499092,1.2298252225856356,-0.9383447523158153,1,0,0,1,0,1,0,1,1,0,0,0,1,1,1,0,0,1,0,1
1.3552850224642152,0.34863718434365076,-1.6716964652308612,0.6681846485863079,1.2298252225856356,0.9955971658881752,1,0,0,1,0,1,1,0,1,0,0,0,1,1,1,1,1,1,2,0
1.3552850224642152,-0.08669902135862327,1.3138371160482742,1.3478671949191148,0.4139151590872966,1.9625681249901703,0,1,1,0,0,1,0,1,1,0,0,0,1,1,2,0,0,1,1,0
-0.8503921832529416,-1.044438673903626,-1.7411274787489806,-0.691180444079306,0.4139151590872966,0.028626206786179966,0,1,0,1,0,1,0,1,1,0,0,1,0,1,1,2,2,0,0,1
0.16761268092420772,-1.566842120746355,-1.1856793706040252,-0.691180444079306,0.4139151590872966,0.028626206786179966,1,0,1,0,1,0,0,1,1,0,0,1,0,1,0,1,0,2,1,1
-1.0200596606158,1.4805113191695631,-0.9079553165315475,-1.370862990412113,-0.40199490441104246,0.9955971658881752,1,0,0,1,1,0,1,0,0,1,0,1,0,0,2,1,1,1,2,2
-0.002054796438650507,1.4805113191695631,-0.8385243030134281,-1.370862990412113,-1.2179049679093814,0.028626206786179966,1,0,0,1,0,1,0,1,1,0,1,0,0,1,2,1,0,1,1,2
-0.5110572285272252,0.6098389077650151,-1.0468173435677863,-1.370862990412113,2.045735286083975,0.028626206786179966,1,0,1,0,0,1,0,1,0,1,0,0,1,1,1,1,1,1,0,0
0.8462825903756406,-0.609102468201352,-0.1442141678322337,-0.011497897746499092,-0.40199490441104246,-0.9383447523158153,0,1,0,1,0,1,0,1,1,0,0,0,1,1,0,1,1,1,0,0
-0.8503921832529416,0.8710406311863795,-1.6716964652308612,0.6681846485863079,0.4139151590872966,-0.9383447523158153,1,0,0,1,0,1,0,1,1,0,1,0,0,2,2,2,2,1,0,1
1.5249524998270736,-0.8703041916227164,-1.1162483570859056,-0.691180444079306,0.4139151590872966,0.9955971658881752,0,1,1,0,1,0,0,1,1,0,0,1,0,1,0,2,1,1,2,2
-1.0200596606158,0.7839733900459247,-1.1162483570859056,0.6681846485863079,-0.40199490441104246,0.028626206786179966,0,1,1,0,0,1,0,1,1,0,0,1,0,1,1,2,0,1,1,0
0.6766151130127824,-1.7409766030272644,-0.1442141678322337,-0.691180444079306,-0.40199490441104246,1.9625681249901703,0,1,1,0,1,0,0,1,1,0,0,0,1,2,2,1,0,1,2,1
0.16761268092420772,-1.131505915044081,-0.352507208386592,-0.011497897746499092,0.4139151590872966,-0.9383447523158153,1,0,1,0,1,0,0,1,1,0,1,0,0,0,2,0,0,1,2,1
0.3372801582870659,-0.8703041916227164,0.4112339403127217,-0.011497897746499092,1.2298252225856356,-0.9383447523158153,1,0,0,1,0,1,0,1,1,0,0,1,0,2,1,0,1,1,2,1
-0.002054796438650507,-1.131505915044081,-1.5328344381946224,2.0275497412519217,-0.40199490441104246,-0.9383447523158153,0,1,1,0,1,0,0,1,1,0,0,0,1,1,2,2,0,1,2,0
-0.17172227380150873,-1.2185731561845357,-1.1162483570859056,0.6681846485863079,-0.40199490441104246,-0.9383447523158153,1,0,0,1,0,1,0,1,1,0,0,0,1,2,2,1,1,0,2,1
0.6766151130127824,-1.044438673903626,-0.07478315431411428,-0.691180444079306,-0.40199490441104246,0.028626206786179966,1,0,0,1,0,1,0,1,1,0,0,1,0,1,1,1,1,1,0,0
-1.3593946153415164,0.26156994320319593,0.7583890079033189,-0.011497897746499092,-0.40199490441104246,0.9955971658881752,1,0,0,1,0,1,0,1,1,0,1,0,0,0,1,0,2,1,1,0
0.16761268092420772,-0.08669902135862327,1.6609921836388715,0.6681846485863079,0.4139151590872966,0.9955971658881752,0,1,0,1,0,1,0,1,1,0,0,0,1,2,0,1,0,2,0,0
-1.0200596606158,1.567578560310018,0.5500959673489606,-0.011497897746499092,1.2298252225856356,0.028626206786179966,0,1,0,1,0,1,1,0,1,0,0,0,1,2,2,1,0,1,1,0
1.185617545101357,1.6546458014504728,1.452699143084513,1.3478671949191148,-1.2179049679093814,-0.9383447523158153,0,1,1,0,1,0,0,1,1,0,0,0,1,2,1,0,2,1,1,1
1.3552850224642152,-1.3056403973249906,-1.1162483570859056,-1.370862990412113,0.4139151590872966,1.9625681249901703,0,1,1,0,0,1,0,1,1,0,0,1,0,1,1,2,0,1,0,0
0.16761268092420772,-0.34790074477998767,-0.21364518135035315,1.3478671949191148,-0.40199490441104246,0.028626206786179966,1,0,0,1,0,1,0,1,1,0,0,1,0,2,2,0,0,2,0,1
0.16761268092420772,-0.9573714327631713,0.6889579943851994,-0.011497897746499092,0.4139151590872966,-2.872286670519806,0,1,1,0,0,1,0,1,1,0,0,0,1,1,0,1,1,1,2,0
0.6766151130127824,0.7839733900459247,-1.5328344381946224,1.3478671949191148,-0.40199490441104246,0.028626206786179966,0,1,1,0,0,1,0,1,1,0,0,1,0,1,0,1,0,2,0,0
0.5069476356499242,-0.17376626249907806,1.3138371160482742,0.6681846485863079,-0.40199490441104246,-0.9383447523158153,0,1,1,0,1,0,0,1,0,1,0,1,0,2,1,1,2,1,0,1
0.16761268092420772,0.0003682197818315326,0.20294089975836344,-0.691180444079306,-1.2179049679093814,-0.9383447523158153,1,0,1,0,0,1,0,1,1,0,1,0,0,1,0,1,1,1,2,0
0.3372801582870659,1.132242354607744,0.133509886240244,0.6681846485863079,-1.2179049679093814,-1.9053157114178105,1,0,0,1,1,0,0,1,1,0,0,1,0,2,1,1,2,1,0,0
-0.17172227380150873,1.3934440780291084,0.7583890079033189,-1.370862990412113,1.2298252225856356,0.028626206786179966,0,1,0,1,0,1,1,0,1,0,0,0,1,1,0,1,1,1,0,1
1.185617545101357,0.9581078723268344,-0.005352140795994853,0.6681846485863079,0.4139151590872966,0.028626206786179966,0,1,1,0,1,0,0,1,1,0,0,1,0,1,1,0,1,2,0,0
-0.8503921832529416,-1.6539093618868097,0.7583890079033189,-0.691180444079306,0.4139151590872966,0.028626206786179966,1,0,0,1,0,1,0,1,1,0,0,1,0,2,1,2,2,2,0,0
-0.341389751164367,-0.609102468201352,0.8972510349395577,-1.370862990412113,-0.40199490441104246,1.9625681249901703,1,0,0,1,0,1,0,1,1,0,0,0,1,1,0,1,1,1,1,0
1.3552850224642152,-0.609102468201352,-0.8385243030134281,-0.011497897746499092,-1.2179049679093814,-0.9383447523158153,0,1,0,1,0,1,0,1,1,0,0,0,1,0,1,0,0,1,0,0
1.185617545101357,-0.9573714327631713,0.3418029267946023,2.0275497412519217,-0.40199490441104246,0.9955971658881752,1,0,0,1,0,1,1,0,0,1,0,0,1,2,2,1,1,2,0,0
-1.189727137978658,1.567578560310018,-0.2830761948684726,-0.691180444079306,-0.40199490441104246,-1.9053157114178105,1,0,1,0,0,1,0,1,1,0,0,0,1,1,2,1,0,2,1,0
0.3372801582870659,-1.6539093618868097,0.8972510349395577,0.6681846485863079,-0.40199490441104246,0.9955971658881752,1,0,0,1,1,0,0,1,1,0,0,1,0,2,1,0,1,2,0,0
0.16761268092420772,1.6546458014504728,1.105544075493916,-0.011497897746499092,1.2298252225856356,0.9955971658881752,0,1,0,1,0,1,1,0,1,0,0,0,1,2,1,1,1,1,1,0
-0.002054796438650507,0.43570442548410554,0.5500959673489606,1.3478671949191148,1.2298252225856356,0.028626206786179966,0,1,0,1,0,1,0,1,0,1,0,0,1,2,1,0,1,1,1,0
-0.002054796438650507,1.4805113191695631,0.61952698086708,0.6681846485863079,2.045735286083975,1.9625681249901703,1,0,0,1,0,1,0,1,1,0,0,0,1,1,0,0,1,1,0,0
-0.5110572285272252,1.7417130425909275,-0.2830761948684726,-1.370862990412113,0.4139151590872966,0.9955971658881752,0,1,0,1,0,1,0,1,1,0,0,1,0,1,2,0,0,1,0,0
-0.17172227380150873,-1.6539093618868097,-0.07478315431411428,-0.011497897746499092,0.4139151590872966,0.028626206786179966,0,1,0,1,1,0,0,1,1,0,1,0,0,1,1,0,2,1,2,2
-0.002054796438650507,1.567578560310018,-0.4219382219047114,-0.011497897746499092,0.4139151590872966,-0.9383447523158153,1,0,0,1,0,1,1,0,1,0,1,0,0,2,1,2,2,2,1,0
1.3552850224642152,0.0003682197818315326,-0.6996622759771891,0.6681846485863079,0.4139151590872966,-0.9383447523158153,0,1,1,0,1,0,0,1,1,0,0,1,0,0,1,0,0,1,1,0
-1.3593946153415164,0.34863718434365076,-0.2830761948684726,-0.691180444079306,0.4139151590872966,0.028626206786179966,0,1,0,1,0,1,1,0,1,0,0,0,1,2,2,1,1,1,1,1
-0.341389751164367,-0.2608335036395329,0.6889579943851994,2.0275497412519217,0.4139151590872966,0.028626206786179966,1,0,0,1,1,0,0,1,1,0,0,0,1,2,1,0,1,1,2,0
-0.8503921832529416,0.17450270206274113,-0.005352140795994853,-0.691180444079306,-0.40199490441104246,0.028626206786179966,0,1,0,1,0,1,0,1,1,0,0,0,1,1,2,1,1,0,0,0
-0.5110572285272252,1.045175113467289,-0.6996622759771891,-0.691180444079306,1.2298252225856356,-0.9383447523158153,0,1,0,1,0,1,0,1,1,0,0,0,1,0,1,2,1,2,1,0
0.6766151130127824,0.43570442548410554,0.9666820484576771,0.6681846485863079,-0.40199490441104246,0.028626206786179966,1,0,0,1,1,0,0,1,1,0,0,1,0,2,2,1,0,1,0,1
-0.341389751164367,-0.17376626249907806,0.5500959673489606,1.3478671949191148,0.4139151590872966,-0.9383447523158153,1,0,1,0,0,1,0,1,1,0,1,0,0,0,2,1,0,1,2,1
-0.6807247058900834,-0.17376626249907806,-0.9079553165315475,-0.011497897746499092,-1.2179049679093814,-1.9053157114178105,1,0,0,1,1,0,0,1,1,0,1,0,0,0,2,1,2,2,0,2
-0.8503921832529416,0.5227716666245603,-0.49136923542283084,2.0275497412519217,-1.2179049679093814,1.9625681249901703,0,1,0,1,0,1,0,1,1,0,0,1,0,2,2,1,2,1,1,0
0.3372801582870659,-1.3927076384654453,0.133509886240244,2.0275497412519217,-0.40199490441104246,0.028626206786179966,0,1,0,1,0,1,0,1,1,0,0,0,1,2,1,1,0,2,0,1
-0.6807247058900834,-0.609102468201352,-0.9773863300496669,-2.05054553674492,2.045735286083975,1.9625681249901703,0,1,1,0,0,1,0,1,1,0,0,1,0,1,1,0,0,2,0,1
0.16761268092420772,0.69690614890547,-0.8385243030134281,-0.691180444079306,-0.40199490441104246,0.028626206786179966,1,0,0,1,0,1,0,1,1,0,0,1,0,1,1,0,1,1,0,0
-0.8503921832529416,0.6098389077650151,0.3418029267946023,-2.05054553674492,-1.2179049679093814,0.028626206786179966,0,1,1,0,0,1,0,1,1,0,0,0,1,2,0,2,0,1,1,0
-1.189727137978658,-0.8703041916227164,-1.5328344381946224,-0.691180444079306,0.4139151590872966,-2.872286670519806,1,0,0,1,0,1,0,1,0,1,1,0,0,1,1,1,0,1,1,1
-0.5110572285272252,1.045175113467289,0.8972510349395577,0.6681846485863079,-0.40199490441104246,0.028626206786179966,1,0,0,1,0,1,1,0,1,0,0,1,0,0,1,2,2,1,0,0
-1.189727137978658,0.34863718434365076,-0.2830761948684726,2.0275497412519217,-0.40199490441104246,0.028626206786179966,0,1,0,1,1,0,0,1,1,0,0,1,0,0,1,0,1,2,1,1
0.16761268092420772,1.7417130425909275,0.27237191327648286,-0.691180444079306,0.4139151590872966,-1.9053157114178105,1,0,0,1,0,1,0,1,1,0,0,1,0,0,1,1,0,1,0,0
-0.5110572285272252,1.567578560310018,-0.352507208386592,1.3478671949191148,-0.40199490441104246,-0.9383447523158153,0,1,1,0,0,1,0,1,1,0,1,0,0,1,2,0,2,1,0,0
0.6766151130127824,1.3063768368886535,1.0361130619757966,1.3478671949191148,1.2298252225856356,0.9955971658881752,0,1,0,1,0,1,0,1,1,0,0,0,1,1,0,1,0,0,0,1
-1.0200596606158,1.2193095957481987,0.5500959673489606,0.6681846485863079,2.045735286083975,1.9625681249901703,1,0,0,1,0,1,0,1,0,1,1,0,0,2,2,1,1,0,2,0
1.6946199771899317,1.4805113191695631,-0.6302312624590697,-0.691180444079306,-0.40199490441104246,-0.9383447523158153,0,1,1,0,0,1,0,1,1,0,0,1,0,1,2,2,1,1,1,0
0.16761268092420772,-1.3056403973249906,1.105544075493916,-0.011497897746499092,0.4139151590872966,0.028626206786179966,1,0,0,1,0,1,0,1,1,0,0,0,1,1,0,0,1,2,0,2
1.185617545101357,-0.2608335036395329,1.452699143084513,-0.691180444079306,-1.2179049679093814,0.028626206786179966,0,1,0,1,0,1,0,1,1,0,0,0,1,1,2,0,1,2,2,1
0.3372801582870659,-0.4349679859204425,-0.8385243030134281,-0.691180444079306,-0.40199490441104246,-0.9383447523158153,0,1,0,1,0,1,0,1,1,0,0,0,1,1,2,0,0,1,1,0
0.16761268092420772,1.6546458014504728,-1.2551103841221445,-0.011497897746499092,0.4139151590872966,-0.9383447523158153,0,1,0,1,1,0,0,1,1,0,0,1,0,1,0,2,1,1,2,0
-1.0200596606158,-0.2608335036395329,0.9666820484576771,-1.370862990412113,-1.2179049679093814,-0.9383447523158153,0,1,1,0,0,1,0,1,1,0,0,0,1,2,2,0,1,1,1,0
-0.17172227380150873,1.3063768368886535,-1.1856793706040252,2.0275497412519217,0.4139151590872966,0.028626206786179966,0,1,0,1,1,0,0,1,1,0,0,0,1,2,0,0,2,1,0,0
0.6766151130127824,-0.7832369504822617,1.105544075493916,-0.691180444079306,1.2298252225856356,-0.9383447523158153,1,0,0,1,0,1,0,1,1,0,0,1,0,0,2,1,2,1,0,2
-1.3593946153415164,1.045175113467289,0.9666820484576771,-0.011497897746499092,-0.40199490441104246,-0.9383447523158153,0,1,1,0,0,1,0,1,1,0,0,1,0,2,0,1,1,2,2,1
1.185617545101357,1.3934440780291084,-0.2830761948684726,1.3478671949191148,-1.2179049679093814,0.9955971658881752,1,0,1,0,1,0,0,1,1,0,0,0,1,1,2,0,0,1,1,0
0.5069476356499242,-0.17376626249907806,1.244406102530155,-0.691180444079306,-1.2179049679093814,1.9625681249901703,0,1,1,0,0,1,0,1,1,0,0,0,1,2,0,1,1,2,2,0
-0.6807247058900834,-1.6539093618868097,0.20294089975836344,2.0275497412519217,0.4139151590872966,-0.9383447523158153,1,0,0,1,0,1,0,1,1,0,0,0,1,1,2,1,0,2,1,1
-1.5290620927043745,-0.17376626249907806,1.591561170120752,-0.011497897746499092,0.4139151590872966,0.028626206786179966,1,0,0,1,0,1,0,1,1,0,0,1,0,1,0,0,1,1,0,0
-2.0380645247929494,0.26156994320319593,0.6889579943851994,-0.691180444079306,-0.40199490441104246,0.028626206786179966,1,0,0,1,0,1,0,1,1,0,0,1,0,2,0,0,0,2,0,2
-0.6807247058900834,0.43570442548410554,1.105544075493916,-0.011497897746499092,-1.2179049679093814,-0.9383447523158153,0,1,0,1,0,1,0,1,1,0,0,1,0,1,2,2,1,1,2,1
1.3552850224642152,-0.9573714327631713,1.591561170120752,0.6681846485863079,-1.2179049679093814,1.9625681249901703,0,1,0,1,1,0,0,1,1,0,0,0,1,1,0,1,1,1,0,0
1.015950067738499,1.7417130425909275,-0.07478315431411428,-0.011497897746499092,-0.40199490441104246,-0.9383447523158153,1,0,0,1,1,0,0,1,1,0,0,1,0,2,2,0,1,1,0,2
1.3552850224642152,0.08743546092228634,1.1749750890120354,0.6681846485863079,-0.40199490441104246,0.028626206786179966,1,0,0,1,0,1,0,1,1,0,0,0,1,1,2,1,2,1,1,0
-1.0200596606158,-0.17376626249907806,0.3418029267946023,0.6681846485863079,-0.40199490441104246,-1.9053157114178105,1,0,0,1,0,1,0,1,1,0,0,1,0,2,2,0,1,1,0,0
-0.002054796438650507,0.9581078723268344,0.8972510349395577,-0.691180444079306,-0.40199490441104246,0.9955971658881752,0,1,0,1,0,1,0,1,1,0,0,0,1,1,1,1,0,1,0,1
-0.17172227380150873,-0.5220352270608973,-0.49136923542283084,-0.011497897746499092,0.4139151590872966,-0.9383447523158153,1,0,0,1,0,1,0,1,1,0,1,0,0,1,2,1,0,2,0,0
1.185617545101357,-1.6539093618868097,0.7583890079033189,2.0275497412519217,1.2298252225856356,0.028626206786179966,1,0,1,0,0,1,0,1,1,0,0,0,1,2,2,1,1,2,0,0
0.6766151130127824,1.132242354607744,1.452699143084513,-0.011497897746499092,2.861645349582314,0.9955971658881752,1,0,0,1,0,1,1,0,1,0,1,0,0,1,1,1,2,1,2,0
0.6766151130127824,0.8710406311863795,1.244406102530155,-0.011497897746499092,-0.40199490441104246,-0.9383447523158153,0,1,0,1,1,0,0,1,0,1,0,1,0,1,2,0,0,2,2,0
-0.17172227380150873,-1.3927076384654453,-1.2551103841221445,1.3478671949191148,-1.2179049679093814,0.028626206786179966,1,0,1,0,1,0,0,1,1,0,0,1,0,2,1,0,1,2,0,0
-1.189727137978658,1.132242354607744,-0.9079553165315475,1.3478671949191148,-1.2179049679093814,0.028626206786179966,0,1,1,0,1,0,0,1,1,0,0,1,0,1,2,0,0,1,0,1
-0.17172227380150873,1.567578560310018,-0.49136923542283084,-0.011497897746499092,-0.40199490441104246,0.9955971658881752,1,0,1,0,0,1,0,1,1,0,0,1,0,0,2,1,0,1,0,1
-0.002054796438650507,1.3934440780291084,1.0361130619757966,-2.05054553674492,1.2298252225856356,-0.9383447523158153,0,1,1,0,1,0,0,1,1,0,0,1,0,2,1,1,0,1,1,0
-0.17172227380150873,1.3063768368886535,0.7583890079033189,-1.370862990412113,-1.2179049679093814,0.9955971658881752,0,1,0,1,0,1,0,1,1,0,1,0,0,0,0,1,2,1,0,1
0.8462825903756406,0.43570442548410554,0.06407887272212458,-0.011497897746499092,0.4139151590872966,-0.9383447523158153,1,0,0,1,0,1,0,1,1,0,0,0,1,1,1,1,2,1,1,0
1.6946199771899317,0.69690614890547,-0.7690932894953085,-0.691180444079306,-0.40199490441104246,-0.9383447523158153,1,0,0,1,0,1,0,1,1,0,0,1,0,2,1,1,2,1,1,0
0.6766151130127824,1.567578560310018,1.105544075493916,-0.011497897746499092,0.4139151590872966,0.9955971658881752,0,1,0,1,0,1,0,1,1,0,0,1,0,1,1,1,1,1,2,0
-0.002054796438650507,0.8710406311863795,0.27237191327648286,1.3478671949191148,0.4139151590872966,-0.9383447523158153,1,0,0,1,1,0,0,1,1,0,1,0,0,2,2,1,0,1,0,0
1.5249524998270736,-0.8703041916227164,1.5221301566026326,0.6681846485863079,1.2298252225856356,0.028626206786179966,0,1,0,1,1,0,0,1,1,0,0,0,1,0,2,0,0,2,2,1
-1.189727137978658,1.567578560310018,-1.324541397640264,-0.691180444079306,-0.40199490441104246,0.028626206786179966,1,0,0,1,0,1,0,1,1,0,1,0,0,2,0,1,2,0,1,1
-1.189727137978658,0.34863718434365076,1.591561170120752,-0.011497897746499092,-1.2179049679093814,0.9955971658881752,0,1,0,1,1,0,1,0,0,1,0,1,0,2,1,1,0,0,0,0
-0.341389751164367,0.69690614890547,-0.49136923542283084,-0.691180444079306,-1.2179049679093814,0.9955971658881752,1,0,0,1,1,0,0,1,1,0,0,1,0,2,1,0,1,2,0,2
1.015950067738499,1.4805113191695631,0.27237191327648286,-1.370862990412113,0.4139151590872966,0.028626206786179966,1,0,1,0,1,0,0,1,1,0,0,0,1,1,0,2,0,0,0,0
0.3372801582870659,-1.3927076384654453,-1.0468173435677863,1.3478671949191148,-0.40199490441104246,-0.9383447523158153,0,1,1,0,0,1,0,1,1,0,0,1,0,0,1,1,2,2,0,0
1.3552850224642152,0.69690614890547,1.244406102530155,0.6681846485863079,1.2298252225856356,-1.9053157114178105,1,0,0,1,0,1,0,1,1,0,1,0,0,0,2,1,0,1,2,1
-0.6807247058900834,0.7839733900459247,0.5500959673489606,-0.011497897746499092,-1.2179049679093814,0.9955971658881752,0,1,0,1,0,1,0,1,1,0,0,0,1,2,1,2,0,2,2,1
1.015950067738499,0.34863718434365076,-0.9079553165315475,-2.05054553674492,1.2298252225856356,-0.9383447523158153,0,1,0,1,1,0,1,0,1,0,0,0,1,0,2,1,2,2,0,0
0.6766151130127824,-0.2608335036395329,1.452699143084513,0.6681846485863079,-1.2179049679093814,0.028626206786179966,1,0,0,1,1,0,0,1,1,0,0,1,0,2,0,1,1,1,0,0
-0.6807247058900834,0.26156994320319593,-1.324541397640264,-0.011497897746499092,1.2298252225856356,-0.9383447523158153,0,1,0,1,0,1,0,1,1,0,1,0,0,2,2,1,1,1,0,0
-1.3593946153415164,1.567578560310018,-0.8385243030134281,-0.011497897746499092,-1.2179049679093814,0.028626206786179966,1,0,1,0,1,0,0,1,0,1,0,1,0,0,1,1,2,1,0,0
0.16761268092420772,-1.566842120746355,-1.1856793706040252,-0.011497897746499092,0.4139151590872966,-1.9053157114178105,1,0,0,1,0,1,0,1,1,0,0,0,1,2,0,1,0,2,1,0
-1.189727137978658,0.0003682197818315326,1.3138371160482742,-1.370862990412113,-0.40199490441104246,0.028626206786179966,1,0,1,0,0,1,0,1,1,0,0,0,1,1,1,2,1,1,0,0
-0.17172227380150873,0.6098389077650151,0.7583890079033189,0.6681846485863079,-0.40199490441104246,0.9955971658881752,1,0,0,1,0,1,0,1,1,0,0,0,1,2,0,0,1,2,0,1
-0.6807247058900834,-1.3056403973249906,0.133509886240244,-1.370862990412113,-0.40199490441104246,0.028626206786179966,0,1,0,1,1,0,0,1,1,0,0,0,1,1,1,1,2,2,0,1
-1.0200596606158,1.3934440780291084,1.5221301566026326,-2.05054553674492,0.4139151590872966,0.028626206786179966,1,0,0,1,0,1,0,1,1,0,1,0,0,1,2,0,1,1,0,0
-1.3593946153415164,1.045175113467289,-1.1856793706040252,-2.05054553674492,0.4139151590872966,-0.9383447523158153,0,1,0,1,1,0,0,1,0,1,0,0,1,2,1,0,1,1,1,1
-0.002054796438650507,-0.609102468201352,-0.352507208386592,-1.370862990412113,-0.40199490441104246,-0.9383447523158153,0,1,0,1,1,0,0,1,1,0,1,0,0,2,2,2,0,2,0,1
0.5069476356499242,-1.044438673903626,1.1749750890120354,-0.011497897746499092,1.2298252225856356,0.9955971658881752,0,1,1,0,0,1,1,0,1,0,0,1,0,0,0,1,0,2,0,0
0.8462825903756406,1.132242354607744,-0.8385243030134281,-1.370862990412113,0.4139151590872966,-0.9383447523158153,1,0,0,1,0,1,0,1,1,0,0,0,1,2,2,1,2,1,2,0
0.16761268092420772,1.132242354607744,-1.324541397640264,-0.691180444079306,-0.40199490441104246,0.028626206786179966,0,1,0,1,0,1,1,0,1,0,0,0,1,1,1,1,0,1,0,0
1.015950067738499,0.6098389077650151,1.591561170120752,-0.691180444079306,-1.2179049679093814,0.9955971658881752,0,1,0,1,1,0,0,1,1,0,1,0,0,1,1,2,1,2,1,1
1.6946199771899317,-1.3927076384654453,0.7583890079033189,-0.011497897746499092,-0.40199490441104246,0.028626206786179966,1,0,1,0,1,0,0,1,1,0,0,0,1,1,1,0,1,1,2,2
-0.5110572285272252,0.0003682197818315326,0.8972510349395577,0.6681846485863079,2.045735286083975,0.9955971658881752,0,1,1,0,1,0,1,0,1,0,0,1,0,0,2,1,1,2,1,1
-0.002054796438650507,1.045175113467289,-1.5328344381946224,-0.011497897746499092,0.4139151590872966,-0.9383447523158153,0,1,1,0,1,0,0,1,1,0,0,0,1,1,0,1,1,2,1,2
-1.5290620927043745,-1.566842120746355,-0.49136923542283084,-2.05054553674492,0.4139151590872966,0.028626206786179966,0,1,0,1,0,1,0,1,1,0,1,0,0,1,2,1,2,1,0,1
-0.002054796438650507,1.045175113467289,0.7583890079033189,-1.370862990412113,-1.2179049679093814,-0.9383447523158153,1,0,0,1,1,0,0,1,1,0,0,1,0,1,0,0,1,1,2,1
-0.6807247058900834,1.132242354607744,0.4112339403127217,-0.011497897746499092,0.4139151590872966,0.028626206786179966,0,1,1,0,0,1,0,1,0,1,1,0,0,1,0,1,0,1,2,1
0.16761268092420772,-0.08669902135862327,0.8972510349395577,-0.011497897746499092,-1.2179049679093814,0.9955971658881752,0,1,1,0,0,1,0,1,1,0,1,0,0,0,1,0,0,1,0,1
0.3372801582870659,-1.7409766030272644,0.9666820484576771,0.6681846485863079,0.4139151590872966,0.9955971658881752,0,1,1,0,0,1,0,1,1,0,0,1,0,2,1,1,1,2,1,1
0.16761268092420772,0.8710406311863795,1.6609921836388715,-0.691180444079306,0.4139151590872966,0.028626206786179966,1,0,1,0,1,0,0,1,1,0,1,0,0,1,1,1,0,1,1,0
-0.002054796438650507,-0.7832369504822617,-0.21364518135035315,-1.370862990412113,2.045735286083975,0.9955971658881752,0,1,0,1,1,0,0,1,1,0,0,0,1,0,1,1,1,1,2,1
-1.5290620927043745,0.9581078723268344,1.730423197156991,-0.691180444079306,2.045735286083975,-0.9383447523158153,0,1,0,1,0,1,0,1,1,0,1,0,0,2,0,0,0,1,2,0
-0.5110572285272252,-0.17376626249907806,-1.6716964652308612,1.3478671949191148,-0.40199490441104246,0.028626206786179966,0,1,1,0,0,1,0,1,1,0,0,1,0,1,0,2,0,1,0,1
-2.547066956881524,1.045175113467289,-1.6022654517127417,1.3478671949191148,0.4139151590872966,0.9955971658881752,1,0,1,0,0,1,0,1,0,1,0,1,0,1,1,1,2,1,1,1
0.8462825903756406,1.132242354607744,-1.5328344381946224,-1.370862990412113,-1.2179049679093814,1.9625681249901703,1,0,1,0,0,1,0,1,1,0,0,1,0,1,1,1,2,1,1,1
0.3372801582870659,-1.566842120746355,0.06407887272212458,0.6681846485863079,-0.40199490441104246,0.028626206786179966,0,1,0,1,1,0,0,1,1,0,0,1,0,2,0,1,1,0,0,0
1.185617545101357,-0.6961697093418069,-0.49136923542283084,-2.05054553674492,-1.2179049679093814,0.028626206786179966,0,1,0,1,1,0,1,0,0,1,1,0,0,1,0,1,1,2,1,0
-1.3593946153415164,-0.609102468201352,-1.0468173435677863,-1.370862990412113,-0.40199490441104246,0.9955971658881752,0,1,0,1,1,0,0,1,1,0,1,0,0,2,1,1,0,1,0,1
-1.189727137978658,-1.044438673903626,-1.0468173435677863,-0.011497897746499092,-0.40199490441104246,0.028626206786179966,1,0,1,0,1,0,0,1,1,0,0,0,1,0,2,1,1,0,1,1
0.5069476356499242,-0.08669902135862327,0.4806649538308412,0.6681846485863079,1.2298252225856356,0.028626206786179966,1,0,0,1,0,1,0,1,0,1,1,0,0,2,2,0,1,1,2,1
0.3372801582870659,1.132242354607744,0.27237191327648286,1.3478671949191148,0.4139151590872966,-0.9383447523158153,1,0,0,1,1,0,0,1,1,0,0,0,1,2,1,1,1,2,2,0
-0.341389751164367,-1.6539093618868097,1.452699143084513,-0.691180444079306,-1.2179049679093814,0.028626206786179966,0,1,0,1,0,1,0,1,1,0,1,0,0,1,1,1,1,1,0,0
-1.0200596606158,-0.4349679859204425,-0.9079553165315475,0.6681846485863079,-1.2179049679093814,-0.9383447523158153,1,0,0,1,0,1,0,1,1,0,1,0,0,1,0,0,2,1,0,1
0.16761268092420772,1.7417130425909275,1.3138371160482742,-0.691180444079306,-0.40199490441104246,0.028626206786179966,1,0,0,1,1,0,1,0,1,0,0,0,1,0,2,1,2,1,1,1
-1.5290620927043745,1.045175113467289,0.61952698086708,-0.691180444079306,0.4139151590872966,-1.9053157114178105,1,0,0,1,0,1,0,1,1,0,1,0,0,2,2,1,0,0,0,0
1.185617545101357,-0.17376626249907806,-1.5328344381946224,2.0275497412519217,1.2298252225856356,0.9955971658881752,0,1,1,0,1,0,0,1,0,1,0,1,0,1,1,1,1,1,2,1
0.5069476356499242,-1.131505915044081,0.8972510349395577,-0.011497897746499092,-0.40199490441104246,0.9955971658881752,0,1,1,0,0,1,0,1,1,0,0,0,1,2,0,1,0,1,0,0
-0.8503921832529416,0.43570442548410554,0.4806649538308412,-0.011497897746499092,0.4139151590872966,0.9955971658881752,0,1,0,1,1,0,0,1,1,0,1,0,0,2,1,2,1,1,0,2
-0.6807247058900834,-1.566842120746355,1.1749750890120354,-0.691180444079306,-1.2179049679093814,0.9955971658881752,1,0,1,0,1,0,1,0,1,0,0,0,1,1,2,1,1,1,0,0
-0.341389751164367,0.7839733900459247,0.8972510349395577,0.6681846485863079,-1.2179049679093814,-1.9053157114178105,0,1,0,1,0,1,0,1,1,0,1,0,0,0,2,0,2,1,0,1
-0.002054796438650507,1.2193095957481987,1.5221301566026326,-0.691180444079306,0.4139151590872966,1.9625681249901703,0,1,0,1,0,1,0,1,1,0,0,0,1,0,0,0,1,1,1,0
-0.341389751164367,-1.6539093618868097,-0.5608002489409503,-0.011497897746499092,0.4139151590872966,0.9955971658881752,0,1,0,1,1,0,0,1,1,0,0,0,1,1,0,0,2,1,0,0
0.5069476356499242,0.43570442548410554,-0.6302312624590697,-0.011497897746499092,-1.2179049679093814,-0.9383447523158153,0,1,0,1,1,0,1,0,1,0,0,1,0,1,2,0,2,2,1,0
0.6766151130127824,-0.34790074477998767,0.133509886240244,-0.011497897746499092,1.2298252225856356,0.9955971658881752,1,0,1,0,1,0,0,1,1,0,1,0,0,1,1,1,1,1,2,1
1.015950067738499,-1.131505915044081,1.3138371160482742,-1.370862990412113,-1.2179049679093814,-0.9383447523158153,0,1,0,1,0,1,0,1,1,0,0,0,1,1,2,1,1,1,1,0
1.3552850224642152,1.2193095957481987,0.3418029267946023,-1.370862990412113,0.4139151590872966,-0.9383447523158153,1,0,0,1,0,1,0,1,1,0,1,0,0,1,0,1,2,1,0,1
0.16761268092420772,0.69690614890547,1.244406102530155,-0.011497897746499092,2.045735286083975,0.028626206786179966,1,0,0,1,1,0,0,1,1,0,0,0,1,1,2,1,0,1,0,0
-0.6807247058900834,1.567578560310018,1.730423197156991,0.6681846485863079,0.4139151590872966,-1.9053157114178105,0,1,0,1,1,0,0,1,1,0,0,1,0,1,0,0,0,1,0,0
-0.6807247058900834,-0.2608335036395329,-1.4634034246765029,0.6681846485863079,-1.2179049679093814,0.028626206786179966,0,1,0,1,0,1,1,0,1,0,1,0,0,1,0,1,1,1,2,0
0.3372801582870659,0.34863718434365076,1.1749750890120354,-0.691180444079306,-1.2179049679093814,1.9625681249901703,1,0,0,1,0,1,0,1,1,0,0,1,0,1,1,0,1,1,0,0
0.5069476356499242,0.6098389077650151,-0.49136923542283084,0.6681846485863079,-1.2179049679093814,0.028626206786179966,0,1,1,0,1,0,0,1,1,0,0,1,0,2,0,1,2,2,1,2
0.6766151130127824,1.2193095957481987,-0.8385243030134281,-0.011497897746499092,-0.40199490441104246,0.028626206786179966,0,1,0,1,1,0,0,1,1,0,0,1,0,1,1,1,0,2,0,0
-0.17172227380150873,1.3934440780291084,-0.7690932894953085,-1.370862990412113,-0.40199490441104246,0.028626206786179966,0,1,0,1,1,0,0,1,1,0,0,1,0,1,1,1,1,1,0,0
0.3372801582870659,-1.6539093618868097,-0.07478315431411428,-0.691180444079306,-0.40199490441104246,0.028626206786179966,0,1,0,1,0,1,0,1,1,0,1,0,0,2,0,1,0,1,0,0
1.5249524998270736,-0.609102468201352,0.06407887272212458,-0.011497897746499092,0.4139151590872966,0.028626206786179966,1,0,1,0,1,0,0,1,1,0,0,1,0,1,1,1,0,2,0,0
1.185617545101357,-0.4349679859204425,-1.4634034246765029,-0.011497897746499092,0.4139151590872966,0.028626206786179966,1,0,0,1,0,1,0,1,1,0,1,0,0,1,0,0,1,1,2,0
-1.868397047430091,0.7839733900459247,-0.49136923542283084,2.0275497412519217,-0.40199490441104246,0.028626206786179966,1,0,0,1,1,0,0,1,1,0,1,0,0,1,0,2,2,2,0,0
0.16761268092420772,0.7839733900459247,0.3418029267946023,1.3478671949191148,-1.2179049679093814,0.028626206786179966,0,1,0,1,0,1,0,1,1,0,0,1,0,1,0,1,1,0,2,1
-0.17172227380150873,0.34863718434365076,-1.324541397640264,-0.011497897746499092,0.4139151590872966,0.028626206786179966,1,0,0,1,0,1,0,1,1,0,0,1,0,1,1,0,0,1,0,1
-1.189727137978658,0.34863718434365076,1.3138371160482742,1.3478671949191148,1.2298252225856356,-0.9383447523158153,0,1,0,1,0,1,0,1,0,1,1,0,0,1,1,1,1,1,0,0
0.3372801582870659,-1.4797748796059,-0.8385243030134281,-0.691180444079306,-0.40199490441104246,-0.9383447523158153,0,1,0,1,1,0,0,1,1,0,1,0,0,2,0,0,1,0,2,1
1.185617545101357,1.3063768368886535,-1.6022654517127417,-0.011497897746499092,1.2298252225856356,0.028626206786179966,1,0,1,0,1,0,0,1,1,0,1,0,0,2,1,2,1,2,1,1
-1.189727137978658,1.567578560310018,0.9666820484576771,-1.370862990412113,-0.40199490441104246,0.028626206786179966,0,1,0,1,0,1,0,1,1,0,1,0,0,2,1,2,2,1,0,0
-1.3593946153415164,0.43570442548410554,0.8972510349395577,-0.011497897746499092,-0.40199490441104246,-2.872286670519806,1,0,0,1,0,1,0,1,1,0,0,1,0,2,2,2,0,1,1,2
-0.002054796438650507,0.0003682197818315326,0.4112339403127217,0.6681846485863079,1.2298252225856356,0.9955971658881752,0,1,1,0,1,0,0,1,1,0,1,0,0,0,2,1,1,1,2,0
2.0339549319156482,-0.4349679859204425,-1.3939724111583836,-0.011497897746499092,-0.40199490441104246,0.9955971658881752,0,1,0,1,1,0,0,1,1,0,0,1,0,0,0,1,1,1,0,1
-0.8503921832529416,0.34863718434365076,-0.005352140795994853,-0.691180444079306,0.4139151590872966,0.9955971658881752,1,0,1,0,0,1,0,1,0,1,0,0,1,1,2,1,1,1,2,0
1.185617545101357,0.6098389077650151,-1.4634034246765029,-0.691180444079306,-1.2179049679093814,-0.9383447523158153,1,0,1,0,1,0,0,1,1,0,0,0,1,2,1,1,1,1,0,0
0.3372801582870659,1.6546458014504728,-0.5608002489409503,-1.370862990412113,-0.40199490441104246,0.028626206786179966,0,1,1,0,0,1,0,1,1,0,1,0,0,1,1,2,1,2,1,0
1.8642874545527899,1.3934440780291084,-0.6996622759771891,1.3478671949191148,-1.2179049679093814,-0.9383447523158153,0,1,1,0,0,1,0,1,1,0,0,0,1,2,2,2,0,1,0,2
0.5069476356499242,-1.131505915044081,1.3138371160482742,-0.691180444079306,-0.40199490441104246,-0.9383447523158153,0,1,0,1,1,0,0,1,1,0,0,0,1,2,1,0,1,1,1,2
0.3372801582870659,0.43570442548410554,-0.1442141678322337,0.6681846485863079,-0.40199490441104246,0.028626206786179966,0,1,1,0,0,1,0,1,1,0,0,0,1,0,2,2,1,1,1,0
-0.8503921832529416,-1.3927076384654453,1.1749750890120354,-0.691180444079306,1.2298252225856356,0.9955971658881752,1,0,0,1,1,0,0,1,1,0,1,0,0,1,1,0,0,1,1,0
-1.3593946153415164,-0.6961697093418069,0.61952698086708,0.6681846485863079,-0.40199490441104246,1.9625681249901703,1,0,0,1,0,1,0,1,1,0,0,0,1,0,1,1,0,1,0,0
-0.341389751164367,0.08743546092228634,-0.6996622759771891,0.6681846485863079,0.4139151590872966,0.9955971658881752,0,1,0,1,1,0,0,1,1,0,0,1,0,1,1,0,0,1,2,0
-0.002054796438650507,0.26156994320319593,-0.6302312624590697,0.6681846485863079,-0.40199490441104246,0.028626206786179966,1,0,1,0,0,1,0,1,0,1,0,1,0,2,0,1,2,1,1,0
0.5069476356499242,1.567578560310018,0.133509886240244,-0.691180444079306,-0.40199490441104246,-1.9053157114178105,1,0,0,1,0,1,0,1,1,0,0,1,0,2,2,1,0,2,2,0
-0.17172227380150873,-0.8703041916227164,1.3832681295663938,-0.011497897746499092,-1.2179049679093814,0.028626206786179966,1,0,1,0,0,1,1,0,1,0,0,0,1,1,1,2,1,2,1,0
0.5069476356499242,0.9581078723268344,1.5221301566026326,-0.011497897746499092,0.4139151590872966,0.028626206786179966,0,1,0,1,0,1,0,1,1,0,0,1,0,2,0,0,0,1,1,1
1.185617545101357,0.26156994320319593,1.3832681295663938,2.0275497412519217,-1.2179049679093814,0.9955971658881752,1,0,1,0,1,0,0,1,1,0,0,1,0,1,1,1,2,0,0,1
-0.5110572285272252,-1.3056403973249906,-1.3939724111583836,-1.370862990412113,0.4139151590872966,0.028626206786179966,1,0,0,1,0,1,0,1,1,0,0,0,1,0,0,1,0,1,0,0
1.3552850224642152,-1.566842120746355,1.452699143084513,-0.691180444079306,2.045735286083975,0.028626206786179966,0,1,0,1,1,0,0,1,1,0,0,0,1,1,2,1,1,2,0,0
-0.8503921832529416,-0.4349679859204425,0.6889579943851994,0.6681846485863079,-0.40199490441104246,0.028626206786179966,0,1,0,1,1,0,0,1,1,0,0,1,0,2,1,1,0,2,0,0
1.3552850224642152,0.17450270206274113,0.3418029267946023,-0.691180444079306,-0.40199490441104246,1.9625681249901703,1,0,1,0,0,1,0,1,1,0,0,1,0,1,1,1,0,1,0,2
-0.17172227380150873,-0.9573714327631713,-1.1162483570859056,-0.011497897746499092,0.4139151590872966,-0.9383447523158153,1,0,1,0,0,1,0,1,1,0,0,1,0,1,2,0,0,0,2,1
0.8462825903756406,-0.34790074477998767,0.27237191327648286,-0.011497897746499092,0.4139151590872966,-0.9383447523158153,0,1,0,1,0,1,0,1,1,0,0,0,1,1,1,1,1,1,1,0
-0.002054796438650507,-0.6961697093418069,-1.324541397640264,-0.011497897746499092,-1.2179049679093814,2.929539084092166,0,1,0,1,0,1,0,1,0,1,1,0,0,1,2,0,0,1,1,1
0.16761268092420772,1.3934440780291084,-1.7411274787489806,-2.05054553674492,-0.40199490441104246,-0.9383447523158153,0,1,1,0,0,1,0,1,1,0,0,0,1,1,1,1,0,0,2,1
-0.002054796438650507,-1.131505915044081,1.244406102530155,-0.691180444079306,-0.40199490441104246,0.028626206786179966,0,1,0,1,1,0,1,0,0,1,1,0,0,1,1,0,0,1,1,0
-0.341389751164367,1.3934440780291084,0.3418029267946023,1.3478671949191148,-0.40199490441104246,0.028626206786179966,0,1,0,1,0,1,0,1,1,0,0,0,1,1,2,2,0,1,1,0
0.3372801582870659,-0.5220352270608973,0.133509886240244,-2.05054553674492,-1.2179049679093814,0.028626206786179966,0,1,1,0,1,0,0,1,0,1,1,0,0,2,2,0,2,1,0,0
-0.17172227380150873,0.7839733900459247,-1.0468173435677863,-1.370862990412113,2.045735286083975,-0.9383447523158153,1,0,0,1,0,1,0,1,1,0,0,0,1,0,1,0,1,1,2,1
0.5069476356499242,-1.3927076384654453,0.3418029267946023,-1.370862990412113,1.2298252225856356,-0.9383447523158153,1,0,0,1,0,1,0,1,0,1,1,0,0,2,1,0,1,2,1,1
0.16761268092420772,1.4805113191695631,-0.2830761948684726,0.6681846485863079,0.4139151590872966,-1.9053157114178105,0,1,0,1,1,0,0,1,1,0,0,1,0,1,1,2,2,2,1,1
-1.6987295700672327,0.43570442548410554,0.4112339403127217,-0.691180444079306,1.2298252225856356,0.028626206786179966,1,0,0,1,0,1,0,1,1,0,0,1,0,1,1,1,0,1,0,0
-1.3593946153415164,1.7417130425909275,-0.49136923542283084,-2.05054553674492,0.4139151590872966,0.028626206786179966,0,1,0,1,0,1,0,1,1,0,0,1,0,1,1,1,0,1,1,2
0.3372801582870659,1.3063768368886535,-0.4219382219047114,-0.691180444079306,1.2298252225856356,-0.9383447523158153,0,1,0,1,0,1,0,1,0,1,0,1,0,0,2,2,1,1,2,2
1.015950067738499,-1.131505915044081,-0.2830761948684726,0.6681846485863079,0.4139151590872966,0.028626206786179966,0,1,1,0,0,1,0,1,1,0,1,0,0,0,1,1,2,1,0,0
-0.5110572285272252,-0.08669902135862327,-0.005352140795994853,-0.691180444079306,-0.40199490441104246,0.9955971658881752,0,1,0,1,0,1,0,1,1,0,0,1,0,1,0,0,1,2,0,0
1.3552850224642152,-0.7832369504822617,-1.2551103841221445,1.3478671949191148,-0.40199490441104246,0.9955971658881752,1,0,0,1,0,1,0,1,1,0,0,1,0,1,1,2,0,2,2,0
-1.3593946153415164,0.0003682197818315326,-0.9773863300496669,-0.691180444079306,-1.2179049679093814,-0.9383447523158153,0,1,1,0,0,1,0,1,1,0,0,1,0,1,2,1,2,2,0,0
1.015950067738499,0.69690614890547,-0.07478315431411428,-0.691180444079306,-1.2179049679093814,-0.9383447523158153,1,0,0,1,1,0,0,1,1,0,1,0,0,1,2,1,0,1,0,1
-1.0200596606158,-1.3056403973249906,-1.1162483570859056,-1.370862990412113,-0.40199490441104246,0.9955971658881752,0,1,0,1,1,0,0,1,1,0,0,0,1,2,1,0,2,1,2,2
-0.5110572285272252,0.43570442548410554,-0.4219382219047114,-0.011497897746499092,2.045735286083975,-0.9383447523158153,1,0,1,0,0,1,0,1,1,0,0,1,0,2,2,1,0,2,0,0
-0.5110572285272252,-0.08669902135862327,-0.9079553165315475,0.6681846485863079,-0.40199490441104246,0.028626206786179966,1,0,0,1,1,0,0,1,1,0,0,1,0,0,2,0,0,1,0,0
-0.5110572285272252,1.7417130425909275,0.06407887272212458,-1.370862990412113,1.2298252225856356,0.028626206786179966,1,0,1,0,1,0,0,1,1,0,0,1,0,1,1,0,0,2,2,1
-0.5110572285272252,-0.17376626249907806,0.8972510349395577,-0.691180444079306,-0.40199490441104246,0.028626206786179966,1,0,1,0,0,1,0,1,1,0,0,0,1,1,1,1,1,2,1,0
-1.3593946153415164,-1.3927076384654453,0.4112339403127217,1.3478671949191148,-0.40199490441104246,0.028626206786179966,0,1,0,1,0,1,1,0,1,0,0,1,0,2,2,1,2,2,0,1
-0.341389751164367,-1.4797748796059,-0.6302312624590697,-0.011497897746499092,0.4139151590872966,-0.9383447523158153,1,0,1,0,0,1,0,1,1,0,1,0,0,1,1,0,1,1,1,0
0.3372801582870659,-1.131505915044081,-0.2830761948684726,-0.691180444079306,-0.40199490441104246,0.9955971658881752,0,1,0,1,0,1,0,1,1,0,0,1,0,0,1,0,1,2,1,1
0.6766151130127824,-0.7832369504822617,-1.6022654517127417,0.6681846485863079,0.4139151590872966,0.028626206786179966,1,0,0,1,1,0,1,0,1,0,1,0,0,0,1,1,1,1,1,0
0.3372801582870659,-1.131505915044081,-1.3939724111583836,2.0275497412519217,-0.40199490441104246,-0.9383447523158153,0,1,0,1,0,1,0,1,1,0,0,0,1,2,2,1,0,1,0,1
0.5069476356499242,-1.566842120746355,-0.352507208386592,-2.05054553674492,1.2298252225856356,-0.9383447523158153,1,0,0,1,0,1,0,1,1,0,0,0,1,1,0,2,1,2,1,1
-0.002054796438650507,-0.5220352270608973,-1.6716964652308612,0.6681846485863079,0.4139151590872966,0.028626206786179966,0,1,0,1,0,1,0,1,1,0,1,0,0,1,1,2,1,1,1,0
2.0339549319156482,1.2193095957481987,-1.5328344381946224,1.3478671949191148,-0.40199490441104246,0.028626206786179966,1,0,0,1,0,1,0,1,1,0,0,1,0,1,2,1,1,1,0,0
-0.002054796438650507,1.2193095957481987,0.9666820484576771,0.6681846485863079,-1.2179049679093814,0.9955971658881752,1,0,0,1,0,1,0,1,0,1,0,0,1,1,2,0,1,1,0,1
-0.002054796438650507,1.2193095957481987,1.105544075493916,0.6681846485863079,-0.40199490441104246,-0.9383447523158153,1,0,0,1,1,0,0,1,1,0,0,0,1,1,1,1,0,1,2,0
-0.5110572285272252,-0.17376626249907806,0.8972510349395577,0.6681846485863079,-1.2179049679093814,0.028626206786179966,1,0,0,1,1,0,0,1,1,0,1,0,0,1,2,1,0,1,0,0
2.3732898866413645,-0.2608335036395329,0.3418029267946023,-0.011497897746499092,-1.2179049679093814,0.028626206786179966,0,1,0,1,0,1,0,1,1,0,0,0,1,1,0,0,1,1,0,0
1.015950067738499,1.045175113467289,-1.4634034246765029,-2.05054553674492,0.4139151590872966,0.9955971658881752,0,1,0,1,1,0,0,1,1,0,0,0,1,1,2,1,2,1,0,1
0.16761268092420772,0.0003682197818315326,0.20294089975836344,-0.011497897746499092,-0.40199490441104246,0.9955971658881752,1,0,1,0,1,0,0,1,1,0,1,0,0,1,2,1,0,2,0,1
-0.8503921832529416,-1.3927076384654453,-0.5608002489409503,-0.011497897746499092,0.4139151590872966,0.028626206786179966,0,1,0,1,0,1,0,1,1,0,0,0,1,2,1,1,0,2,0,0
1.8642874545527899,1.2193095957481987,1.1749750890120354,-1.370862990412113,-0.40199490441104246,0.9955971658881752,0,1,1,0,1,0,0,1,1,0,0,1,0,0,1,0,2,0,0,0
-0.8503921832529416,1.2193095957481987,0.61952698086708,-0.011497897746499092,-1.2179049679093814,-0.9383447523158153,0,1,0,1,1,0,0,1,1,0,0,0,1,1,1,1,1,2,0,1
1.015950067738499,1.3063768368886535,0.133509886240244,-0.011497897746499092,-1.2179049679093814,0.028626206786179966,1,0,0,1,1,0,0,1,1,0,0,1,0,0,2,1,1,1,0,1
-0.8503921832529416,-0.17376626249907806,0.4112339403127217,-0.011497897746499092,-1.2179049679093814,-0.9383447523158153,0,1,0,1,0,1,0,1,1,0,0,1,0,1,1,1,1,0,0,0
-0.8503921832529416,-1.3056403973249906,-1.6716964652308612,0.6681846485863079,-0.40199490441104246,0.028626206786179966,1,0,0,1,0,1,0,1,1,0,0,0,1,1,0,1,2,1,0,1
-0.341389751164367,1.2193095957481987,-1.5328344381946224,-0.011497897746499092,1.2298252225856356,-0.9383447523158153,1,0,1,0,0,1,0,1,1,0,0,1,0,0,0,0,1,2,0,0
-0.17172227380150873,0.08743546092228634,0.6889579943851994,1.3478671949191148,-0.40199490441104246,-1.9053157114178105,0,1,0,1,0,1,0,1,1,0,0,1,0,1,1,1,0,1,0,1
0.16761268092420772,1.3063768368886535,-0.8385243030134281,-0.011497897746499092,-0.40199490441104246,0.9955971658881752,0,1,1,0,1,0,0,1,1,0,0,0,1,1,1,1,0,1,2,0
1.015950067738499,1.045175113467289,1.591561170120752,0.6681846485863079,0.4139151590872966,0.028626206786179966,0,1,0,1,0,1,0,1,1,0,0,1,0,0,1,1,1,1,2,1
-0.17172227380150873,-0.8703041916227164,-0.6302312624590697,-0.011497897746499092,-0.40199490441104246,0.9955971658881752,0,1,1,0,1,0,0,1,1,0,0,1,0,2,0,1,2,0,1,1
-0.341389751164367,0.08743546092228634,-1.3939724111583836,2.0275497412519217,1.2298252225856356,-0.9383447523158153,0,1,0,1,0,1,0,1,1,0,1,0,0,1,0,0,0,1,0,0
0.3372801582870659,-0.08669902135862327,1.3138371160482742,1.3478671949191148,-0.40199490441104246,0.028626206786179966,0,1,0,1,1,0,0,1,1,0,0,0,1,1,1,1,1,1,0,0
-0.17172227380150873,-0.5220352270608973,0.6889579943851994,2.0275497412519217,-0.40199490441104246,1.9625681249901703,0,1,0,1,0,1,0,1,1,0,0,0,1,1,1,1,0,1,2,1
-0.6807247058900834,0.8710406311863795,1.730423197156991,-1.370862990412113,-0.40199490441104246,0.9955971658881752,0,1,1,0,0,1,0,1,1,0,1,0,0,1,2,0,2,1,0,1
-0.17172227380150873,1.2193095957481987,-0.005352140795994853,0.6681846485863079,-0.40199490441104246,0.028626206786179966,1,0,0,1,0,1,0,1,1,0,1,0,0,0,1,1,1,1,1,1
-0.8503921832529416,-0.2608335036395329,-1.6022654517127417,-0.011497897746499092,-0.40199490441104246,-0.9383447523158153,0,1,0,1,0,1,0,1,1,0,0,1,0,1,1,1,1,1,1,0
1.6946199771899317,1.045175113467289,-1.6022654517127417,-0.011497897746499092,1.2298252225856356,0.9955971658881752,0,1,1,0,0,1,0,1,1,0,0,0,1,0,1,1,2,1,1,0
-0.002054796438650507,0.0003682197818315326,0.06407887272212458,-1.370862990412113,-1.2179049679093814,0.028626206786179966,1,0,1,0,0,1,1,0,1,0,1,0,0,1,2,1,0,1,1,0
-1.3593946153415164,1.2193095957481987,1.105544075493916,-0.011497897746499092,1.2298252225856356,0.028626206786179966,1,0,1,0,0,1,0,1,1,0,0,0,1,1,2,0,1,1,2,0
-0.5110572285272252,0.6098389077650151,1.452699143084513,-0.011497897746499092,-0.40199490441104246,1.9625681249901703,1,0,0,1,1,0,0,1,1,0,1,0,0,1,1,1,2,1,2,0
0.5069476356499242,-0.7832369504822617,0.27237191327648286,-2.05054553674492,0.4139151590872966,0.028626206786179966,0,1,0,1,0,1,1,0,1,0,0,0,1,2,1,1,0,1,0,0
1.185617545101357,-1.7409766030272644,-1.5328344381946224,-0.691180444079306,1.2298252225856356,-0.9383447523158153,1,0,1,0,1,0,0,1,1,0,0,0,1,2,2,0,0,0,0,1
-0.002054796438650507,0.8710406311863795,0.6889579943851994,-0.691180444079306,1.2298252225856356,-0.9383447523158153,0,1,1,0,1,0,1,0,1,0,0,1,0,0,1,2,0,2,1,0
0.8462825903756406,1.3063768368886535,0.20294089975836344,-0.011497897746499092,4.493465476578992,0.9955971658881752,0,1,0,1,1,0,0,1,1,0,0,0,1,0,1,1,0,1,0,0
1.8642874545527899,1.045175113467289,0.06407887272212458,-2.05054553674492,0.4139151590872966,0.9955971658881752,0,1,0,1,0,1,0,1,0,1,0,0,1,1,1,1,1,2,0,2
-1.0200596606158,-0.609102468201352,1.591561170120752,-1.370862990412113,0.4139151590872966,0.9955971658881752,1,0,0,1,0,1,0,1,1,0,1,0,0,2,1,1,0,1,0,1
-0.17172227380150873,0.43570442548410554,-0.352507208386592,0.6681846485863079,2.045735286083975,0.028626206786179966,0,1,0,1,1,0,0,1,1,0,0,1,0,1,1,0,2,1,0,1
-0.5110572285272252,0.7839733900459247,-0.07478315431411428,-0.011497897746499092,-0.40199490441104246,-0.9383447523158153,1,0,1,0,1,0,0,1,1,0,0,0,1,1,1,1,0,1,2,1
1.3552850224642152,0.7839733900459247,-0.2830761948684726,-0.691180444079306,0.4139151590872966,0.9955971658881752,0,1,1,0,0,1,0,1,1,0,0,1,0,1,0,0,0,1,1,1
0.16761268092420772,0.0003682197818315326,1.0361130619757966,0.6681846485863079,-1.2179049679093814,0.9955971658881752,0,1,0,1,0,1,0,1,1,0,1,0,0,1,1,1,1,1,1,0
1.6946199771899317,-0.6961697093418069,-0.1442141678322337,-0.011497897746499092,-1.2179049679093814,0.9955971658881752,0,1,0,1,1,0,0,1,1,0,0,1,0,1,0,1,2,1,0,1
0.8462825903756406,-0.8703041916227164,-0.1442141678322337,-1.370862990412113,0.4139151590872966,-1.9053157114178105,0,1,1,0,0,1,0,1,1,0,0,1,0,0,2,1,1,1,2,0
-1.3593946153415164,1.567578560310018,-1.1162483570859056,1.3478671949191148,-0.40199490441104246,-0.9383447523158153,1,0,0,1,1,0,0,1,1,0,0,1,0,0,1,0,2,1,2,0
0.16761268092420772,-0.08669902135862327,0.8278200214214383,0.6681846485863079,-0.40199490441104246,-0.9383447523158153,0,1,0,1,0,1,0,1,1,0,0,1,0,1,2,1,0,2,2,1
0.3372801582870659,-0.9573714327631713,0.9666820484576771,0.6681846485863079,-1.2179049679093814,1.9625681249901703,1,0,0,1,1,0,1,0,1,0,0,0,1,1,1,0,0,2,0,1
0.5069476356499242,-0.9573714327631713,-0.6302312624590697,0.6681846485863079,-0.40199490441104246,0.028626206786179966,0,1,0,1,0,1,1,0,1,0,0,0,1,1,0,0,1,1,1,2
-0.5110572285272252,-0.7832369504822617,0.20294089975836344,-0.691180444079306,-1.2179049679093814,0.9955971658881752,1,0,0,1,0,1,0,1,1,0,0,0,1,0,2,0,1,1,1,0
-0.6807247058900834,-1.2185731561845357,1.3832681295663938,-0.011497897746499092,-0.40199490441104246,0.9955971658881752,0,1,0,1,0,1,0,1,1,0,0,0,1,1,1,0,1,1,1,0
-0.002054796438650507,0.34863718434365076,-0.2830761948684726,-0.011497897746499092,2.861645349582314,-0.9383447523158153,1,0,1,0,1,0,0,1,1,0,0,0,1,2,0,1,0,2,0,2
-1.5290620927043745,-1.566842120746355,0.4806649538308412,-1.370862990412113,1.2298252225856356,0.9955971658881752,0,1,1,0,0,1,0,1,1,0,0,1,0,1,2,1,2,1,1,1
1.6946199771899317,-0.609102468201352,-0.49136923542283084,-0.011497897746499092,-1.2179049679093814,-0.9383447523158153,0,1,0,1,1,0,0,1,1,0,0,0,1,0,1,1,0,2,2,0
0.3372801582870659,-0.8703041916227164,-0.9773863300496669,-1.370862990412113,-0.40199490441104246,0.028626206786179966,0,1,0,1,0,1,0,1,1,0,1,0,0,0,1,2,0,1,1,1
-0.002054796438650507,0.7839733900459247,0.6889579943851994,0.6681846485863079,0.4139151590872966,-1.9053157114178105,1,0,0,1,0,1,0,1,1,0,0,0,1,0,1,1,1,2,2,0
0.3372801582870659,0.6098389077650151,0.3418029267946023,-1.370862990412113,0.4139151590872966,0.028626206786179966,1,0,0,1,1,0,0,1,1,0,1,0,0,2,2,0,0,2,0,0
-2.3773994795186657,-0.9573714327631713,1.3138371160482742,2.0275497412519217,-0.40199490441104246,0.9955971658881752,1,0,1,0,0,1,1,0,1,0,0,1,0,2,1,1,1,1,2,0
-1.3593946153415164,0.43570442548410554,0.20294089975836344,-0.691180444079306,1.2298252225856356,0.9955971658881752,0,1,0,1,0,1,0,1,1,0,0,1,0,1,1,2,1,1,1,0
-0.5110572285272252,-1.3927076384654453,-0.49136923542283084,-0.011497897746499092,2.861645349582314,0.028626206786179966,0,1,1,0,1,0,0,1,1,0,0,1,0,0,1,1,1,1,0,0
-0.6807247058900834,0.26156994320319593,1.3832681295663938,1.3478671949191148,0.4139151590872966,-0.9383447523158153,0,1,0,1,0,1,0,1,1,0,0,1,0,1,2,1,0,2,1,0
0.8462825903756406,-1.3056403973249906,1.3138371160482742,-0.011497897746499092,-0.40199490441104246,0.028626206786179966,0,1,0,1,1,0,0,1,1,0,0,0,1,1,0,0,0,2,0,2
-0.6807247058900834,1.6546458014504728,0.06407887272212458,-0.691180444079306,0.4139151590872966,0.9955971658881752,1,0,1,0,1,0,0,1,1,0,0,0,1,1,1,0,1,1,1,0
-0.341389751164367,-0.2608335036395329,-0.9773863300496669,-0.691180444079306,-0.40199490441104246,0.028626206786179966,1,0,1,0,0,1,0,1,1,0,0,1,0,1,2,1,0,1,0,0
0.3372801582870659,-1.3056403973249906,1.105544075493916,0.6681846485863079,0.4139151590872966,-0.9383447523158153,1,0,0,1,1,0,0,1,1,0,1,0,0,2,0,1,2,1,1,1
-0.17172227380150873,-1.2185731561845357,-0.21364518135035315,-0.691180444079306,0.4139151590872966,1.9625681249901703,0,1,0,1,1,0,0,1,1,0,1,0,0,0,1,1,0,1,0,0
1.185617545101357,-1.566842120746355,-1.5328344381946224,-0.691180444079306,-0.40199490441104246,-0.9383447523158153,0,1,0,1,1,0,0,1,1,0,0,0,1,2,1,0,1,1,0,1
1.6946199771899317,1.6546458014504728,-1.4634034246765029,-1.370862990412113,-1.2179049679093814,0.028626206786179966,0,1,1,0,1,0,0,1,1,0,0,0,1,0,1,1,1,1,2,0
0.5069476356499242,0.34863718434365076,-1.324541397640264,1.3478671949191148,-0.40199490441104246,0.9955971658881752,1,0,0,1,0,1,1,0,1,0,0,0,1,0,0,0,1,2,0,0
0.5069476356499242,0.6098389077650151,0.27237191327648286,-0.011497897746499092,0.4139151590872966,-0.9383447523158153,0,1,0,1,1,0,0,1,1,0,0,1,0,1,0,1,1,1,0,2
-0.5110572285272252,0.0003682197818315326,-0.49136923542283084,-0.011497897746499092,-1.2179049679093814,1.9625681249901703,1,0,1,0,0,1,0,1,0,1,1,0,0,1,1,1,1,1,1,0
-0.002054796438650507,-1.6539093618868097,0.9666820484576771,-1.370862990412113,-0.40199490441104246,-0.9383447523158153,1,0,0,1,1,0,0,1,1,0,0,1,0,1,2,1,1,1,2,2
0.8462825903756406,-1.4797748796059,-1.4634034246765029,1.3478671949191148,1.2298252225856356,-0.9383447523158153,0,1,0,1,0,1,0,1,1,0,0,0,1,0,1,1,1,0,0,0
-0.341389751164367,0.5227716666245603,-0.7690932894953085,1.3478671949191148,1.2298252225856356,0.028626206786179966,1,0,0,1,0,1,0,1,1,0,0,0,1,0,0,0,0,2,0,0
2.0339549319156482,1.4805113191695631,0.4806649538308412,-1.370862990412113,-0.40199490441104246,0.028626206786179966,0,1,0,1,1,0,0,1,1,0,0,1,0,1,2,1,1,1,0,1
0.5069476356499242,0.0003682197818315326,-1.324541397640264,-0.691180444079306,1.2298252225856356,-0.9383447523158153,0,1,0,1,0,1,0,1,0,1,0,0,1,1,0,1,1,1,0,0
-1.6987295700672327,1.045175113467289,-1.0468173435677863,-2.05054553674492,1.2298252225856356,-0.9383447523158153,1,0,0,1,1,0,0,1,1,0,0,0,1,1,1,2,0,0,1,0
0.8462825903756406,0.08743546092228634,0.8278200214214383,1.3478671949191148,-0.40199490441104246,-1.9053157114178105,1,0,1,0,1,0,0,1,1,0,1,0,0,1,1,0,0,2,2,1
1.5249524998270736,-1.044438673903626,-0.07478315431411428,-1.370862990412113,1.2298252225856356,-0.9383447523158153,0,1,0,1,0,1,0,1,0,1,0,1,0,0,2,0,2,2,2,0
-0.8503921832529416,0.08743546092228634,-1.6022654517127417,0.6681846485863079,-1.2179049679093814,-0.9383447523158153,0,1,0,1,0,1,0,1,1,0,0,1,0,1,1,1,1,1,2,0
-0.17172227380150873,1.7417130425909275,-1.2551103841221445,-0.691180444079306,-0.40199490441104246,-0.9383447523158153,0,1,1,0,0,1,0,1,0,1,0,0,1,1,2,1,2,1,0,0
-0.17172227380150873,-1.044438673903626,-0.005352140795994853,0.6681846485863079,-0.40199490441104246,0.9955971658881752,0,1,1,0,0,1,0,1,1,0,0,1,0,1,0,0,1,1,2,0
1.185617545101357,0.26156994320319593,-0.6302312624590697,0.6681846485863079,1.2298252225856356,0.9955971658881752,1,0,0,1,0,1,0,1,1,0,0,0,1,1,1,1,1,1,1,2
-0.341389751164367,-1.3056403973249906,0.5500959673489606,-0.691180444079306,-0.40199490441104246,-0.9383447523158153,0,1,1,0,1,0,0,1,1,0,0,1,0,1,2,0,1,2,0,0
0.3372801582870659,0.0003682197818315326,-0.9773863300496669,0.6681846485863079,-0.40199490441104246,-0.9383447523158153,0,1,0,1,0,1,0,1,1,0,0,0,1,1,1,2,0,1,1,1
0.6766151130127824,-1.044438673903626,-1.324541397640264,0.6681846485863079,1.2298252225856356,-1.9053157114178105,0,1,0,1,1,0,0,1,1,0,0,1,0,2,1,0,2,2,1,0
0.8462825903756406,0.17450270206274113,0.7583890079033189,-1.370862990412113,-1.2179049679093814,0.9955971658881752,0,1,0,1,0,1,1,0,1,0,0,0,1,1,1,1,0,0,0,0
-0.5110572285272252,0.26156994320319593,1.591561170120752,-0.691180444079306,-1.2179049679093814,0.028626206786179966,0,1,0,1,0,1,0,1,1,0,0,0,1,2,1,1,1,1,0,0
-0.341389751164367,-1.3927076384654453,-0.5608002489409503,-0.691180444079306,-1.2179049679093814,0.9955971658881752,0,1,1,0,0,1,0,1,1,0,1,0,0,2,1,2,0,1,1,0
-2.716734434244382,1.7417130425909275,-1.0468173435677863,0.6681846485863079,-1.2179049679093814,0.9955971658881752,0,1,1,0,0,1,0,1,1,0,0,0,1,2,2,2,1,2,1,1
0.5069476356499242,-0.34790074477998767,0.4112339403127217,0.6681846485863079,1.2298252225856356,-0.9383447523158153,1,0,0,1,1,0,0,1,1,0,0,0,1,2,1,1,0,2,0,0
-0.8503921832529416,-1.4797748796059,-0.6302312624590697,0.6681846485863079,-0.40199490441104246,0.9955971658881752,0,1,1,0,1,0,0,1,1,0,1,0,0,1,2,2,0,1,1,0
2.0339549319156482,-1.566842120746355,0.7583890079033189,-0.011497897746499092,-1.2179049679093814,-0.9383447523158153,1,0,0,1,1,0,0,1,1,0,0,0,1,2,1,0,0,1,0,0
-1.0200596606158,-1.4797748796059,-0.7690932894953085,0.6681846485863079,-0.40199490441104246,0.028626206786179966,0,1,0,1,0,1,0,1,1,0,0,1,0,1,1,2,0,1,0,1
-0.341389751164367,-0.6961697093418069,-0.1442141678322337,0.6681846485863079,-1.2179049679093814,0.9955971658881752,1,0,1,0,0,1,0,1,0,1,0,0,1,2,2,1,1,1,0,0
-1.0200596606158,0.26156994320319593,0.27237191327648286,1.3478671949191148,-0.40199490441104246,0.028626206786179966,0,1,0,1,0,1,0,1,1,0,0,0,1,0,0,1,1,0,0,0
-2.3773994795186657,-1.3056403973249906,-0.9079553165315475,-0.691180444079306,1.2298252225856356,-1.9053157114178105,0,1,0,1,1,0,1,0,1,0,0,1,0,2,2,1,0,0,0,0
1.185617545101357,0.8710406311863795,1.452699143084513,0.6681846485863079,-1.2179049679093814,0.9955971658881752,0,1,0,1,1,0,0,1,1,0,1,0,0,2,1,2,1,1,0,1
0.5069476356499242,1.2193095957481987,1.105544075493916,2.0275497412519217,-0.40199490441104246,0.028626206786179966,0,1,0,1,0,1,0,1,1,0,0,1,0,1,0,2,1,1,0,0
0.6766151130127824,-0.2608335036395329,1.1749750890120354,0.6681846485863079,-1.2179049679093814,0.028626206786179966,0,1,0,1,1,0,0,1,1,0,0,1,0,0,1,2,2,1,0,1
-0.002054796438650507,-0.08669902135862327,0.5500959673489606,-0.011497897746499092,0.4139151590872966,-0.9383447523158153,1,0,0,1,0,1,0,1,1,0,0,0,1,2,1,2,1,1,0,1
-0.17172227380150873,-0.9573714327631713,-0.9773863300496669,-0.011497897746499092,1.2298252225856356,0.9955971658881752,0,1,0,1,0,1,0,1,1,0,0,1,0,1,1,2,2,2,0,1
1.6946199771899317,1.6546458014504728,-1.2551103841221445,-0.691180444079306,-1.2179049679093814,0.9955971658881752,0,1,0,1,0,1,0,1,1,0,0,1,0,1,1,1,0,1,2,0
-0.6807247058900834,0.7839733900459247,-1.4634034246765029,0.6681846485863079,0.4139151590872966,-0.9383447523158153,0,1,1,0,1,0,0,1,1,0,0,0,1,2,1,1,0,2,1,1
-0.5110572285272252,-0.34790074477998767,1.3832681295663938,0.6681846485863079,-0.40199490441104246,0.9955971658881752,1,0,1,0,0,1,0,1,1,0,0,1,0,1,2,0,0,1,2,0
-0.002054796438650507,1.3063768368886535,-0.07478315431411428,-0.691180444079306,-0.40199490441104246,0.9955971658881752,1,0,0,1,0,1,0,1,1,0,0,0,1,1,1,1,2,0,0,2
0.5069476356499242,0.26156994320319593,-1.2551103841221445,-0.011497897746499092,0.4139151590872966,0.9955971658881752,1,0,0,1,0,1,1,0,1,0,0,0,1,1,0,1,1,2,0,1
0.16761268092420772,-0.5220352270608973,-0.352507208386592,-0.691180444079306,0.4139151590872966,0.028626206786179966,1,0,0,1,0,1,0,1,1,0,0,0,1,0,0,0,0,2,0,1
2.2036224092785064,0.5227716666245603,-0.9773863300496669,-0.011497897746499092,-0.40199490441104246,0.028626206786179966,0,1,0,1,1,0,0,1,1,0,0,0,1,1,1,1,2,1,0,0
-0.341389751164367,0.8710406311863795,-0.2830761948684726,0.6681846485863079,-1.2179049679093814,0.028626206786179966,1,0,0,1,1,0,1,0,1,0,0,1,0,2,2,2,0,1,0,0
-0.341389751164367,1.4805113191695631,1.3832681295663938,0.6681846485863079,-0.40199490441104246,-0.9383447523158153,0,1,0,1,0,1,0,1,1,0,0,0,1,2,0,2,1,1,2,1
-1.5290620927043745,1.4805113191695631,-0.4219382219047114,-0.011497897746499092,1.2298252225856356,-0.9383447523158153,1,0,0,1,0,1,0,1,1,0,0,0,1,0,0,1,0,1,0,0
-1.189727137978658,1.3934440780291084,-1.6716964652308612,2.0275497412519217,-0.40199490441104246,0.028626206786179966,1,0,0,1,1,0,0,1,1,0,0,0,1,1,1,1,0,0,2,0
2.0339549319156482,0.26156994320319593,-0.07478315431411428,1.3478671949191148,1.2298252225856356,0.028626206786179966,0,1,0,1,0,1,0,1,1,0,0,1,0,1,1,1,0,1,1,1
-0.002054796438650507,1.132242354607744,1.3832681295663938,-0.691180444079306,-0.40199490441104246,0.9955971658881752,0,1,0,1,0,1,0,1,1,0,1,0,0,1,1,0,1,2,1,1
0.6766151130127824,0.17450270206274113,-1.7411274787489806,0.6681846485863079,-1.2179049679093814,-0.9383447523158153,0,1,0,1,1,0,0,1,1,0,0,0,1,1,2,1,1,1,2,1
-0.341389751164367,1.4805113191695631,-0.6302312624590697,0.6681846485863079,0.4139151590872966,-0.9383447523158153,0,1,0,1,1,0,0,1,1,0,0,1,0,1,2,0,1,1,1,1
-0.17172227380150873,-0.5220352270608973,0.4806649538308412,1.3478671949191148,0.4139151590872966,0.028626206786179966,0,1,1,0,1,0,0,1,1,0,0,1,0,1,2,2,0,1,0,1
-0.6807247058900834,1.2193095957481987,-1.324541397640264,0.6681846485863079,0.4139151590872966,-0.9383447523158153,1,0,0,1,0,1,0,1,1,0,0,0,1,0,0,0,0,2,1,0
-0.5110572285272252,-1.6539093618868097,-0.4219382219047114,1.3478671949191148,-0.40199490441104246,0.028626206786179966,0,1,0,1,0,1,0,1,1,0,0,0,1,2,1,2,1,2,0,2
0.5069476356499242,0.6098389077650151,0.8278200214214383,2.0275497412519217,-0.40199490441104246,0.028626206786179966,0,1,1,0,0,1,0,1,1,0,0,0,1,2,2,1,1,1,1,0
0.3372801582870659,1.132242354607744,-0.07478315431411428,-0.011497897746499092,0.4139151590872966,0.028626206786179966,0,1,0,1,1,0,0,1,1,0,1,0,0,2,1,0,1,2,1,2
-1.5290620927043745,-0.5220352270608973,-0.49136923542283084,0.6681846485863079,-1.2179049679093814,0.028626206786179966,0,1,0,1,1,0,0,1,1,0,0,0,1,2,1,0,1,1,0,1
-0.6807247058900834,1.2193095957481987,-1.1856793706040252,0.6681846485863079,0.4139151590872966,0.028626206786179966,0,1,0,1,0,1,0,1,0,1,0,0,1,0,1,1,0,1,1,0
-0.8503921832529416,-1.3056403973249906,1.244406102530155,-1.370862990412113,0.4139151590872966,0.9955971658881752,1,0,0,1,1,0,0,1,0,1,0,1,0,2,1,0,0,1,0,0
-0.341389751164367,1.567578560310018,1.0361130619757966,-0.011497897746499092,-1.2179049679093814,-1.9053157114178105,0,1,1,0,0,1,0,1,1,0,0,0,1,0,0,0,2,2,0,1
1.015950067738499,1.3063768368886535,-0.07478315431411428,1.3478671949191148,1.2298252225856356,0.028626206786179966,1,0,1,0,1,0,0,1,0,1,0,1,0,1,2,0,0,1,0,0
-0.002054796438650507,-0.17376626249907806,-0.7690932894953085,0.6681846485863079,0.4139151590872966,-0.9383447523158153,1,0,1,0,0,1,0,1,1,0,0,0,1,1,2,1,2,1,0,1
0.16761268092420772,-0.2608335036395329,-1.1162483570859056,0.6681846485863079,1.2298252225856356,-0.9383447523158153,0,1,1,0,0,1,0,1,1,0,0,0,1,1,0,1,0,1,0,0
1.015950067738499,-0.08669902135862327,1.0361130619757966,-0.691180444079306,-1.2179049679093814,-0.9383447523158153,0,1,1,0,0,1,1,0,0,1,1,0,0,0,2,0,2,1,1,1
0.16761268092420772,-0.08669902135862327,1.591561170120752,-0.011497897746499092,0.4139151590872966,-1.9053157114178105,0,1,0,1,0,1,0,1,1,0,0,0,1,2,0,2,0,1,0,0
-2.2077320021558076,1.6546458014504728,-0.5608002489409503,-0.011497897746499092,-0.40199490441104246,0.9955971658881752,1,0,1,0,0,1,1,0,1,0,0,1,0,0,2,0,2,2,0,0
-0.002054796438650507,1.2193095957481987,1.6609921836388715,-0.691180444079306,-1.2179049679093814,0.9955971658881752,1,0,0,1,0,1,0,1,1,0,1,0,0,0,1,1,1,1,1,0
0.8462825903756406,1.6546458014504728,1.5221301566026326,-0.691180444079306,-1.2179049679093814,0.028626206786179966,0,1,0,1,0,1,0,1,1,0,0,0,1,2,1,2,1,1,1,1
0.5069476356499242,-0.34790074477998767,1.452699143084513,-0.011497897746499092,0.4139151590872966,0.9955971658881752,1,0,1,0,0,1,0,1,1,0,0,1,0,0,2,0,1,1,0,0
-1.189727137978658,-1.131505915044081,0.3418029267946023,-0.691180444079306,-0.40199490441104246,-0.9383447523158153,0,1,0,1,0,1,0,1,1,0,1,0,0,1,1,2,0,2,0,1
1.5249524998270736,0.5227716666245603,-0.9773863300496669,-0.011497897746499092,-1.2179049679093814,0.9955971658881752,1,0,0,1,0,1,0,1,1,0,1,0,0,1,1,1,1,1,0,2
1.185617545101357,-1.4797748796059,-0.7690932894953085,-1.370862990412113,-0.40199490441104246,0.9955971658881752,0,1,0,1,1,0,1,0,1,0,0,0,1,2,1,1,2,2,2,0
-0.002054796438650507,-0.8703041916227164,-0.005352140795994853,1.3478671949191148,1.2298252225856356,0.9955971658881752,0,1,0,1,1,0,0,1,1,0,0,1,0,2,1,0,1,1,1,1
1.015950067738499,1.3063768368886535,-1.6716964652308612,-2.05054553674492,-0.40199490441104246,-0.9383447523158153,0,1,0,1,1,0,0,1,1,0,0,0,1,1,1,1,0,1,0,0
0.8462825903756406,-1.3056403973249906,1.3138371160482742,-0.691180444079306,-0.40199490441104246,0.9955971658881752,0,1,0,1,1,0,0,1,1,0,1,0,0,0,1,1,0,2,1,0
0.8462825903756406,-0.6961697093418069,0.20294089975836344,-0.691180444079306,5.3093755400773315,0.9955971658881752,0,1,0,1,0,1,0,1,1,0,0,0,1,0,0,0,1,2,0,0
0.8462825903756406,-0.9573714327631713,-1.324541397640264,-0.011497897746499092,0.4139151590872966,0.9955971658881752,0,1,1,0,0,1,0,1,1,0,0,1,0,2,1,1,0,1,0,0
-1.6987295700672327,-1.131505915044081,-0.6996622759771891,-0.691180444079306,-0.40199490441104246,0.9955971658881752,1,0,0,1,0,1,0,1,1,0,1,0,0,1,1,1,1,2,0,0
0.5069476356499242,1.3063768368886535,-0.005352140795994853,-0.011497897746499092,0.4139151590872966,-0.9383447523158153,0,1,0,1,0,1,0,1,1,0,0,0,1,1,1,1,2,1,1,0
-0.002054796438650507,1.3934440780291084,-0.2830761948684726,-0.691180444079306,2.861645349582314,0.028626206786179966,0,1,0,1,1,0,0,1,1,0,0,1,0,1,1,1,0,2,1,0
-1.3593946153415164,0.43570442548410554,-1.1856793706040252,0.6681846485863079,-0.40199490441104246,0.028626206786179966,0,1,0,1,1,0,0,1,1,0,0,0,1,2,2,0,0,2,2,0
-2.0380645247929494,0.6098389077650151,1.5221301566026326,1.3478671949191148,0.4139151590872966,0.028626206786179966,0,1,0,1,1,0,0,1,1,0,0,0,1,2,2,0,0,1,0,0
1.8642874545527899,0.34863718434365076,0.8278200214214383,1.3478671949191148,0.4139151590872966,0.028626206786179966,0,1,1,0,0,1,0,1,1,0,0,1,0,1,1,1,0,1,1,2
-0.6807247058900834,1.2193095957481987,1.591561170120752,-0.011497897746499092,-1.2179049679093814,0.9955971658881752,1,0,0,1,1,0,0,1,1,0,0,1,0,2,1,1,0,1,0,1
0.16761268092420772,0.43570442548410554,-1.6022654517127417,-0.011497897746499092,2.861645349582314,0.028626206786179966,0,1,0,1,0,1,0,1,1,0,0,0,1,0,2,1,2,2,2,1
0.3372801582870659,1.567578560310018,1.730423197156991,-0.011497897746499092,-1.2179049679093814,0.028626206786179966,0,1,0,1,0,1,0,1,1,0,0,1,0,1,1,0,0,1,0,2
-0.341389751164367,1.567578560310018,-1.6716964652308612,1.3478671949191148,-0.40199490441104246,0.9955971658881752,0,1,0,1,1,0,0,1,1,0,0,1,0,1,0,1,2,1,1,0
1.185617545101357,-0.17376626249907806,-0.9773863300496669,-0.011497897746499092,-0.40199490441104246,0.028626206786179966,1,0,0,1,1,0,1,0,1,0,1,0,0,2,1,1,0,1,0,1
-0.002054796438650507,0.26156994320319593,1.5221301566026326,-0.691180444079306,0.4139151590872966,0.9955971658881752,1,0,0,1,0,1,0,1,1,0,0,1,0,1,0,2,0,2,0,1
1.185617545101357,1.132242354607744,0.61952698086708,-0.011497897746499092,-0.40199490441104246,-0.9383447523158153,0,1,1,0,0,1,0,1,1,0,0,1,0,2,0,0,1,1,2,0
1.6946199771899317,0.6098389077650151,-0.9773863300496669,1.3478671949191148,0.4139151590872966,0.9955971658881752,0,1,1,0,0,1,0,1,1,0,0,1,0,2,1,2,1,2,0,1
-0.8503921832529416,-1.131505915044081,-1.1162483570859056,-1.370862990412113,-1.2179049679093814,0.028626206786179966,0,1,1,0,0,1,0,1,1,0,0,1,0,0,1,0,0,1,0,0
-0.002054796438650507,1.6546458014504728,0.06407887272212458,1.3478671949191148,0.4139151590872966,1.9625681249901703,0,1,0,1,0,1,0,1,1,0,0,1,0,2,0,2,0,1,1,2
2.0339549319156482,0.0003682197818315326,0.133509886240244,-0.691180444079306,-1.2179049679093814,1.9625681249901703,0,1,0,1,1,0,0,1,1,0,0,1,0,2,1,0,1,1,1,0
-0.002054796438650507,-0.9573714327631713,-0.8385243030134281,-0.691180444079306,-1.2179049679093814,0.028626206786179966,0,1,0,1,1,0,0,1,1,0,1,0,0,1,2,0,0,1,2,0
-1.189727137978658,-0.7832369504822617,-1.6716964652308612,-0.691180444079306,2.045735286083975,0.9955971658881752,1,0,0,1,0,1,0,1,1,0,0,0,1,1,2,0,2,1,1,1
2.0339549319156482,1.2193095957481987,-1.3939724111583836,1.3478671949191148,2.045735286083975,-0.9383447523158153,0,1,1,0,0,1,0,1,0,1,0,0,1,1,2,2,1,1,0,0
-1.6987295700672327,-0.2608335036395329,1.244406102530155,-1.370862990412113,1.2298252225856356,0.028626206786179966,1,0,0,1,0,1,0,1,1,0,0,0,1,0,2,1,0,1,1,0
0.5069476356499242,-0.4349679859204425,-0.7690932894953085,-0.011497897746499092,-0.40199490441104246,0.028626206786179966,0,1,0,1,1,0,0,1,0,1,1,0,0,1,1,2,0,1,0,1
-0.341389751164367,1.2193095957481987,0.4112339403127217,-1.370862990412113,-1.2179049679093814,1.9625681249901703,1,0,0,1,0,1,0,1,1,0,1,0,0,2,2,1,2,0,0,0
0.5069476356499242,1.4805113191695631,1.452699143084513,1.3478671949191148,0.4139151590872966,0.9955971658881752,0,1,1,0,0,1,0,1,1,0,0,1,0,1,1,1,1,2,1,0
-1.3593946153415164,-0.08669902135862327,1.6609921836388715,-0.011497897746499092,0.4139151590872966,-0.9383447523158153,1,0,0,1,0,1,0,1,0,1,1,0,0,1,1,0,1,1,0,0
1.015950067738499,-1.131505915044081,-1.6716964652308612,-0.011497897746499092,0.4139151590872966,0.9955971658881752,1,0,1,0,0,1,0,1,0,1,0,1,0,1,2,0,2,2,2,2
1.3552850224642152,-0.34790074477998767,-0.005352140795994853,-0.691180444079306,1.2298252225856356,0.028626206786179966,0,1,0,1,0,1,0,1,1,0,0,0,1,1,2,2,2,1,0,0
-0.5110572285272252,-1.3056403973249906,1.452699143084513,-1.370862990412113,0.4139151590872966,0.028626206786179966,0,1,0,1,0,1,0,1,1,0,0,0,1,1,1,0,1,2,1,1
-1.189727137978658,0.17450270206274113,-1.324541397640264,-0.691180444079306,0.4139151590872966,0.9955971658881752,0,1,0,1,1,0,0,1,1,0,0,1,0,2,1,2,0,2,2,0
-0.17172227380150873,0.7839733900459247,-0.7690932894953085,-0.011497897746499092,0.4139151590872966,0.9955971658881752,1,0,0,1,0,1,0,1,0,1,0,0,1,2,0,1,0,1,2,1
0.5069476356499242,0.0003682197818315326,-1.2551103841221445,-0.011497897746499092,0.4139151590872966,-0.9383447523158153,1,0,0,1,1,0,0,1,1,0,1,0,0,2,1,0,1,2,2,1
0.8462825903756406,-0.8703041916227164,0.27237191327648286,-0.011497897746499092,1.2298252225856356,0.028626206786179966,0,1,0,1,0,1,0,1,1,0,0,1,0,1,1,0,2,1,0,0
-2.3773994795186657,-0.7832369504822617,0.6889579943851994,-1.370862990412113,-0.40199490441104246,-0.9383447523158153,0,1,0,1,0,1,0,1,1,0,0,0,1,1,2,1,0,1,0,1
-1.5290620927043745,-0.6961697093418069,1.3138371160482742,0.6681846485863079,-0.40199490441104246,-0.9383447523158153,0,1,0,1,1,0,0,1,1,0,0,0,1,0,1,2,0,0,0,0
-0.002054796438650507,-0.4349679859204425,-0.5608002489409503,0.6681846485863079,-0.40199490441104246,0.9955971658881752,0,1,0,1,1,0,0,1,1,0,0,0,1,0,2,1,2,0,1,1
0.6766151130127824,-1.3927076384654453,0.6889579943851994,-0.691180444079306,-1.2179049679093814,0.028626206786179966,0,1,1,0,0,1,0,1,0,1,0,1,0,1,2,2,2,0,2,0
-0.341389751164367,0.43570442548410554,0.9666820484576771,2.0275497412519217,-0.40199490441104246,0.028626206786179966,1,0,1,0,0,1,0,1,1,0,0,0,1,0,1,1,2,1,0,0
0.16761268092420772,0.08743546092228634,-0.9773863300496669,0.6681846485863079,1.2298252225856356,1.9625681249901703,1,0,0,1,0,1,0,1,1,0,1,0,0,0,1,2,1,0,0,1
-2.0380645247929494,1.3934440780291084,1.730423197156991,0.6681846485863079,-0.40199490441104246,0.9955971658881752,0,1,0,1,0,1,0,1,1,0,1,0,0,1,1,2,2,1,0,1
-1.3593946153415164,-0.5220352270608973,-1.3939724111583836,-0.691180444079306,-1.2179049679093814,0.028626206786179966,0,1,0,1,0,1,0,1,1,0,0,0,1,0,2,2,1,0,2,0
1.185617545101357,1.045175113467289,-0.9773863300496669,-1.370862990412113,-1.2179049679093814,0.028626206786179966,0,1,1,0,0,1,0,1,1,0,0,0,1,2,2,1,1,2,2,0
-1.3593946153415164,-1.566842120746355,-0.8385243030134281,-0.691180444079306,-1.2179049679093814,-0.9383447523158153,0,1,1,0,0,1,0,1,1,0,1,0,0,2,2,2,0,1,0,0
0.16761268092420772,-0.7832369504822617,-1.2551103841221445,0.6681846485863079,0.4139151590872966,-1.9053157114178105,1,0,0,1,0,1,1,0,1,0,0,0,1,2,1,0,2,1,2,0
-0.341389751164367,1.4805113191695631,-0.5608002489409503,0.6681846485863079,-0.40199490441104246,0.028626206786179966,0,1,0,1,1,0,0,1,1,0,0,1,0,1,2,1,1,2,0,0
-0.002054796438650507,1.132242354607744,1.5221301566026326,2.0275497412519217,-0.40199490441104246,-0.9383447523158153,0,1,0,1,1,0,0,1,1,0,0,1,0,1,2,1,0,1,2,1
-0.17172227380150873,-1.7409766030272644,-0.21364518135035315,-0.011497897746499092,1.2298252225856356,0.028626206786179966,1,0,0,1,0,1,0,1,1,0,0,0,1,1,2,2,0,2,0,1
1.185617545101357,-0.34790074477998767,-1.1856793706040252,1.3478671949191148,-0.40199490441104246,0.028626206786179966,1,0,0,1,1,0,0,1,1,0,0,0,1,1,1,1,1,1,1,0
1.3552850224642152,-1.3927076384654453,0.20294089975836344,-0.011497897746499092,1.2298252225856356,0.9955971658881752,0,1,1,0,0,1,0,1,1,0,0,0,1,2,0,1,1,2,2,1
-0.5110572285272252,1.132242354607744,1.244406102530155,0.6681846485863079,-1.2179049679093814,0.028626206786179966,0,1,0,1,1,0,0,1,1,0,1,0,0,0,1,0,0,1,1,1
-1.6987295700672327,0.8710406311863795,0.3418029267946023,-0.011497897746499092,-1.2179049679093814,1.9625681249901703,1,0,0,1,0,1,0,1,1,0,0,1,0,2,1,0,1,1,0,0
0.8462825903756406,-0.4349679859204425,1.452699143084513,0.6681846485863079,-0.40199490441104246,-2.872286670519806,0,1,1,0,0,1,0,1,1,0,0,1,0,0,2,2,0,1,1,0
-0.17172227380150873,-1.6539093618868097,-0.9079553165315475,1.3478671949191148,0.4139151590872966,-0.9383447523158153,1,0,0,1,1,0,0,1,1,0,0,1,0,1,0,1,1,1,0,2
-1.189727137978658,-1.3927076384654453,0.8972510349395577,-0.691180444079306,-0.40199490441104246,-0.9383447523158153,1,0,0,1,1,0,0,1,1,0,0,1,0,0,0,1,1,1,1,1
-1.6987295700672327,1.3934440780291084,1.6609921836388715,-2.05054553674492,-0.40199490441104246,1.9625681249901703,1,0,1,0,1,0,0,1,1,0,1,0,0,1,1,1,1,1,1,0
1.5249524998270736,1.045175113467289,0.61952698086708,-2.05054553674492,0.4139151590872966,0.028626206786179966,0,1,0,1,0,1,0,1,1,0,1,0,0,0,0,1,0,1,2,0
-1.868397047430091,0.69690614890547,1.105544075493916,-0.011497897746499092,-0.40199490441104246,0.028626206786179966,1,0,0,1,0,1,0,1,1,0,1,0,0,1,1,1,0,1,1,0
1.3552850224642152,-1.4797748796059,0.8972510349395577,-0.691180444079306,2.045735286083975,0.9955971658881752,0,1,0,1,1,0,0,1,1,0,0,1,0,1,0,2,1,2,0,2
-0.6807247058900834,0.7839733900459247,-0.07478315431411428,1.3478671949191148,-0.40199490441104246,0.028626206786179966,0,1,0,1,0,1,1,0,1,0,0,1,0,1,1,1,0,1,0,2
2.0339549319156482,0.34863718434365076,0.8278200214214383,0.6681846485863079,0.4139151590872966,-1.9053157114178105,0,1,0,1,0,1,1,0,1,0,0,0,1,1,1,1,1,1,0,2
-0.341389751164367,0.9581078723268344,0.4112339403127217,1.3478671949191148,2.045735286083975,1.9625681249901703,0,1,0,1,0,1,0,1,1,0,0,1,0,0,2,2,2,1,0,1
-0.5110572285272252,-0.6961697093418069,1.452699143084513,0.6681846485863079,0.4139151590872966,0.028626206786179966,0,1,0,1,1,0,0,1,1,0,0,1,0,0,1,2,0,2,0,0
-1.189727137978658,0.9581078723268344,-0.6302312624590697,2.0275497412519217,0.4139151590872966,0.9955971658881752,1,0,0,1,0,1,0,1,1,0,0,0,1,2,1,1,1,1,0,0
0.6766151130127824,-0.08669902135862327,0.8972510349395577,-1.370862990412113,-1.2179049679093814,0.028626206786179966,1,0,0,1,0,1,0,1,1,0,0,1,0,0,2,1,1,1,0,1
2.7126248413670813,-0.8703041916227164,0.8278200214214383,2.0275497412519217,0.4139151590872966,0.028626206786179966,0,1,0,1,1,0,0,1,1,0,0,0,1,0,2,1,0,1,0,0
-1.5290620927043745,-0.34790074477998767,-0.2830761948684726,-0.011497897746499092,-0.40199490441104246,-0.9383447523158153,0,1,0,1,0,1,1,0,1,0,0,1,0,1,1,1,1,0,1,0
-0.002054796438650507,-0.6961697093418069,1.0361130619757966,1.3478671949191148,-0.40199490441104246,-0.9383447523158153,0,1,1,0,1,0,0,1,1,0,0,1,0,1,1,0,1,1,2,1
-1.189727137978658,-1.131505915044081,-0.352507208386592,-1.370862990412113,-1.2179049679093814,-0.9383447523158153,0,1,1,0,0,1,0,1,1,0,1,0,0,1,0,1,0,2,0,0
-0.17172227380150873,0.34863718434365076,0.8278200214214383,0.6681846485863079,0.4139151590872966,0.028626206786179966,1,0,0,1,0,1,0,1,1,0,0,0,1,1,2,0,0,2,0,1
-1.6987295700672327,1.2193095957481987,-1.1162483570859056,1.3478671949191148,-1.2179049679093814,-0.9383447523158153,0,1,0,1,1,0,0,1,1,0,0,0,1,0,1,0,1,1,2,0
-1.5290620927043745,1.2193095957481987,-0.5608002489409503,-1.370862990412113,0.4139151590872966,1.9625681249901703,1,0,0,1,1,0,0,1,1,0,0,1,0,1,1,1,2,1,0,0
1.3552850224642152,-0.9573714327631713,-0.6302312624590697,0.6681846485863079,-1.2179049679093814,2.929539084092166,0,1,0,1,0,1,0,1,1,0,0,0,1,1,1,1,0,1,1,2
0.8462825903756406,0.9581078723268344,-0.1442141678322337,-0.011497897746499092,0.4139151590872966,0.028626206786179966,1,0,0,1,0,1,0,1,1,0,0,0,1,1,2,1,0,1,0,0
-0.17172227380150873,-0.08669902135862327,0.6889579943851994,1.3478671949191148,-1.2179049679093814,-0.9383447523158153,0,1,0,1,0,1,0,1,1,0,0,0,1,2,2,1,1,1,0,1
-0.002054796438650507,1.2193095957481987,0.4112339403127217,2.0275497412519217,-0.40199490441104246,1.9625681249901703,1,0,0,1,0,1,0,1,0,1,0,1,0,1,2,0,1,2,0,2
-1.189727137978658,1.2193095957481987,-0.6996622759771891,-0.691180444079306,0.4139151590872966,-0.9383447523158153,0,1,0,1,0,1,0,1,1,0,0,1,0,0,2,2,1,1,2,1
-0.17172227380150873,-1.6539093618868097,-0.5608002489409503,2.0275497412519217,-0.40199490441104246,2.929539084092166,1,0,0,1,0,1,1,0,1,0,0,0,1,2,0,0,1,1,2,0
-0.341389751164367,-0.609102468201352,-0.6996622759771891,-1.370862990412113,-0.40199490441104246,0.028626206786179966,1,0,0,1,1,0,0,1,1,0,1,0,0,1,1,1,0,2,1,1
-0.5110572285272252,-0.08669902135862327,0.8972510349395577,2.0275497412519217,1.2298252225856356,0.028626206786179966,1,0,1,0,0,1,0,1,1,0,0,1,0,0,0,0,1,2,0,1
-0.002054796438650507,0.9581078723268344,1.244406102530155,-0.011497897746499092,-0.40199490441104246,0.028626206786179966,0,1,0,1,0,1,0,1,1,0,1,0,0,1,1,2,0,1,2,1
1.6946199771899317,-0.08669902135862327,0.20294089975836344,-0.011497897746499092,1.2298252225856356,-0.9383447523158153,1,0,1,0,1,0,1,0,1,0,0,0,1,1,2,1,2,2,2,1
0.3372801582870659,-1.566842120746355,-0.7690932894953085,0.6681846485863079,-1.2179049679093814,0.028626206786179966,1,0,0,1,0,1,0,1,1,0,0,1,0,1,1,1,0,1,2,0
-1.189727137978658,-1.4797748796059,-0.1442141678322337,2.0275497412519217,0.4139151590872966,0.028626206786179966,0,1,0,1,1,0,0,1,1,0,1,0,0,1,1,0,0,2,2,1
-0.002054796438650507,1.045175113467289,0.3418029267946023,0.6681846485863079,-1.2179049679093814,0.028626206786179966,0,1,1,0,1,0,0,1,1,0,0,1,0,1,2,2,1,1,1,0
-0.002054796438650507,-1.3927076384654453,-1.5328344381946224,-0.691180444079306,2.045735286083975,0.9955971658881752,1,0,1,0,1,0,1,0,1,0,0,1,0,1,2,2,2,1,1,1
0.5069476356499242,1.4805113191695631,0.61952698086708,1.3478671949191148,-0.40199490441104246,0.028626206786179966,1,0,0,1,1,0,0,1,0,1,0,0,1,1,2,0,2,1,0,2
0.8462825903756406,-0.08669902135862327,-1.4634034246765029,1.3478671949191148,-0.40199490441104246,-0.9383447523158153,0,1,1,0,0,1,0,1,1,0,0,0,1,1,0,1,0,1,2,2
0.8462825903756406,-1.2185731561845357,1.105544075493916,-0.011497897746499092,0.4139151590872966,0.028626206786179966,0,1,0,1,0,1,0,1,1,0,0,1,0,1,2,1,0,2,1,0
-0.17172227380150873,1.132242354607744,0.4112339403127217,-0.691180444079306,0.4139151590872966,0.028626206786179966,1,0,1,0,0,1,0,1,0,1,0,0,1,0,0,1,2,1,1,1
-0.341389751164367,0.9581078723268344,-0.1442141678322337,-0.011497897746499092,-1.2179049679093814,0.9955971658881752,0,1,0,1,1,0,0,1,1,0,1,0,0,2,1,0,0,1,1,0
-0.5110572285272252,1.567578560310018,-0.49136923542283084,-0.691180444079306,0.4139151590872966,0.028626206786179966,0,1,0,1,1,0,0,1,1,0,0,0,1,2,2,1,1,1,0,0
0.3372801582870659,0.8710406311863795,-0.9079553165315475,-0.011497897746499092,-1.2179049679093814,0.028626206786179966,0,1,0,1,1,0,0,1,1,0,0,0,1,0,1,0,1,1,1,0
0.16761268092420772,0.17450270206274113,-1.0468173435677863,2.0275497412519217,1.2298252225856356,0.9955971658881752,1,0,0,1,0,1,0,1,1,0,0,0,1,1,1,2,2,2,0,0
0.16761268092420772,-0.4349679859204425,0.4806649538308412,-0.011497897746499092,-0.40199490441104246,0.9955971658881752,0,1,0,1,0,1,0,1,1,0,1,0,0,1,0,1,1,1,0,0
0.3372801582870659,-1.6539093618868097,1.591561170120752,-0.011497897746499092,1.2298252225856356,-0.9383447523158153,1,0,1,0,1,0,0,1,1,0,0,1,0,1,0,2,2,0,1,0
-0.8503921832529416,-1.2185731561845357,0.3418029267946023,-0.691180444079306,-0.40199490441104246,-1.9053157114178105,0,1,1,0,1,0,1,0,1,0,0,1,0,0,2,1,0,1,1,0
-0.002054796438650507,-0.5220352270608973,1.105544075493916,1.3478671949191148,-0.40199490441104246,1.9625681249901703,0,1,0,1,0,1,0,1,1,0,0,1,0,1,1,1,0,1,0,0
2.5429573640042227,0.34863718434365076,0.7583890079033189,-1.370862990412113,-0.40199490441104246,0.028626206786179966,1,0,0,1,1,0,0,1,1,0,0,1,0,1,1,1,1,1,0,0
1.5249524998270736,0.6098389077650151,1.244406102530155,2.0275497412519217,-0.40199490441104246,0.9955971658881752,0,1,0,1,0,1,0,1,1,0,0,1,0,1,2,2,0,1,0,1
0.5069476356499242,-0.5220352270608973,1.244406102530155,-0.691180444079306,2.045735286083975,0.028626206786179966,1,0,1,0,0,1,0,1,1,0,0,1,0,1,2,1,2,1,0,0
0.8462825903756406,0.34863718434365076,-0.7690932894953085,0.6681846485863079,0.4139151590872966,0.9955971658881752,0,1,1,0,1,0,0,1,1,0,0,1,0,1,0,1,0,1,0,0
-0.8503921832529416,-0.609102468201352,-1.0468173435677863,-0.011497897746499092,1.2298252225856356,0.9955971658881752,1,0,0,1,0,1,0,1,1,0,0,1,0,1,1,2,1,1,1,0
1.015950067738499,1.567578560310018,-1.4634034246765029,2.0275497412519217,-1.2179049679093814,-1.9053157114178105,0,1,1,0,1,0,0,1,1,0,0,1,0,1,1,1,0,2,2,0
-1.3593946153415164,0.8710406311863795,-1.4634034246765029,-0.691180444079306,-0.40199490441104246,0.028626206786179966,0,1,0,1,0,1,1,0,1,0,0,1,0,1,0,1,2,1,0,0
0.8462825903756406,0.6098389077650151,0.7583890079033189,-0.011497897746499092,2.045735286083975,-0.9383447523158153,0,1,1,0,1,0,0,1,1,0,1,0,0,2,1,1,1,0,1,0
-2.2077320021558076,-1.566842120746355,1.0361130619757966,-0.011497897746499092,-0.40199490441104246,1.9625681249901703,1,0,0,1,1,0,0,1,1,0,0,1,0,0,2,1,1,0,1,1
-0.17172227380150873,0.9581078723268344,1.105544075493916,-0.011497897746499092,-0.40199490441104246,0.028626206786179966,1,0,0,1,0,1,0,1,1,0,0,1,0,0,2,1,2,2,0,0
-1.5290620927043745,-0.609102468201352,-1.1856793706040252,-1.370862990412113,-1.2179049679093814,0.9955971658881752,0,1,1,0,1,0,1,0,1,0,0,0,1,1,2,1,1,1,1,0
0.16761268092420772,1.567578560310018,1.3832681295663938,-0.011497897746499092,1.2298252225856356,-1.9053157114178105,0,1,0,1,0,1,0,1,1,0,0,1,0,1,1,0,2,0,0,0
-0.341389751164367,-1.3927076384654453,0.06407887272212458,-0.691180444079306,0.4139151590872966,0.9955971658881752,0,1,0,1,0,1,0,1,1,0,0,0,1,1,1,1,1,2,0,0
-0.6807247058900834,-1.3927076384654453,-1.6716964652308612,-0.011497897746499092,2.045735286083975,0.028626206786179966,0,1,0,1,0,1,0,1,1,0,0,1,0,2,1,2,2,2,1,0
-1.3593946153415164,0.69690614890547,-1.6022654517127417,-0.691180444079306,-0.40199490441104246,-1.9053157114178105,0,1,0,1,1,0,1,0,1,0,1,0,0,2,1,0,1,2,0,0
1.3552850224642152,-1.4797748796059,1.105544075493916,-0.011497897746499092,-0.40199490441104246,-1.9053157114178105,0,1,1,0,0,1,0,1,1,0,0,0,1,1,1,1,0,1,0,2
-0.17172227380150873,1.2193095957481987,1.5221301566026326,-0.011497897746499092,-1.2179049679093814,0.028626206786179966,1,0,0,1,1,0,0,1,1,0,0,1,0,1,1,1,1,1,0,0
-0.17172227380150873,1.2193095957481987,-0.6996622759771891,2.0275497412519217,-0.40199490441104246,0.028626206786179966,0,1,0,1,0,1,0,1,1,0,1,0,0,1,0,2,0,2,2,1
-0.341389751164367,-1.566842120746355,0.8278200214214383,0.6681846485863079,2.045735286083975,0.9955971658881752,1,0,0,1,0,1,0,1,1,0,0,0,1,1,0,1,0,1,1,0
-0.6807247058900834,1.045175113467289,0.7583890079033189,-0.691180444079306,0.4139151590872966,0.028626206786179966,1,0,1,0,1,0,1,0,0,1,0,1,0,1,1,0,1,1,1,0
1.6946199771899317,1.3063768368886535,1.0361130619757966,-0.011497897746499092,1.2298252225856356,-1.9053157114178105,0,1,0,1,0,1,0,1,1,0,0,1,0,1,1,1,1,1,0,1
-0.5110572285272252,0.6098389077650151,0.27237191327648286,-0.011497897746499092,1.2298252225856356,0.9955971658881752,1,0,0,1,0,1,0,1,0,1,0,1,0,1,2,1,0,1,0,0
-1.0200596606158,0.43570442548410554,-1.4634034246765029,0.6681846485863079,-0.40199490441104246,0.9955971658881752,0,1,1,0,0,1,0,1,1,0,1,0,0,1,1,0,2,1,2,1
-0.002054796438650507,0.9581078723268344,-0.9773863300496669,-1.370862990412113,2.045735286083975,-0.9383447523158153,0,1,0,1,0,1,0,1,1,0,0,0,1,2,2,0,0,1,2,0
-1.868397047430091,-0.8703041916227164,-0.352507208386592,0.6681846485863079,-0.40199490441104246,0.028626206786179966,0,1,0,1,0,1,0,1,1,0,0,0,1,2,1,0,1,1,1,0
0.5069476356499242,-1.2185731561845357,-1.5328344381946224,-0.691180444079306,0.4139151590872966,-1.9053157114178105,0,1,0,1,1,0,0,1,1,0,0,0,1,2,0,0,1,1,1,2
1.185617545101357,0.34863718434365076,1.591561170120752,0.6681846485863079,-1.2179049679093814,0.9955971658881752,0,1,0,1,1,0,0,1,1,0,0,1,0,1,1,1,0,1,0,1
0.5069476356499242,0.6098389077650151,1.452699143084513,-1.370862990412113,0.4139151590872966,0.028626206786179966,1,0,0,1,1,0,0,1,1,0,0,0,1,2,1,1,1,1,1,1
-0.341389751164367,-1.131505915044081,-1.6022654517127417,-1.370862990412113,-1.2179049679093814,0.9955971658881752,0,1,1,0,1,0,0,1,1,0,0,1,0,2,1,2,1,1,2,1
-0.002054796438650507,1.3934440780291084,1.1749750890120354,-1.370862990412113,-1.2179049679093814,0.028626206786179966,1,0,0,1,0,1,0,1,1,0,0,1,0,0,1,1,1,1,1,0
0.3372801582870659,0.7839733900459247,1.5221301566026326,-1.370862990412113,0.4139151590872966,1.9625681249901703,0,1,1,0,0,1,0,1,1,0,0,1,0,1,2,1,1,1,0,0
0.3372801582870659,0.17450270206274113,-1.4634034246765029,-1.370862990412113,0.4139151590872966,-0.9383447523158153,0,1,0,1,1,0,0,1,1,0,0,1,0,1,0,1,1,1,1,1
-0.5110572285272252,0.6098389077650151,1.1749750890120354,0.6681846485863079,1.2298252225856356,-0.9383447523158153,0,1,0,1,0,1,1,0,1,0,1,0,0,1,1,1,2,0,1,0
-0.5110572285272252,1.2193095957481987,-0.6996622759771891,0.6681846485863079,2.045735286083975,2.929539084092166,1,0,0,1,0,1,0,1,1,0,0,1,0,0,1,0,1,1,0,2
-2.3773994795186657,1.567578560310018,-0.005352140795994853,0.6681846485863079,-0.40199490441104246,0.028626206786179966,1,0,0,1,1,0,0,1,0,1,0,1,0,1,0,1,2,1,2,2
-1.6987295700672327,1.4805113191695631,0.5500959673489606,-2.05054553674492,-0.40199490441104246,-0.9383447523158153,0,1,0,1,1,0,0,1,1,0,0,1,0,2,2,0,0,2,2,0
-0.002054796438650507,-1.566842120746355,0.3418029267946023,-0.691180444079306,-0.40199490441104246,0.028626206786179966,1,0,0,1,0,1,1,0,1,0,0,1,0,1,0,2,1,2,1,1
2.3732898866413645,0.08743546092228634,0.4806649538308412,1.3478671949191148,-0.40199490441104246,-0.9383447523158153,0,1,0,1,0,1,0,1,1,0,1,0,0,1,1,0,1,2,0,0
-0.341389751164367,0.08743546092228634,0.133509886240244,0.6681846485863079,-0.40199490441104246,0.028626206786179966,0,1,0,1,0,1,0,1,1,0,0,0,1,0,2,0,1,2,1,1
-0.002054796438650507,-0.08669902135862327,-0.07478315431411428,-0.691180444079306,0.4139151590872966,-0.9383447523158153,0,1,0,1,0,1,0,1,1,0,0,0,1,1,0,0,0,1,0,2
-0.002054796438650507,-0.08669902135862327,-1.5328344381946224,0.6681846485863079,0.4139151590872966,0.028626206786179966,1,0,1,0,1,0,0,1,1,0,0,1,0,2,1,1,1,1,0,1
-0.5110572285272252,-0.17376626249907806,0.06407887272212458,1.3478671949191148,2.045735286083975,-0.9383447523158153,0,1,0,1,0,1,0,1,1,0,0,0,1,0,1,0,1,1,1,0
1.3552850224642152,0.26156994320319593,-0.9773863300496669,0.6681846485863079,-0.40199490441104246,1.9625681249901703,0,1,1,0,1,0,0,1,0,1,1,0,0,1,0,1,0,1,2,0
-0.002054796438650507,0.34863718434365076,0.27237191327648286,-0.691180444079306,1.2298252225856356,0.028626206786179966,0,1,0,1,0,1,0,1,1,0,1,0,0,2,1,1,1,1,1,1
-0.6807247058900834,0.8710406311863795,-1.6716964652308612,0.6681846485863079,-0.40199490441104246,1.9625681249901703,1,0,0,1,0,1,0,1,1,0,0,1,0,0,2,1,2,1,0,1
1.015950067738499,-1.3927076384654453,-1.5328344381946224,1.3478671949191148,0.4139151590872966,0.9955971658881752,0,1,0,1,0,1,1,0,1,0,1,0,0,0,2,1,0,2,1,0
1.6946199771899317,0.43570442548410554,0.5500959673489606,-0.691180444079306,0.4139151590872966,0.028626206786179966,1,0,0,1,1,0,0,1,1,0,0,0,1,0,1,1,1,1,1,0
-0.002054796438650507,-0.609102468201352,0.61952698086708,-0.011497897746499092,-1.2179049679093814,0.9955971658881752,1,0,0,1,0,1,0,1,1,0,0,1,0,1,1,1,1,1,2,1
-0.002054796438650507,-0.9573714327631713,1.5221301566026326,-0.011497897746499092,1.2298252225856356,0.028626206786179966,1,0,0,1,0,1,0,1,0,1,0,0,1,1,2,1,1,2,1,0
0.3372801582870659,0.34863718434365076,-0.4219382219047114,0.6681846485863079,1.2298252225856356,0.9955971658881752,0,1,1,0,1,0,1,0,1,0,0,1,0,2,1,1,1,2,1,0
1.5249524998270736,0.08743546092228634,-1.6716964652308612,1.3478671949191148,0.4139151590872966,1.9625681249901703,0,1,0,1,0,1,0,1,1,0,0,0,1,0,1,0,1,1,2,0
-0.17172227380150873,-0.9573714327631713,0.4806649538308412,-0.011497897746499092,0.4139151590872966,0.028626206786179966,0,1,0,1,0,1,1,0,1,0,0,1,0,1,1,0,0,1,1,0
1.185617545101357,-1.6539093618868097,-0.352507208386592,1.3478671949191148,-1.2179049679093814,-0.9383447523158153,0,1,0,1,0,1,0,1,1,0,0,1,0,1,1,1,1,1,0,0
2.0339549319156482,0.9581078723268344,-0.6302312624590697,-2.05054553674492,1.2298252225856356,-0.9383447523158153,1,0,0,1,0,1,0,1,1,0,0,1,0,2,1,1,0,2,2,0
-0.5110572285272252,1.4805113191695631,0.61952698086708,0.6681846485863079,1.2298252225856356,0.028626206786179966,1,0,1,0,0,1,1,0,1,0,0,1,0,1,1,1,0,0,2,0
2.2036224092785064,-1.7409766030272644,0.6889579943851994,0.6681846485863079,2.045735286083975,0.028626206786179966,0,1,0,1,1,0,0,1,1,0,1,0,0,2,2,0,0,0,0,0
0.5069476356499242,0.9581078723268344,-1.5328344381946224,-1.370862990412113,1.2298252225856356,0.028626206786179966,0,1,1,0,1,0,0,1,1,0,1,0,0,2,1,0,1,2,0,0
-0.17172227380150873,0.26156994320319593,-1.324541397640264,-0.011497897746499092,-0.40199490441104246,0.028626206786179966,1,0,1,0,0,1,0,1,1,0,0,0,1,1,2,1,1,0,1,2
0.8462825903756406,-1.566842120746355,-0.2830761948684726,-1.370862990412113,-1.2179049679093814,0.9955971658881752,0,1,1,0,1,0,0,1,1,0,0,0,1,2,1,1,0,2,0,1
-0.341389751164367,-1.3927076384654453,-0.49136923542283084,2.0275497412519217,-0.40199490441104246,1.9625681249901703,0,1,0,1,0,1,0,1,1,0,0,0,1,1,0,0,0,1,0,0
1.3552850224642152,0.08743546092228634,1.452699143084513,-0.691180444079306,-1.2179049679093814,-0.9383447523158153,0,1,0,1,1,0,0,1,1,0,0,1,0,1,2,1,1,1,0,0
0.16761268092420772,0.5227716666245603,0.7583890079033189,1.3478671949191148,0.4139151590872966,0.028626206786179966,0,1,0,1,0,1,0,1,1,0,0,1,0,1,1,2,1,1,2,0
-1.5290620927043745,0.9581078723268344,1.3138371160482742,-0.691180444079306,1.2298252225856356,0.028626206786179966,0,1,0,1,1,0,0,1,1,0,0,1,0,1,1,1,1,1,1,1
-1.0200596606158,0.6098389077650151,-0.07478315431411428,0.6681846485863079,-1.2179049679093814,0.028626206786179966,0,1,0,1,0,1,0,1,0,1,0,1,0,1,0,1,1,2,1,1
0.3372801582870659,0.0003682197818315326,-1.6716964652308612,1.3478671949191148,0.4139151590872966,0.028626206786179966,0,1,0,1,0,1,0,1,1,0,1,0,0,1,2,1,1,1,2,0
-1.6987295700672327,1.132242354607744,1.0361130619757966,-0.011497897746499092,-1.2179049679093814,-0.9383447523158153,1,0,1,0,0,1,0,1,1,0,0,0,1,0,1,1,0,1,0,0
-1.3593946153415164,-0.34790074477998767,-1.6716964652308612,-2.05054553674492,-1.2179049679093814,-1.9053157114178105,1,0,1,0,0,1,0,1,1,0,0,1,0,1,0,1,0,1,0,0
-1.3593946153415164,0.8710406311863795,0.8278200214214383,-0.011497897746499092,0.4139151590872966,-0.9383447523158153,0,1,0,1,0,1,0,1,1,0,0,1,0,1,0,0,0,2,2,2
-1.189727137978658,0.69690614890547,-0.49136923542283084,-2.05054553674492,-0.40199490441104246,-0.9383447523158153,1,0,0,1,0,1,0,1,1,0,0,0,1,1,1,2,2,1,0,0
-0.002054796438650507,-1.2185731561845357,-1.1162483570859056,0.6681846485863079,2.045735286083975,0.028626206786179966,0,1,0,1,0,1,0,1,1,0,0,0,1,1,2,0,1,1,1,0
-1.6987295700672327,1.567578560310018,-0.6302312624590697,2.0275497412519217,-0.40199490441104246,-0.9383447523158153,1,0,0,1,0,1,0,1,1,0,1,0,0,1,0,0,0,2,1,0
0.3372801582870659,0.69690614890547,-1.1856793706040252,1.3478671949191148,1.2298252225856356,-0.9383447523158153,0,1,1,0,0,1,0,1,1,0,1,0,0,1,1,0,0,1,1,1
-0.6807247058900834,-0.17376626249907806,0.20294089975836344,-2.05054553674492,2.861645349582314,0.028626206786179966,1,0,0,1,0,1,0,1,1,0,0,0,1,1,1,1,2,1,0,0
-0.6807247058900834,-1.7409766030272644,-0.5608002489409503,0.6681846485863079,-1.2179049679093814,0.028626206786179966,0,1,0,1,0,1,0,1,1,0,0,1,0,1,2,0,0,1,0,0
-0.17172227380150873,-1.3927076384654453,0.4112339403127217,0.6681846485863079,-0.40199490441104246,0.028626206786179966,0,1,0,1,0,1,0,1,0,1,1,0,0,1,1,2,1,1,0,1
-0.17172227380150873,-0.9573714327631713,1.3138371160482742,1.3478671949191148,-0.40199490441104246,0.028626206786179966,0,1,0,1,0,1,0,1,1,0,0,0,1,1,1,1,0,2,0,1
-0.8503921832529416,0.43570442548410554,0.9666820484576771,-0.011497897746499092,-1.2179049679093814,0.9955971658881752,1,0,0,1,0,1,0,1,1,0,1,0,0,0,1,2,1,1,1,1
-1.0200596606158,1.7417130425909275,1.105544075493916,0.6681846485863079,-1.2179049679093814,0.028626206786179966,1,0,0,1,0,1,0,1,1,0,0,1,0,1,0,2,0,2,0,0
-1.189727137978658,-0.8703041916227164,1.452699143084513,-0.691180444079306,0.4139151590872966,1.9625681249901703,0,1,1,0,0,1,0,1,1,0,1,0,0,0,1,2,1,1,2,1
1.185617545101357,1.6546458014504728,-1.1856793706040252,-0.011497897746499092,0.4139151590872966,-0.9383447523158153,0,1,1,0,0,1,0,1,1,0,0,0,1,0,0,0,1,1,2,1
-0.5110572285272252,-0.34790074477998767,-1.1856793706040252,-2.05054553674492,2.045735286083975,-0.9383447523158153,1,0,1,0,0,1,0,1,1,0,0,1,0,2,1,1,1,1,2,1
-0.17172227380150873,-1.4797748796059,-1.324541397640264,-0.011497897746499092,0.4139151590872966,0.028626206786179966,1,0,1,0,0,1,0,1,1,0,0,0,1,1,2,1,0,1,0,0
-0.8503921832529416,-1.2185731561845357,-0.8385243030134281,1.3478671949191148,1.2298252225856356,0.028626206786179966,0,1,1,0,1,0,0,1,1,0,0,1,0,1,1,1,1,1,0,0
0.6766151130127824,1.7417130425909275,0.4806649538308412,-0.011497897746499092,-0.40199490441104246,0.028626206786179966,0,1,1,0,0,1,0,1,1,0,0,0,1,1,0,0,1,2,0,1
-0.17172227380150873,-1.7409766030272644,-1.0468173435677863,-0.691180444079306,-0.40199490441104246,-0.9383447523158153,0,1,0,1,0,1,0,1,1,0,0,0,1,2,2,2,0,1,1,0
-1.0200596606158,0.08743546092228634,0.9666820484576771,-0.691180444079306,3.677555413080653,0.028626206786179966,1,0,1,0,1,0,1,0,1,0,0,1,0,0,1,1,0,2,1,0
1.3552850224642152,0.69690614890547,0.27237191327648286,0.6681846485863079,-1.2179049679093814,0.028626206786179966,0,1,0,1,1,0,0,1,1,0,0,0,1,2,1,1,1,1,0,2
-1.0200596606158,0.8710406311863795,-1.2551103841221445,0.6681846485863079,-1.2179049679093814,0.028626206786179966,0,1,0,1,0,1,0,1,0,1,0,0,1,2,1,1,1,1,1,1
1.185617545101357,-0.6961697093418069,0.27237191327648286,-0.011497897746499092,0.4139151590872966,-0.9383447523158153,1,0,0,1,0,1,0,1,1,0,0,0,1,0,0,1,2,2,2,1
0.16761268092420772,-1.7409766030272644,1.244406102530155,0.6681846485863079,-1.2179049679093814,-0.9383447523158153,1,0,0,1,0,1,0,1,1,0,0,0,1,1,2,0,0,1,0,2
-2.547066956881524,-0.8703041916227164,-1.3939724111583836,0.6681846485863079,1.2298252225856356,0.028626206786179966,0,1,0,1,0,1,0,1,1,0,0,1,0,2,2,1,0,1,0,0
0.6766151130127824,1.3934440780291084,-0.005352140795994853,0.6681846485863079,-0.40199490441104246,-1.9053157114178105,1,0,0,1,1,0,0,1,1,0,0,0,1,2,2,0,1,1,1,1
-0.6807247058900834,0.8710406311863795,1.0361130619757966,-0.691180444079306,0.4139151590872966,0.028626206786179966,0,1,0,1,1,0,0,1,1,0,0,1,0,2,0,1,2,1,0,0
0.6766151130127824,-0.2608335036395329,-0.6996622759771891,-0.691180444079306,0.4139151590872966,0.028626206786179966,0,1,1,0,0,1,0,1,1,0,0,0,1,1,0,2,1,2,0,0
-0.6807247058900834,1.3063768368886535,0.5500959673489606,-0.691180444079306,0.4139151590872966,0.028626206786179966,1,0,1,0,1,0,0,1,1,0,0,1,0,1,0,0,0,2,0,0
0.5069476356499242,0.7839733900459247,0.6889579943851994,-1.370862990412113,-1.2179049679093814,0.028626206786179966,0,1,0,1,1,0,0,1,1,0,0,0,1,0,1,0,0,1,2,1
0.8462825903756406,-0.9573714327631713,-0.7690932894953085,0.6681846485863079,-0.40199490441104246,0.028626206786179966,1,0,0,1,0,1,0,1,1,0,1,0,0,1,1,1,2,0,2,1
-2.2077320021558076,1.3934440780291084,-0.49136923542283084,-0.691180444079306,0.4139151590872966,-1.9053157114178105,1,0,0,1,0,1,0,1,1,0,0,1,0,2,1,1,0,2,0,0
0.3372801582870659,1.567578560310018,-1.0468173435677863,-0.011497897746499092,-0.40199490441104246,-1.9053157114178105,0,1,0,1,0,1,0,1,1,0,0,0,1,2,1,1,2,1,0,0
-1.868397047430091,-0.9573714327631713,1.1749750890120354,2.0275497412519217,0.4139151590872966,0.028626206786179966,0,1,1,0,0,1,0,1,1,0,0,1,0,2,2,1,0,1,2,0
1.185617545101357,-1.4797748796059,0.8278200214214383,0.6681846485863079,1.2298252225856356,0.028626206786179966,1,0,1,0,0,1,0,1,1,0,0,0,1,0,1,1,0,2,0,0
1.3552850224642152,-0.609102468201352,-0.2830761948684726,-0.691180444079306,-1.2179049679093814,-0.9383447523158153,1,0,1,0,0,1,0,1,1,0,0,0,1,2,1,1,1,2,1,1
-2.3773994795186657,0.69690614890547,-0.1442141678322337,-0.011497897746499092,1.2298252225856356,0.028626206786179966,0,1,1,0,0,1,0,1,1,0,0,1,0,2,2,1,0,1,1,0
1.015950067738499,0.9581078723268344,-0.6996622759771891,0.6681846485863079,-1.2179049679093814,-0.9383447523158153,0,1,0,1,0,1,0,1,1,0,0,1,0,2,1,0,1,2,0,1
-0.6807247058900834,0.5227716666245603,1.3138371160482742,-0.011497897746499092,0.4139151590872966,0.028626206786179966,1,0,0,1,0,1,0,1,1,0,0,1,0,2,1,1,0,2,0,1
1.3552850224642152,0.0003682197818315326,-0.9773863300496669,0.6681846485863079,-0.40199490441104246,0.028626206786179966,1,0,1,0,0,1,0,1,1,0,1,0,0,1,2,0,0,1,1,2
-0.8503921832529416,-0.5220352270608973,1.6609921836388715,2.0275497412519217,-1.2179049679093814,0.028626206786179966,0,1,1,0,1,0,1,0,1,0,0,1,0,0,2,0,0,1,1,1
0.8462825903756406,-1.7409766030272644,-0.1442141678322337,-1.370862990412113,-0.40199490441104246,-0.9383447523158153,0,1,0,1,0,1,0,1,1,0,1,0,0,1,0,0,1,1,0,0
-0.17172227380150873,-0.5220352270608973,1.452699143084513,-0.691180444079306,0.4139151590872966,0.028626206786179966,0,1,0,1,0,1,0,1,1,0,0,1,0,2,2,1,2,1,1,0
-0.5110572285272252,-1.3927076384654453,0.3418029267946023,-0.011497897746499092,1.2298252225856356,0.9955971658881752,0,1,1,0,1,0,0,1,1,0,0,0,1,2,2,0,1,1,0,0
0.5069476356499242,-0.6961697093418069,-0.9773863300496669,-0.691180444079306,-0.40199490441104246,1.9625681249901703,0,1,0,1,1,0,0,1,1,0,0,0,1,0,1,2,2,1,0,0
0.5069476356499242,0.6098389077650151,1.3832681295663938,-0.691180444079306,1.2298252225856356,-2.872286670519806,1,0,1,0,1,0,0,1,1,0,0,0,1,1,2,2,2,1,0,0
-0.341389751164367,-0.7832369504822617,-0.2830761948684726,1.3478671949191148,-0.40199490441104246,0.028626206786179966,1,0,0,1,1,0,0,1,1,0,0,0,1,2,1,1,1,2,0,1
-2.0380645247929494,1.4805113191695631,-1.1856793706040252,0.6681846485863079,0.4139151590872966,-0.9383447523158153,1,0,0,1,0,1,0,1,1,0,0,1,0,1,2,2,2,1,1,0
-0.341389751164367,-1.131505915044081,-1.6716964652308612,-0.691180444079306,-1.2179049679093814,-0.9383447523158153,1,0,0,1,1,0,0,1,1,0,0,0,1,2,1,1,1,2,1,0
-0.5110572285272252,1.4805113191695631,1.0361130619757966,-0.691180444079306,0.4139151590872966,-0.9383447523158153,0,1,0,1,0,1,0,1,1,0,1,0,0,0,2,0,1,0,0,1
-0.341389751164367,-0.08669902135862327,1.3832681295663938,-2.05054553674492,-0.40199490441104246,-0.9383447523158153,1,0,0,1,0,1,0,1,1,0,1,0,0,2,1,0,0,2,0,1
-0.002054796438650507,0.17450270206274113,-1.6022654517127417,-0.011497897746499092,-1.2179049679093814,0.028626206786179966,1,0,1,0,0,1,0,1,1,0,0,1,0,0,0,0,1,1,1,0
-0.17172227380150873,-0.6961697093418069,1.452699143084513,-1.370862990412113,1.2298252225856356,-0.9383447523158153,1,0,0,1,0,1,1,0,1,0,0,0,1,0,2,0,0,0,0,1
0.8462825903756406,-0.5220352270608973,1.1749750890120354,-0.691180444079306,2.045735286083975,0.028626206786179966,0,1,1,0,0,1,0,1,1,0,0,0,1,0,1,0,1,1,2,0
-0.002054796438650507,-0.08669902135862327,-0.2830761948684726,0.6681846485863079,-0.40199490441104246,0.028626206786179966,1,0,0,1,0,1,0,1,1,0,0,1,0,1,1,1,1,2,1,0
-0.5110572285272252,0.34863718434365076,0.9666820484576771,-0.011497897746499092,0.4139151590872966,-0.9383447523158153,0,1,0,1,0,1,0,1,1,0,0,0,1,0,2,1,2,1,0,1
-1.3593946153415164,-0.5220352270608973,-0.6302312624590697,0.6681846485863079,-0.40199490441104246,0.9955971658881752,1,0,0,1,0,1,0,1,1,0,1,0,0,1,2,0,0,1,0,0
-0.341389751164367,0.08743546092228634,-0.2830761948684726,0.6681846485863079,-1.2179049679093814,0.028626206786179966,1,0,0,1,0,1,0,1,1,0,0,1,0,2,0,1,1,1,0,1
-1.189727137978658,0.26156994320319593,-1.1162483570859056,-1.370862990412113,2.045735286083975,-0.9383447523158153,1,0,1,0,1,0,0,1,1,0,0,1,0,0,0,2,0,1,0,0
-0.5110572285272252,1.6546458014504728,-0.9079553165315475,0.6681846485863079,1.2298252225856356,0.028626206786179966,0,1,1,0,0,1,0,1,1,0,0,1,0,1,1,1,1,1,0,0
0.16761268092420772,-1.2185731561845357,-0.07478315431411428,-0.691180444079306,0.4139151590872966,0.9955971658881752,1,0,1,0,0,1,0,1,1,0,0,1,0,1,1,1,1,2,0,0
-1.3593946153415164,-0.08669902135862327,-1.324541397640264,-1.370862990412113,-0.40199490441104246,1.9625681249901703,1,0,0,1,1,0,0,1,1,0,0,0,1,2,1,2,0,0,0,0
1.8642874545527899,-0.609102468201352,-1.2551103841221445,0.6681846485863079,0.4139151590872966,0.9955971658881752,0,1,0,1,0,1,0,1,1,0,0,1,0,2,1,1,0,2,0,2
-0.17172227380150873,-0.7832369504822617,1.105544075493916,-0.011497897746499092,1.2298252225856356,-1.9053157114178105,1,0,0,1,0,1,0,1,1,0,1,0,0,1,1,1,2,1,0,1
1.185617545101357,1.4805113191695631,-0.4219382219047114,1.3478671949191148,-0.40199490441104246,-0.9383447523158153,1,0,1,0,1,0,0,1,1,0,0,1,0,1,1,1,0,1,0,1
-0.6807247058900834,1.2193095957481987,0.6889579943851994,0.6681846485863079,1.2298252225856356,-0.9383447523158153,1,0,0,1,1,0,0,1,1,0,0,1,0,0,1,1,0,2,0,0
-0.8503921832529416,0.9581078723268344,0.20294089975836344,2.0275497412519217,0.4139151590872966,0.028626206786179966,1,0,0,1,1,0,0,1,1,0,0,1,0,0,1,0,1,2,0,0
-0.5110572285272252,0.17450270206274113,0.4806649538308412,2.0275497412519217,-0.40199490441104246,-0.9383447523158153,0,1,1,0,0,1,0,1,1,0,0,0,1,1,2,2,1,1,0,1
-0.6807247058900834,1.3063768368886535,0.7583890079033189,2.0275497412519217,2.045735286083975,-0.9383447523158153,1,0,0,1,1,0,0,1,1,0,0,0,1,0,0,1,2,1,1,0
-1.189727137978658,-0.08669902135862327,-0.49136923542283084,-1.370862990412113,0.4139151590872966,0.028626206786179966,1,0,1,0,1,0,1,0,1,0,0,0,1,1,0,1,2,1,0,0
-0.341389751164367,0.08743546092228634,0.61952698086708,-2.05054553674492,-0.40199490441104246,0.9955971658881752,1,0,1,0,0,1,0,1,1,0,0,0,1,1,1,0,1,1,1,0
1.6946199771899317,-1.131505915044081,1.5221301566026326,-0.011497897746499092,0.4139151590872966,0.028626206786179966,0,1,0,1,1,0,0,1,0,1,0,1,0,1,1,2,2,1,0,0
0.6766151130127824,-1.7409766030272644,-1.0468173435677863,2.0275497412519217,1.2298252225856356,-0.9383447523158153,1,0,1,0,0,1,0,1,1,0,0,1,0,1,1,0,0,2,2,0
-0.8503921832529416,-0.8703041916227164,-1.2551103841221445,1.3478671949191148,-0.40199490441104246,0.028626206786179966,1,0,1,0,1,0,0,1,1,0,1,0,0,2,1,1,1,1,0,0
0.5069476356499242,-0.9573714327631713,-1.1162483570859056,-0.691180444079306,1.2298252225856356,0.028626206786179966,0,1,0,1,0,1,0,1,1,0,0,1,0,1,1,1,2,1,2,1
0.6766151130127824,0.0003682197818315326,-0.6302312624590697,-0.691180444079306,-0.40199490441104246,0.028626206786179966,0,1,0,1,1,0,0,1,1,0,0,1,0,1,2,2,1,1,1,1
-0.17172227380150873,-0.34790074477998767,-0.352507208386592,2.0275497412519217,-0.40199490441104246,0.028626206786179966,1,0,0,1,0,1,0,1,1,0,1,0,0,0,2,0,0,1,1,2
-1.0200596606158,-0.34790074477998767,-0.7690932894953085,-0.011497897746499092,1.2298252225856356,0.028626206786179966,0,1,1,0,1,0,0,1,1,0,0,0,1,0,1,1,1,1,1,0
0.6766151130127824,-0.34790074477998767,-0.21364518135035315,-0.011497897746499092,-0.40199490441104246,-0.9383447523158153,0,1,0,1,0,1,0,1,1,0,0,0,1,2,0,0,2,1,1,1
0.5069476356499242,-1.131505915044081,-0.2830761948684726,0.6681846485863079,0.4139151590872966,0.9955971658881752,1,0,0,1,1,0,0,1,1,0,0,1,0,1,1,2,1,1,1,1
1.185617545101357,1.3934440780291084,0.8278200214214383,1.3478671949191148,-1.2179049679093814,-0.9383447523158153,0,1,0,1,0,1,1,0,1,0,0,0,1,1,2,0,1,2,1,1
0.5069476356499242,-0.7832369504822617,-1.324541397640264,-0.011497897746499092,-0.40199490441104246,0.9955971658881752,1,0,1,0,1,0,0,1,1,0,0,0,1,1,1,0,1,1,0,0
-0.5110572285272252,-1.3927076384654453,1.1749750890120354,-0.691180444079306,-1.2179049679093814,-1.9053157114178105,0,1,1,0,0,1,0,1,1,0,0,0,1,2,2,1,1,1,2,0
-0.17172227380150873,1.6546458014504728,0.27237191327648286,-0.011497897746499092,0.4139151590872966,-0.9383447523158153,0,1,1,0,1,0,0,1,1,0,0,1,0,0,1,1,0,1,2,0
-1.5290620927043745,0.69690614890547,-0.1442141678322337,-0.011497897746499092,-0.40199490441104246,0.028626206786179966,1,0,1,0,0,1,0,1,0,1,0,1,0,1,0,0,1,0,1,0
-3.0560693889700987,1.567578560310018,0.3418029267946023,-0.011497897746499092,0.4139151590872966,-1.9053157114178105,0,1,0,1,0,1,0,1,1,0,0,1,0,0,2,2,0,2,0,0
-0.341389751164367,1.567578560310018,-0.9079553165315475,-0.691180444079306,1.2298252225856356,0.028626206786179966,1,0,0,1,0,1,0,1,1,0,0,0,1,2,1,0,1,2,0,2
-0.17172227380150873,-1.4797748796059,-1.6716964652308612,-0.691180444079306,0.4139151590872966,0.9955971658881752,0,1,0,1,0,1,0,1,1,0,0,1,0,1,0,2,1,1,0,0
-1.189727137978658,-1.4797748796059,0.8972510349395577,0.6681846485863079,-1.2179049679093814,-0.9383447523158153,0,1,1,0,1,0,0,1,1,0,1,0,0,0,1,1,0,1,0,0
-1.0200596606158,0.9581078723268344,1.244406102530155,0.6681846485863079,-1.2179049679093814,0.028626206786179966,0,1,0,1,0,1,0,1,1,0,0,1,0,1,1,1,1,1,0,1
-1.189727137978658,1.2193095957481987,1.105544075493916,-0.011497897746499092,1.2298252225856356,0.028626206786179966,0,1,0,1,0,1,0,1,1,0,0,1,0,1,1,0,0,1,0,0
0.5069476356499242,-0.5220352270608973,-0.6302312624590697,0.6681846485863079,-1.2179049679093814,0.9955971658881752,1,0,0,1,0,1,0,1,1,0,1,0,0,1,0,0,2,1,2,0
-1.189727137978658,0.8710406311863795,1.6609921836388715,-2.05054553674492,-0.40199490441104246,0.9955971658881752,0,1,0,1,1,0,0,1,0,1,0,1,0,1,2,2,2,1,1,1
0.8462825903756406,0.17450270206274113,1.3138371160482742,0.6681846485863079,0.4139151590872966,0.028626206786179966,0,1,0,1,1,0,0,1,1,0,0,1,0,2,2,0,0,1,0,1
0.6766151130127824,0.9581078723268344,-1.3939724111583836,0.6681846485863079,-1.2179049679093814,-0.9383447523158153,1,0,1,0,0,1,0,1,1,0,0,1,0,1,1,0,1,0,1,1
-1.5290620927043745,-0.08669902135862327,-0.2830761948684726,0.6681846485863079,-0.40199490441104246,-0.9383447523158153,1,0,1,0,1,0,0,1,1,0,0,0,1,1,1,0,1,1,1,1
0.16761268092420772,-0.9573714327631713,0.6889579943851994,-0.691180444079306,1.2298252225856356,-1.9053157114178105,1,0,0,1,0,1,0,1,1,0,0,1,0,1,1,1,0,0,1,2
-1.189727137978658,-0.17376626249907806,0.8972510349395577,0.6681846485863079,-1.2179049679093814,0.028626206786179966,0,1,0,1,0,1,0,1,1,0,0,1,0,1,2,2,2,0,1,0
0.5069476356499242,0.6098389077650151,1.244406102530155,-0.691180444079306,-0.40199490441104246,0.9955971658881752,1,0,1,0,0,1,0,1,1,0,0,0,1,1,0,1,2,2,2,0
1.015950067738499,0.0003682197818315326,0.4112339403127217,-0.691180444079306,-1.2179049679093814,-0.9383447523158153,1,0,0,1,0,1,0,1,1,0,0,1,0,1,2,1,1,1,1,0
1.3552850224642152,-0.609102468201352,-0.1442141678322337,-2.05054553674492,0.4139151590872966,-0.9383447523158153,1,0,0,1,0,1,0,1,1,0,0,0,1,0,1,1,2,2,2,0
-0.17172227380150873,0.8710406311863795,0.6889579943851994,-1.370862990412113,-1.2179049679093814,1.9625681249901703,1,0,1,0,0,1,0,1,1,0,0,0,1,2,1,2,1,2,2,0
0.6766151130127824,-0.6961697093418069,-0.1442141678322337,0.6681846485863079,-0.40199490441104246,-0.9383447523158153,1,0,0,1,0,1,0,1,1,0,0,0,1,0,1,0,0,1,1,1
0.8462825903756406,0.6098389077650151,-1.6716964652308612,-0.691180444079306,1.2298252225856356,0.028626206786179966,0,1,0,1,1,0,0,1,1,0,0,1,0,2,0,0,1,1,2,0
0.6766151130127824,1.132242354607744,0.133509886240244,-0.011497897746499092,-1.2179049679093814,0.028626206786179966,1,0,1,0,0,1,0,1,1,0,1,0,0,1,0,1,0,1,0,0
0.3372801582870659,-0.8703041916227164,-0.07478315431411428,0.6681846485863079,0.4139151590872966,-0.9383447523158153,0,1,0,1,0,1,0,1,1,0,1,0,0,1,2,0,0,2,0,1
1.3552850224642152,-1.2185731561845357,-0.5608002489409503,-1.370862990412113,-0.40199490441104246,-1.9053157114178105,1,0,1,0,1,0,0,1,1,0,0,0,1,1,2,1,2,1,2,1
2.0339549319156482,-0.6961697093418069,1.244406102530155,0.6681846485863079,-0.40199490441104246,0.9955971658881752,1,0,1,0,0,1,0,1,1,0,0,1,0,2,1,0,0,1,2,0
-0.6807247058900834,0.17450270206274113,-1.1162483570859056,-1.370862990412113,-0.40199490441104246,0.028626206786179966,0,1,0,1,1,0,0,1,1,0,0,0,1,1,1,1,1,1,0,0
0.16761268092420772,-0.9573714327631713,-0.8385243030134281,-0.011497897746499092,-1.2179049679093814,0.028626206786179966,0,1,0,1,0,1,0,1,1,0,0,0,1,2,0,1,1,1,0,1
0.6766151130127824,0.9581078723268344,-0.9079553165315475,1.3478671949191148,1.2298252225856356,0.9955971658881752,0,1,0,1,0,1,0,1,1,0,1,0,0,1,2,0,0,1,1,1
-1.3593946153415164,0.69690614890547,-1.324541397640264,-2.05054553674492,-1.2179049679093814,-0.9383447523158153,0,1,1,0,0,1,0,1,1,0,0,1,0,0,1,1,0,2,0,2
2.2036224092785064,-1.4797748796059,-1.1162483570859056,1.3478671949191148,-0.40199490441104246,0.9955971658881752,0,1,0,1,0,1,0,1,1,0,0,0,1,2,2,1,1,1,0,0
-0.6807247058900834,-1.044438673903626,-0.7690932894953085,2.0275497412519217,0.4139151590872966,-0.9383447523158153,0,1,0,1,0,1,0,1,1,0,1,0,0,1,0,1,2,0,0,1
0.6766151130127824,-1.2185731561845357,0.4112339403127217,0.6681846485863079,-0.40199490441104246,0.9955971658881752,0,1,0,1,0,1,0,1,1,0,0,1,0,2,0,2,1,1,0,2
1.015950067738499,-0.34790074477998767,-0.7690932894953085,-1.370862990412113,-1.2179049679093814,1.9625681249901703,1,0,0,1,1,0,0,1,1,0,0,0,1,1,1,0,1,1,1,2
-0.17172227380150873,-0.08669902135862327,-1.0468173435677863,1.3478671949191148,-0.40199490441104246,0.028626206786179966,1,0,0,1,0,1,0,1,0,1,0,1,0,1,1,0,0,1,0,0
-0.341389751164367,1.567578560310018,-0.7690932894953085,-0.011497897746499092,-1.2179049679093814,0.9955971658881752,0,1,0,1,1,0,0,1,1,0,0,0,1,2,0,1,1,1,2,1
-0.8503921832529416,-0.609102468201352,-1.324541397640264,-1.370862990412113,-0.40199490441104246,-0.9383447523158153,1,0,0,1,1,0,0,1,1,0,0,0,1,1,2,1,1,1,2,0
0.6766151130127824,-0.6961697093418069,0.8972510349395577,0.6681846485863079,1.2298252225856356,-0.9383447523158153,1,0,0,1,0,1,0,1,1,0,0,0,1,2,0,2,0,1,0,0
1.185617545101357,-1.566842120746355,0.27237191327648286,-0.691180444079306,-1.2179049679093814,0.028626206786179966,0,1,1,0,0,1,0,1,1,0,1,0,0,0,0,1,0,1,1,1
0.5069476356499242,-0.34790074477998767,-1.6022654517127417,-0.691180444079306,1.2298252225856356,0.9955971658881752,0,1,0,1,0,1,0,1,1,0,0,1,0,1,2,0,1,1,1,1
0.8462825903756406,-0.6961697093418069,0.9666820484576771,-0.011497897746499092,0.4139151590872966,0.028626206786179966,1,0,0,1,0,1,0,1,1,0,0,0,1,1,2,1,0,2,2,0
-0.8503921832529416,1.6546458014504728,-0.1442141678322337,-0.691180444079306,-0.40199490441104246,1.9625681249901703,0,1,0,1,0,1,0,1,1,0,1,0,0,1,2,2,2,2,2,0
0.8462825903756406,-1.131505915044081,1.244406102530155,1.3478671949191148,0.4139151590872966,0.028626206786179966,1,0,0,1,1,0,0,1,0,1,0,0,1,2,1,2,0,2,0,0
-0.002054796438650507,-1.6539093618868097,-0.352507208386592,-0.011497897746499092,-0.40199490441104246,0.9955971658881752,1,0,1,0,0,1,0,1,1,0,0,0,1,1,0,0,1,1,0,1
1.5249524998270736,0.7839733900459247,1.591561170120752,0.6681846485863079,-0.40199490441104246,0.9955971658881752,0,1,0,1,0,1,0,1,1,0,1,0,0,0,1,1,1,1,0,1
-1.868397047430091,0.0003682197818315326,-1.0468173435677863,-1.370862990412113,0.4139151590872966,0.028626206786179966,0,1,1,0,1,0,0,1,1,0,0,1,0,2,0,1,0,1,0,0
1.3552850224642152,0.43570442548410554,1.591561170120752,-0.011497897746499092,0.4139151590872966,-1.9053157114178105,0,1,1,0,0,1,0,1,0,1,0,0,1,1,2,1,0,2,0,0
-0.17172227380150873,0.69690614890547,0.9666820484576771,0.6681846485863079,1.2298252225856356,0.028626206786179966,0,1,0,1,0,1,0,1,1,0,0,0,1,1,1,1,1,1,2,0
-0.6807247058900834,-0.8703041916227164,0.6889579943851994,-2.05054553674492,-1.2179049679093814,0.028626206786179966,0,1,1,0,0,1,0,1,1,0,0,1,0,0,2,2,1,1,0,0
-2.2077320021558076,-0.2608335036395329,0.06407887272212458,1.3478671949191148,0.4139151590872966,0.028626206786179966,0,1,0,1,1,0,0,1,1,0,1,0,0,2,1,1,1,2,1,1
0.3372801582870659,-1.6539093618868097,0.61952698086708,-0.691180444079306,-1.2179049679093814,-0.9383447523158153,0,1,0,1,1,0,0,1,1,0,0,0,1,1,1,0,1,1,2,0
1.015950067738499,-0.17376626249907806,-0.1442141678322337,0.6681846485863079,0.4139151590872966,0.9955971658881752,1,0,1,0,0,1,1,0,1,0,0,0,1,2,2,1,0,1,1,0
-0.5110572285272252,1.3934440780291084,1.5221301566026326,0.6681846485863079,-1.2179049679093814,0.028626206786179966,1,0,0,1,1,0,0,1,1,0,1,0,0,1,0,0,1,1,0,0
1.6946199771899317,-0.17376626249907806,1.5221301566026326,2.0275497412519217,-0.40199490441104246,-0.9383447523158153,0,1,1,0,0,1,0,1,1,0,0,0,1,1,2,1,0,0,0,2
-0.6807247058900834,-0.17376626249907806,0.5500959673489606,-0.691180444079306,-1.2179049679093814,0.028626206786179966,0,1,0,1,1,0,0,1,0,1,0,1,0,1,2,1,0,0,1,0
-0.341389751164367,0.7839733900459247,-0.6302312624590697,-0.011497897746499092,0.4139151590872966,0.028626206786179966,0,1,0,1,1,0,0,1,1,0,0,0,1,1,1,1,1,1,1,1
-1.189727137978658,1.132242354607744,-0.005352140795994853,0.6681846485863079,-0.40199490441104246,-0.9383447523158153,0,1,1,0,0,1,0,1,1,0,0,0,1,1,2,1,1,1,0,0
0.6766151130127824,-1.2185731561845357,0.9666820484576771,0.6681846485863079,-1.2179049679093814,-0.9383447523158153,0,1,0,1,1,0,0,1,1,0,0,0,1,1,2,1,1,2,1,0
-1.0200596606158,-0.2608335036395329,1.6609921836388715,-0.011497897746499092,0.4139151590872966,-0.9383447523158153,1,0,0,1,1,0,0,1,1,0,0,0,1,0,0,0,1,1,2,1
-0.341389751164367,0.0003682197818315326,-1.2551103841221445,-0.011497897746499092,0.4139151590872966,0.028626206786179966,1,0,0,1,0,1,0,1,1,0,0,0,1,1,2,1,0,0,2,2
-0.6807247058900834,-1.3927076384654453,0.8972510349395577,1.3478671949191148,-0.40199490441104246,0.028626206786179966,0,1,0,1,1,0,0,1,1,0,0,0,1,2,0,1,1,2,0,0
1.185617545101357,0.43570442548410554,-0.6302312624590697,0.6681846485863079,0.4139151590872966,0.9955971658881752,0,1,1,0,0,1,0,1,0,1,0,1,0,2,1,1,0,2,0,1
-2.2077320021558076,0.69690614890547,-0.7690932894953085,-0.011497897746499092,0.4139151590872966,0.9955971658881752,0,1,0,1,0,1,0,1,1,0,0,1,0,1,2,0,1,2,2,1
-0.8503921832529416,-1.6539093618868097,1.591561170120752,-0.011497897746499092,-0.40199490441104246,0.028626206786179966,0,1,0,1,1,0,0,1,1,0,0,1,0,1,1,1,1,1,0,0
1.6946199771899317,1.2193095957481987,-1.6022654517127417,-1.370862990412113,1.2298252225856356,-0.9383447523158153,1,0,1,0,1,0,1,0,1,0,0,1,0,1,0,0,2,1,2,1
0.3372801582870659,-1.6539093618868097,-0.8385243030134281,-1.370862990412113,-0.40199490441104246,0.028626206786179966,0,1,0,1,1,0,0,1,1,0,0,0,1,2,1,0,0,1,2,0
-0.002054796438650507,-1.6539093618868097,0.3418029267946023,0.6681846485863079,-0.40199490441104246,0.028626206786179966,0,1,0,1,0,1,0,1,1,0,0,0,1,2,1,1,0,2,0,0
0.16761268092420772,-0.8703041916227164,0.5500959673489606,-0.011497897746499092,-0.40199490441104246,0.028626206786179966,0,1,0,1,0,1,0,1,1,0,0,1,0,1,1,1,1,1,0,2
-0.17172227380150873,0.7839733900459247,-0.6302312624590697,-2.05054553674492,-0.40199490441104246,-1.9053157114178105,1,0,0,1,0,1,0,1,1,0,0,0,1,1,2,0,0,1,2,0
0.3372801582870659,-1.4797748796059,1.6609921836388715,-0.011497897746499092,1.2298252225856356,0.9955971658881752,0,1,1,0,0,1,0,1,1,0,0,1,0,1,1,0,1,1,0,1
0.16761268092420772,-0.4349679859204425,-0.352507208386592,-0.011497897746499092,-0.40199490441104246,0.028626206786179966,1,0,1,0,1,0,0,1,1,0,0,1,0,2,2,2,1,2,2,0
-0.002054796438650507,1.132242354607744,-0.8385243030134281,0.6681846485863079,-1.2179049679093814,0.028626206786179966,0,1,0,1,1,0,0,1,1,0,1,0,0,1,0,1,0,2,0,1
-1.0200596606158,-1.7409766030272644,1.105544075493916,-0.011497897746499092,-0.40199490441104246,0.028626206786179966,0,1,1,0,0,1,0,1,1,0,1,0,0,1,1,1,0,2,2,0
0.16761268092420772,0.8710406311863795,-1.0468173435677863,0.6681846485863079,-0.40199490441104246,-0.9383447523158153,1,0,0,1,1,0,0,1,1,0,1,0,0,0,1,1,0,1,1,0
-1.3593946153415164,0.17450270206274113,-0.9079553165315475,-1.370862990412113,0.4139151590872966,0.9955971658881752,0,1,0,1,1,0,0,1,1,0,0,0,1,2,0,0,1,1,0,0
0.3372801582870659,0.43570442548410554,1.5221301566026326,1.3478671949191148,-1.2179049679093814,0.028626206786179966,0,1,0,1,1,0,0,1,1,0,1,0,0,1,2,2,1,2,1,1
-0.341389751164367,-0.08669902135862327,-0.07478315431411428,-2.05054553674492,0.4139151590872966,-1.9053157114178105,1,0,0,1,1,0,0,1,1,0,1,0,0,0,2,0,0,1,0,0
-0.5110572285272252,1.567578560310018,0.8972510349395577,-0.011497897746499092,0.4139151590872966,0.9955971658881752,0,1,1,0,1,0,0,1,1,0,1,0,0,2,1,1,0,2,0,2
-0.002054796438650507,0.34863718434365076,-0.49136923542283084,0.6681846485863079,-1.2179049679093814,0.9955971658881752,0,1,1,0,0,1,0,1,1,0,0,0,1,2,1,1,0,1,2,0
0.5069476356499242,0.08743546092228634,-0.07478315431411428,-0.011497897746499092,-1.2179049679093814,-2.872286670519806,1,0,0,1,0,1,0,1,1,0,0,1,0,1,0,1,0,1,2,0
0.16761268092420772,-0.8703041916227164,-0.8385243030134281,-0.011497897746499092,-1.2179049679093814,-0.9383447523158153,0,1,0,1,1,0,0,1,1,0,0,0,1,0,0,1,1,1,0,2
-0.341389751164367,0.17450270206274113,-0.5608002489409503,-1.370862990412113,-0.40199490441104246,0.9955971658881752,0,1,0,1,0,1,1,0,1,0,0,1,0,1,1,2,1,2,1,0
1.5249524998270736,1.2193095957481987,1.3832681295663938,-0.011497897746499092,0.4139151590872966,0.028626206786179966,0,1,0,1,0,1,1,0,0,1,0,1,0,0,1,1,0,1,1,1
-0.002054796438650507,-0.609102468201352,-1.0468173435677863,-2.05054553674492,-0.40199490441104246,0.028626206786179966,0,1,1,0,0,1,0,1,0,1,0,0,1,1,2,1,0,1,0,1
0.5069476356499242,1.7417130425909275,1.244406102530155,-1.370862990412113,2.045735286083975,0.028626206786179966,0,1,1,0,0,1,0,1,1,0,0,1,0,0,1,1,0,1,2,1
0.5069476356499242,-1.566842120746355,1.244406102530155,2.0275497412519217,0.4139151590872966,0.9955971658881752,1,0,0,1,1,0,0,1,1,0,0,0,1,1,2,2,0,1,1,0
0.8462825903756406,-1.566842120746355,-0.9773863300496669,-0.691180444079306,-0.40199490441104246,0.9955971658881752,1,0,0,1,1,0,0,1,1,0,0,0,1,1,0,2,1,1,2,1
0.16761268092420772,1.2193095957481987,1.452699143084513,-0.011497897746499092,-1.2179049679093814,-0.9383447523158153,0,1,1,0,1,0,0,1,0,1,0,1,0,1,1,0,1,1,2,1
-0.002054796438650507,0.5227716666245603,0.9666820484576771,0.6681846485863079,-0.40199490441104246,0.028626206786179966,0,1,0,1,0,1,0,1,1,0,1,0,0,1,1,1,0,1,2,0
0.8462825903756406,-0.8703041916227164,0.6889579943851994,-0.011497897746499092,-0.40199490441104246,0.9955971658881752,0,1,0,1,1,0,0,1,1,0,1,0,0,1,1,1,1,1,0,0
-1.3593946153415164,-1.044438673903626,-1.6022654517127417,-0.691180444079306,2.861645349582314,0.028626206786179966,0,1,0,1,1,0,0,1,1,0,0,1,0,2,0,0,2,2,1,0
2.2036224092785064,-1.2185731561845357,-1.1162483570859056,-0.691180444079306,1.2298252225856356,-0.9383447523158153,1,0,0,1,0,1,0,1,1,0,0,0,1,1,1,1,2,1,2,0
-0.002054796438650507,0.43570442548410554,0.3418029267946023,1.3478671949191148,1.2298252225856356,0.028626206786179966,0,1,1,0,0,1,0,1,1,0,0,1,0,2,0,1,0,1,2,1
0.16761268092420772,-0.17376626249907806,-1.3939724111583836,2.0275497412519217,-0.40199490441104246,-0.9383447523158153,0,1,1,0,0,1,0,1,1,0,0,0,1,1,1,1,2,0,1,0
-0.002054796438650507,-0.08669902135862327,0.5500959673489606,0.6681846485863079,1.2298252225856356,0.9955971658881752,0,1,1,0,1,0,0,1,1,0,0,1,0,1,1,1,0,1,1,1
-1.0200596606158,-1.7409766030272644,0.9666820484576771,-0.011497897746499092,0.4139151590872966,0.028626206786179966,0,1,0,1,0,1,0,1,1,0,0,1,0,1,0,0,1,1,0,1
-0.002054796438650507,0.0003682197818315326,0.133509886240244,-0.691180444079306,-1.2179049679093814,0.028626206786179966,0,1,1,0,1,0,0,1,1,0,1,0,0,0,0,0,1,2,0,0
-0.17172227380150873,-1.2185731561845357,0.5500959673489606,0.6681846485863079,0.4139151590872966,0.028626206786179966,1,0,0,1,1,0,0,1,1,0,0,1,0,1,1,1,1,2,0,0
-0.8503921832529416,0.69690614890547,-0.5608002489409503,-2.05054553674492,-0.40199490441104246,0.9955971658881752,1,0,1,0,0,1,0,1,1,0,0,0,1,0,1,1,1,2,0,2
0.6766151130127824,0.34863718434365076,-0.07478315431411428,-0.691180444079306,0.4139151590872966,-0.9383447523158153,0,1,0,1,0,1,0,1,1,0,0,0,1,1,1,1,1,2,0,2
-0.341389751164367,-0.34790074477998767,0.4806649538308412,-0.011497897746499092,0.4139151590872966,0.9955971658881752,1,0,0,1,0,1,0,1,1,0,0,1,0,1,2,2,1,2,2,0
1.015950067738499,0.08743546092228634,1.591561170120752,0.6681846485863079,-0.40199490441104246,-0.9383447523158153,1,0,1,0,0,1,0,1,0,1,0,1,0,2,1,0,1,0,0,0
1.015950067738499,-1.3927076384654453,-0.7690932894953085,-1.370862990412113,0.4139151590872966,-1.9053157114178105,0,1,0,1,1,0,0,1,1,0,1,0,0,1,1,1,2,1,0,0
-0.5110572285272252,-0.6961697093418069,1.3138371160482742,-0.011497897746499092,-0.40199490441104246,1.9625681249901703,0,1,0,1,0,1,0,1,1,0,0,1,0,2,1,2,0,1,0,1
0.5069476356499242,1.132242354607744,0.4112339403127217,-1.370862990412113,0.4139151590872966,-1.9053157114178105,0,1,1,0,1,0,0,1,1,0,1,0,0,1,2,2,0,1,1,0
-0.17172227380150873,-1.6539093618868097,-1.6716964652308612,-0.011497897746499092,-0.40199490441104246,-1.9053157114178105,1,0,0,1,1,0,0,1,1,0,0,1,0,1,1,0,0,2,0,0
1.5249524998270736,-1.3927076384654453,-0.07478315431411428,-0.011497897746499092,-1.2179049679093814,-0.9383447523158153,1,0,0,1,0,1,0,1,1,0,0,0,1,1,2,1,2,1,2,0
-1.5290620927043745,0.43570442548410554,0.27237191327648286,-0.011497897746499092,0.4139151590872966,0.028626206786179966,0,1,0,1,1,0,0,1,1,0,0,0,1,1,1,0,2,0,0,0
-0.341389751164367,0.26156994320319593,0.3418029267946023,-1.370862990412113,-0.40199490441104246,-0.9383447523158153,0,1,0,1,1,0,0,1,1,0,0,0,1,2,1,2,2,2,1,0
-1.0200596606158,-1.044438673903626,1.6609921836388715,0.6681846485863079,-1.2179049679093814,0.028626206786179966,1,0,0,1,0,1,0,1,1,0,0,0,1,2,1,2,2,1,0,0
0.5069476356499242,-1.2185731561845357,0.06407887272212458,-0.011497897746499092,-0.40199490441104246,-0.9383447523158153,0,1,0,1,1,0,0,1,1,0,0,1,0,1,1,0,2,1,1,1
-0.17172227380150873,1.132242354607744,-0.49136923542283084,0.6681846485863079,-0.40199490441104246,0.028626206786179966,1,0,0,1,0,1,0,1,1,0,0,0,1,2,1,1,2,2,2,0
0.8462825903756406,0.26156994320319593,0.6889579943851994,-0.011497897746499092,0.4139151590872966,0.9955971658881752,0,1,0,1,0,1,0,1,1,0,1,0,0,2,2,2,0,1,1,0
0.5069476356499242,1.3934440780291084,0.7583890079033189,-1.370862990412113,1.2298252225856356,0.028626206786179966,0,1,0,1,0,1,0,1,0,1,0,1,0,1,2,1,1,2,0,0
-0.8503921832529416,0.0003682197818315326,1.0361130619757966,-1.370862990412113,2.045735286083975,0.028626206786179966,1,0,0,1,1,0,0,1,1,0,0,0,1,0,2,1,0,1,1,2
0.6766151130127824,0.69690614890547,-0.352507208386592,-1.370862990412113,-0.40199490441104246,-0.9383447523158153,0,1,1,0,0,1,1,0,1,0,0,0,1,0,1,1,0,1,2,0
-0.341389751164367,1.3063768368886535,0.6889579943851994,0.6681846485863079,0.4139151590872966,0.028626206786179966,1,0,0,1,0,1,0,1,1,0,0,0,1,2,2,0,0,2,1,0
-2.547066956881524,1.132242354607744,0.4112339403127217,-0.011497897746499092,-0.40199490441104246,-0.9383447523158153,1,0,0,1,0,1,1,0,1,0,0,1,0,1,1,1,0,2,1,0
-0.17172227380150873,-0.2608335036395329,-1.4634034246765029,-0.011497897746499092,0.4139151590872966,0.9955971658881752,1,0,1,0,0,1,0,1,1,0,0,0,1,1,0,0,0,1,0,0
-0.002054796438650507,0.43570442548410554,-0.9773863300496669,1.3478671949191148,0.4139151590872966,0.028626206786179966,0,1,0,1,1,0,0,1,1,0,0,0,1,2,1,2,2,1,1,0
-1.189727137978658,0.7839733900459247,1.591561170120752,-0.691180444079306,-1.2179049679093814,0.9955971658881752,0,1,1,0,0,1,0,1,1,0,1,0,0,0,2,1,1,1,0,0
1.015950067738499,0.69690614890547,0.27237191327648286,-1.370862990412113,-0.40199490441104246,0.9955971658881752,0,1,1,0,0,1,0,1,1,0,0,0,1,1,2,1,0,2,1,1
-0.17172227380150873,0.7839733900459247,-1.3939724111583836,-0.691180444079306,-0.40199490441104246,0.028626206786179966,1,0,1,0,1,0,0,1,1,0,0,1,0,1,1,1,0,1,2,1
-0.6807247058900834,0.34863718434365076,0.7583890079033189,-0.011497897746499092,-0.40199490441104246,-0.9383447523158153,1,0,1,0,0,1,0,1,1,0,0,1,0,1,2,1,0,1,0,0
-0.6807247058900834,-0.34790074477998767,0.61952698086708,0.6681846485863079,-0.40199490441104246,0.9955971658881752,0,1,0,1,1,0,0,1,1,0,0,1,0,1,1,2,2,2,0,0
1.015950067738499,-0.7832369504822617,-0.6996622759771891,-0.011497897746499092,-0.40199490441104246,0.028626206786179966,1,0,0,1,1,0,0,1,1,0,0,0,1,2,0,1,0,1,1,0
-0.6807247058900834,1.7417130425909275,-1.324541397640264,2.0275497412519217,-0.40199490441104246,-0.9383447523158153,1,0,0,1,1,0,0,1,1,0,0,1,0,1,2,1,2,1,0,0
-0.17172227380150873,-1.566842120746355,1.105544075493916,-0.011497897746499092,-0.40199490441104246,0.028626206786179966,0,1,0,1,1,0,0,1,1,0,0,0,1,1,1,0,0,1,1,0
-0.002054796438650507,1.3063768368886535,-0.9079553165315475,-0.011497897746499092,-0.40199490441104246,0.028626206786179966,0,1,1,0,0,1,0,1,1,0,0,0,1,2,0,0,0,0,1,0
0.3372801582870659,-0.17376626249907806,1.1749750890120354,-0.691180444079306,-0.40199490441104246,0.028626206786179966,0,1,0,1,1,0,0,1,1,0,0,0,1,2,2,0,2,2,0,1
-0.002054796438650507,-1.7409766030272644,-0.1442141678322337,-2.05054553674492,-1.2179049679093814,-1.9053157114178105,1,0,0,1,0,1,0,1,1,0,0,1,0,1,0,1,0,0,2,1
1.3552850224642152,1.3063768368886535,-1.6022654517127417,0.6681846485863079,1.2298252225856356,0.9955971658881752,0,1,0,1,1,0,0,1,1,0,1,0,0,0,1,2,2,2,1,0
-1.868397047430091,-0.34790074477998767,-0.2830761948684726,1.3478671949191148,-0.40199490441104246,0.028626206786179966,0,1,0,1,0,1,0,1,1,0,0,1,0,1,1,1,1,2,1,0
0.3372801582870659,0.9581078723268344,-0.9773863300496669,-1.370862990412113,1.2298252225856356,-0.9383447523158153,0,1,0,1,1,0,0,1,1,0,0,1,0,1,2,1,0,2,2,2
-2.0380645247929494,-0.17376626249907806,1.3138371160482742,-0.011497897746499092,-0.40199490441104246,0.028626206786179966,1,0,0,1,1,0,0,1,0,1,0,1,0,2,2,0,2,2,0,0
1.185617545101357,0.34863718434365076,-0.49136923542283084,0.6681846485863079,1.2298252225856356,-0.9383447523158153,1,0,1,0,1,0,0,1,0,1,0,0,1,2,2,0,0,2,2,0
0.8462825903756406,-0.7832369504822617,-0.1442141678322337,-0.691180444079306,-0.40199490441104246,0.9955971658881752,1,0,1,0,0,1,0,1,1,0,0,1,0,1,2,1,0,1,0,0
0.5069476356499242,-0.17376626249907806,-0.6302312624590697,0.6681846485863079,-0.40199490441104246,-1.9053157114178105,1,0,0,1,0,1,0,1,1,0,0,1,0,1,1,1,1,2,1,1
-1.6987295700672327,-1.4797748796059,0.133509886240244,-2.05054553674492,1.2298252225856356,0.028626206786179966,0,1,1,0,1,0,1,0,1,0,0,1,0,1,2,0,0,1,0,0
-0.002054796438650507,-0.9573714327631713,-0.6996622759771891,-0.691180444079306,-0.40199490441104246,-0.9383447523158153,1,0,0,1,1,0,0,1,1,0,0,1,0,2,1,1,0,1,0,0
-1.3593946153415164,0.08743546092228634,0.4806649538308412,-1.370862990412113,-0.40199490441104246,0.028626206786179966,1,0,0,1,0,1,0,1,1,0,0,0,1,2,2,0,1,2,0,2
-1.189727137978658,-0.4349679859204425,1.730423197156991,-0.691180444079306,-0.40199490441104246,0.028626206786179966,0,1,0,1,0,1,0,1,1,0,0,0,1,0,2,2,1,1,2,0
-0.17172227380150873,1.3063768368886535,0.6889579943851994,1.3478671949191148,0.4139151590872966,0.028626206786179966,0,1,0,1,0,1,1,0,1,0,1,0,0,1,1,1,0,1,1,0
-0.6807247058900834,0.17450270206274113,0.4806649538308412,-0.011497897746499092,-0.40199490441104246,0.028626206786179966,1,0,0,1,1,0,0,1,1,0,0,1,0,1,1,1,1,0,2,1
-0.17172227380150873,-1.3056403973249906,1.452699143084513,-0.691180444079306,0.4139151590872966,-0.9383447523158153,0,1,1,0,0,1,0,1,1,0,0,1,0,1,0,1,1,2,2,0
-1.0200596606158,-1.566842120746355,-0.8385243030134281,-0.011497897746499092,0.4139151590872966,-0.9383447523158153,1,0,0,1,0,1,0,1,1,0,0,0,1,1,2,1,0,1,1,1
0.6766151130127824,0.08743546092228634,-0.9773863300496669,1.3478671949191148,-0.40199490441104246,0.9955971658881752,1,0,0,1,1,0,0,1,1,0,0,0,1,1,0,1,0,0,1,0
-2.547066956881524,1.4805113191695631,0.8278200214214383,-0.011497897746499092,0.4139151590872966,0.028626206786179966,1,0,1,0,0,1,0,1,0,1,0,1,0,1,0,1,1,1,0,2
-1.868397047430091,0.9581078723268344,-1.1162483570859056,2.0275497412519217,-1.2179049679093814,-0.9383447523158153,0,1,1,0,1,0,0,1,1,0,0,0,1,1,1,2,0,1,1,1
-0.8503921832529416,0.34863718434365076,0.9666820484576771,-0.011497897746499092,-0.40199490441104246,0.028626206786179966,1,0,0,1,0,1,0,1,1,0,0,1,0,0,0,2,0,2,0,0
-0.341389751164367,0.7839733900459247,0.06407887272212458,0.6681846485863079,-1.2179049679093814,-0.9383447523158153,0,1,0,1,1,0,0,1,1,0,0,0,1,1,0,2,0,1,0,0
0.16761268092420772,1.6546458014504728,-1.4634034246765029,-1.370862990412113,-0.40199490441104246,0.9955971658881752,0,1,0,1,0,1,0,1,1,0,0,1,0,1,1,2,0,1,1,1
0.6766151130127824,0.5227716666245603,1.591561170120752,0.6681846485863079,0.4139151590872966,1.9625681249901703,0,1,0,1,0,1,0,1,1,0,0,0,1,0,0,1,2,1,2,2
0.8462825903756406,-0.2608335036395329,-0.7690932894953085,-2.05054553674492,1.2298252225856356,0.9955971658881752,1,0,0,1,1,0,0,1,0,1,0,1,0,1,0,0,0,1,1,0
1.8642874545527899,-1.4797748796059,-0.1442141678322337,-1.370862990412113,-0.40199490441104246,-0.9383447523158153,1,0,0,1,1,0,0,1,1,0,0,0,1,2,2,1,2,0,0,0
-0.6807247058900834,1.3934440780291084,-1.1856793706040252,-1.370862990412113,0.4139151590872966,1.9625681249901703,0,1,0,1,0,1,0,1,1,0,0,0,1,2,1,1,2,0,2,1
-0.5110572285272252,-0.2608335036395329,-1.4634034246765029,-0.691180444079306,1.2298252225856356,0.9955971658881752,0,1,0,1,0,1,0,1,1,0,0,1,0,1,1,0,0,1,0,1
1.015950067738499,-0.34790074477998767,-1.1162483570859056,-0.011497897746499092,-1.2179049679093814,-1.9053157114178105,0,1,0,1,1,0,0,1,0,1,0,1,0,1,1,0,1,1,2,0
1.8642874545527899,0.0003682197818315326,-1.2551103841221445,-0.691180444079306,-0.40199490441104246,0.028626206786179966,1,0,1,0,0,1,0,1,1,0,0,0,1,2,2,0,1,2,0,0
0.8462825903756406,-0.08669902135862327,0.133509886240244,-0.691180444079306,0.4139151590872966,0.028626206786179966,0,1,0,1,1,0,1,0,1,0,0,1,0,2,1,0,0,2,0,0
-0.8503921832529416,1.3934440780291084,-1.1162483570859056,-1.370862990412113,0.4139151590872966,-0.9383447523158153,0,1,1,0,0,1,0,1,1,0,0,1,0,1,2,2,1,2,0,0
2.3732898866413645,0.34863718434365076,1.3832681295663938,-0.691180444079306,-0.40199490441104246,0.028626206786179966,0,1,1,0,0,1,0,1,1,0,0,1,0,1,2,1,0,1,2,2
-2.0380645247929494,-0.609102468201352,-1.0468173435677863,-0.011497897746499092,-1.2179049679093814,0.028626206786179966,1,0,1,0,1,0,1,0,1,0,0,1,0,1,1,1,2,1,0,0
0.16761268092420772,-1.6539093618868097,-1.1856793706040252,-0.011497897746499092,-0.40199490441104246,0.028626206786179966,1,0,0,1,1,0,0,1,1,0,1,0,0,0,1,1,1,0,0,0
0.3372801582870659,-1.566842120746355,1.3832681295663938,-0.011497897746499092,0.4139151590872966,-0.9383447523158153,0,1,0,1,0,1,0,1,1,0,1,0,0,1,2,1,1,1,0,0
-0.8503921832529416,1.567578560310018,-0.21364518135035315,1.3478671949191148,-0.40199490441104246,-0.9383447523158153,1,0,0,1,0,1,0,1,1,0,0,1,0,1,1,1,0,2,1,0
0.16761268092420772,1.2193095957481987,1.730423197156991,0.6681846485863079,-1.2179049679093814,0.028626206786179966,0,1,0,1,0,1,0,1,1,0,0,1,0,2,1,0,0,1,2,0
-1.3593946153415164,0.17450270206274113,-0.6996622759771891,-0.691180444079306,1.2298252225856356,0.028626206786179966,1,0,1,0,1,0,0,1,1,0,1,0,0,2,0,0,1,1,0,0
0.6766151130127824,0.9581078723268344,-0.6302312624590697,-0.011497897746499092,0.4139151590872966,0.028626206786179966,0,1,0,1,0,1,0,1,1,0,0,1,0,0,0,2,0,2,0,0
-1.5290620927043745,-0.8703041916227164,1.3832681295663938,-0.011497897746499092,-1.2179049679093814,1.9625681249901703,0,1,0,1,1,0,0,1,1,0,1,0,0,2,2,2,0,2,1,1
-0.8503921832529416,-1.6539093618868097,-1.1162483570859056,0.6681846485863079,-0.40199490441104246,-0.9383447523158153,1,0,0,1,0,1,0,1,1,0,0,1,0,2,0,1,1,1,2,1
0.16761268092420772,0.6098389077650151,-0.6302312624590697,-0.691180444079306,-0.40199490441104246,-0.9383447523158153,1,0,0,1,0,1,0,1,1,0,1,0,0,0,1,1,0,0,0,1
-0.8503921832529416,0.17450270206274113,-0.005352140795994853,2.0275497412519217,-0.40199490441104246,-1.9053157114178105,1,0,0,1,0,1,0,1,1,0,1,0,0,1,1,1,2,1,1,0
-0.8503921832529416,0.69690614890547,-0.9773863300496669,0.6681846485863079,0.4139151590872966,0.9955971658881752,0,1,0,1,0,1,0,1,0,1,0,0,1,1,2,0,1,2,0,0
1.015950067738499,0.8710406311863795,1.591561170120752,0.6681846485863079,-1.2179049679093814,0.028626206786179966,1,0,1,0,0,1,0,1,0,1,1,0,0,1,1,1,0,0,2,1
-0.002054796438650507,0.5227716666245603,-1.0468173435677863,0.6681846485863079,-0.40199490441104246,0.028626206786179966,0,1,0,1,0,1,0,1,0,1,0,1,0,1,1,0,2,1,2,0
1.015950067738499,-0.08669902135862327,0.8972510349395577,-0.691180444079306,-0.40199490441104246,0.028626206786179966,0,1,0,1,1,0,0,1,0,1,0,0,1,1,2,1,0,2,1,0
-1.5290620927043745,-0.6961697093418069,1.3138371160482742,-0.691180444079306,0.4139151590872966,0.028626206786179966,0,1,0,1,0,1,0,1,1,0,0,0,1,1,1,0,1,1,0,1
1.185617545101357,-1.566842120746355,1.452699143084513,-0.011497897746499092,0.4139151590872966,0.9955971658881752,0,1,0,1,1,0,0,1,1,0,0,1,0,2,0,1,0,1,0,0
-1.0200596606158,0.8710406311863795,0.61952698086708,-1.370862990412113,-1.2179049679093814,0.028626206786179966,1,0,0,1,0,1,0,1,1,0,1,0,0,2,1,1,0,1,2,0
-0.6807247058900834,-1.044438673903626,0.6889579943851994,-0.011497897746499092,-0.40199490441104246,-0.9383447523158153,1,0,0,1,0,1,0,1,1,0,0,0,1,1,1,1,1,1,1,0
1.6946199771899317,-0.5220352270608973,1.3138371160482742,0.6681846485863079,-1.2179049679093814,0.028626206786179966,0,1,0,1,1,0,0,1,1,0,0,0,1,1,2,0,1,1,0,0
1.8642874545527899,-0.9573714327631713,0.3418029267946023,-0.691180444079306,2.045735286083975,-0.9383447523158153,0,1,0,1,0,1,0,1,1,0,1,0,0,1,0,0,1,1,1,0
0.16761268092420772,1.3934440780291084,-0.7690932894953085,0.6681846485863079,0.4139151590872966,-2.872286670519806,0,1,0,1,1,0,0,1,1,0,0,1,0,1,1,2,1,2,1,0
0.3372801582870659,1.045175113467289,-1.6022654517127417,-0.011497897746499092,-0.40199490441104246,0.028626206786179966,1,0,1,0,0,1,1,0,1,0,1,0,0,1,1,0,1,1,2,0
-0.5110572285272252,1.3934440780291084,-1.0468173435677863,-0.691180444079306,-0.40199490441104246,0.028626206786179966,1,0,0,1,1,0,0,1,1,0,0,1,0,2,1,1,0,1,1,0
-1.189727137978658,-0.2608335036395329,-0.49136923542283084,0.6681846485863079,1.2298252225856356,0.028626206786179966,1,0,1,0,0,1,0,1,1,0,0,1,0,1,1,0,2,1,0,0
-0.002054796438650507,-1.2185731561845357,1.3832681295663938,-2.05054553674492,0.4139151590872966,-0.9383447523158153,1,0,0,1,0,1,0,1,1,0,0,1,0,0,2,2,2,1,0,1
0.6766151130127824,-1.131505915044081,-1.5328344381946224,2.0275497412519217,-1.2179049679093814,0.028626206786179966,1,0,0,1,0,1,0,1,0,1,0,0,1,0,1,1,1,1,1,0
1.015950067738499,-0.9573714327631713,0.5500959673489606,-1.370862990412113,2.045735286083975,-0.9383447523158153,1,0,1,0,0,1,0,1,1,0,0,1,0,1,1,1,1,2,0,1
2.3732898866413645,-0.17376626249907806,-0.49136923542283084,0.6681846485863079,-0.40199490441104246,-0.9383447523158153,0,1,0,1,0,1,0,1,1,0,1,0,0,1,2,1,1,1,1,0
0.3372801582870659,-0.6961697093418069,0.8972510349395577,-0.011497897746499092,0.4139151590872966,0.9955971658881752,1,0,0,1,1,0,1,0,1,0,0,0,1,0,2,1,1,1,0,0
0.5069476356499242,0.69690614890547,0.9666820484576771,0.6681846485863079,-1.2179049679093814,1.9625681249901703,1,0,1,0,1,0,0,1,1,0,0,0,1,1,1,1,1,2,0,0
-2.2077320021558076,0.34863718434365076,1.452699143084513,-1.370862990412113,-0.40199490441104246,0.028626206786179966,0,1,0,1,0,1,1,0,0,1,0,0,1,1,1,1,0,0,0,0
0.5069476356499242,1.2193095957481987,-1.3939724111583836,-1.370862990412113,0.4139151590872966,-0.9383447523158153,0,1,0,1,1,0,0,1,0,1,0,0,1,2,1,2,1,1,0,0
-0.341389751164367,-0.17376626249907806,-0.9773863300496669,-0.691180444079306,-0.40199490441104246,1.9625681249901703,0,1,1,0,0,1,0,1,1,0,0,0,1,2,2,0,0,1,0,0
1.6946199771899317,0.43570442548410554,0.5500959673489606,-2.05054553674492,0.4139151590872966,0.028626206786179966,1,0,0,1,1,0,0,1,1,0,0,0,1,1,1,0,2,2,2,0
3.0519597960927975,0.5227716666245603,0.8972510349395577,-0.691180444079306,-0.40199490441104246,0.9955971658881752,1,0,0,1,1,0,0,1,1,0,1,0,0,2,1,2,0,2,0,1
1.8642874545527899,-1.131505915044081,0.06407887272212458,-1.370862990412113,0.4139151590872966,0.9955971658881752,0,1,0,1,0,1,0,1,1,0,0,0,1,0,2,1,1,2,1,0
-0.17172227380150873,0.5227716666245603,-1.4634034246765029,-0.691180444079306,-0.40199490441104246,1.9625681249901703,0,1,1,0,1,0,0,1,1,0,0,0,1,1,0,0,2,2,2,0
-1.3593946153415164,1.045175113467289,0.20294089975836344,-0.011497897746499092,1.2298252225856356,-0.9383447523158153,0,1,0,1,0,1,0,1,1,0,1,0,0,0,0,2,1,2,1,0
1.3552850224642152,-0.5220352270608973,1.452699143084513,1.3478671949191148,-1.2179049679093814,0.028626206786179966,1,0,1,0,0,1,0,1,1,0,0,1,0,1,1,0,2,2,0,0
-0.8503921832529416,-1.566842120746355,-0.7690932894953085,0.6681846485863079,0.4139151590872966,0.9955971658881752,1,0,0,1,1,0,0,1,1,0,0,1,0,0,2,2,0,1,1,0
-1.3593946153415164,1.3934440780291084,-0.2830761948684726,-0.011497897746499092,0.4139151590872966,-0.9383447523158153,0,1,1,0,0,1,0,1,1,0,0,0,1,0,1,2,1,1,1,0
1.3552850224642152,0.34863718434365076,1.1749750890120354,-0.691180444079306,-0.40199490441104246,0.028626206786179966,1,0,0,1,0,1,0,1,0,1,1,0,0,2,1,1,1,1,0,0
0.3372801582870659,-0.8703041916227164,-1.1856793706040252,-0.691180444079306,2.045735286083975,-0.9383447523158153,0,1,0,1,0,1,0,1,1,0,0,0,1,1,0,0,2,1,2,1
-1.189727137978658,-0.7832369504822617,1.6609921836388715,2.0275497412519217,-1.2179049679093814,0.028626206786179966,0,1,0,1,0,1,0,1,1,0,0,1,0,1,1,1,0,1,2,0
-1.5290620927043745,1.3063768368886535,-0.7690932894953085,1.3478671949191148,2.045735286083975,0.9955971658881752,0,1,0,1,0,1,0,1,1,0,0,0,1,1,1,2,0,1,0,1
0.5069476356499242,1.4805113191695631,-0.1442141678322337,-0.011497897746499092,1.2298252225856356,-1.9053157114178105,0,1,1,0,1,0,1,0,1,0,1,0,0,1,2,1,0,1,0,1
0.16761268092420772,1.2193095957481987,-0.2830761948684726,-0.011497897746499092,-0.40199490441104246,-0.9383447523158153,0,1,1,0,1,0,1,0,1,0,0,1,0,1,1,0,0,2,2,0
-1.6987295700672327,1.2193095957481987,-0.1442141678322337,-1.370862990412113,-0.40199490441104246,0.028626206786179966,0,1,0,1,1,0,0,1,1,0,1,0,0,1,2,1,1,1,0,1
-0.17172227380150873,-0.34790074477998767,0.06407887272212458,-0.011497897746499092,-1.2179049679093814,-0.9383447523158153,0,1,0,1,1,0,0,1,1,0,0,1,0,2,0,1,2,2,2,0
1.6946199771899317,-0.2608335036395329,-0.07478315431411428,-0.011497897746499092,1.2298252225856356,0.028626206786179966,0,1,1,0,0,1,0,1,1,0,0,1,0,1,0,1,2,1,2,1
-0.002054796438650507,0.34863718434365076,-0.07478315431411428,-0.011497897746499092,-0.40199490441104246,0.028626206786179966,1,0,0,1,1,0,0,1,1,0,0,1,0,0,0,0,2,1,2,0
1.8642874545527899,0.5227716666245603,-0.6302312624590697,-0.691180444079306,1.2298252225856356,0.028626206786179966,0,1,0,1,0,1,0,1,1,0,0,0,1,2,2,1,1,1,1,1
-0.8503921832529416,0.6098389077650151,-1.4634034246765029,-2.05054553674492,-0.40199490441104246,2.929539084092166,0,1,0,1,1,0,0,1,1,0,0,1,0,0,1,1,1,1,0,1
-0.002054796438650507,-0.6961697093418069,0.61952698086708,-0.011497897746499092,0.4139151590872966,-0.9383447523158153,1,0,0,1,1,0,0,1,1,0,1,0,0,1,2,0,1,2,0,1
0.8462825903756406,1.6546458014504728,0.27237191327648286,-1.370862990412113,0.4139151590872966,0.9955971658881752,1,0,0,1,1,0,0,1,1,0,0,0,1,1,0,0,0,1,1,0
0.5069476356499242,-1.3927076384654453,0.5500959673489606,-0.691180444079306,-1.2179049679093814,0.028626206786179966,0,1,0,1,0,1,0,1,1,0,0,1,0,1,0,1,1,1,0,1
0.8462825903756406,-0.4349679859204425,-0.005352140795994853,0.6681846485863079,0.4139151590872966,0.9955971658881752,0,1,1,0,0,1,0,1,0,1,1,0,0,1,0,2,2,2,2,0
0.3372801582870659,-1.6539093618868097,0.4806649538308412,-0.691180444079306,2.045735286083975,0.9955971658881752,1,0,0,1,0,1,0,1,1,0,0,0,1,0,0,0,1,1,0,1
-0.6807247058900834,1.045175113467289,1.0361130619757966,-2.05054553674492,3.677555413080653,0.028626206786179966,0,1,1,0,0,1,0,1,1,0,0,1,0,1,1,2,2,1,0,0
1.5249524998270736,1.567578560310018,-1.0468173435677863,1.3478671949191148,-1.2179049679093814,0.9955971658881752,1,0,1,0,0,1,0,1,1,0,1,0,0,1,1,0,0,1,0,0
-1.189727137978658,-0.4349679859204425,0.06407887272212458,-0.011497897746499092,-0.40199490441104246,-1.9053157114178105,0,1,0,1,0,1,0,1,1,0,1,0,0,1,2,2,1,2,0,1
-1.5290620927043745,0.08743546092228634,0.4806649538308412,-0.691180444079306,1.2298252225856356,0.9955971658881752,0,1,0,1,0,1,0,1,1,0,0,1,0,1,1,2,1,2,0,0
-0.002054796438650507,-1.6539093618868097,-0.8385243030134281,-0.691180444079306,-0.40199490441104246,0.9955971658881752,0,1,0,1,0,1,0,1,1,0,0,0,1,0,0,1,1,2,1,2
1.015950067738499,-1.4797748796059,-1.3939724111583836,-0.011497897746499092,0.4139151590872966,0.9955971658881752,0,1,0,1,0,1,0,1,1,0,0,1,0,1,1,1,1,2,0,2
-1.0200596606158,-0.609102468201352,0.4806649538308412,1.3478671949191148,-0.40199490441104246,0.028626206786179966,1,0,0,1,0,1,0,1,1,0,1,0,0,1,2,1,1,1,0,0
1.8642874545527899,-0.9573714327631713,0.4112339403127217,1.3478671949191148,0.4139151590872966,-0.9383447523158153,0,1,1,0,0,1,0,1,1,0,1,0,0,1,0,1,1,1,1,0
2.3732898866413645,0.9581078723268344,1.3832681295663938,-0.011497897746499092,-0.40199490441104246,0.028626206786179966,0,1,0,1,1,0,1,0,0,1,1,0,0,0,1,1,1,1,1,1
0.6766151130127824,0.26156994320319593,-0.6302312624590697,-2.05054553674492,0.4139151590872966,0.9955971658881752,0,1,1,0,1,0,0,1,0,1,0,0,1,2,1,2,1,2,2,1
0.8462825903756406,-1.131505915044081,1.3832681295663938,0.6681846485863079,-1.2179049679093814,0.9955971658881752,1,0,0,1,1,0,0,1,1,0,0,1,0,0,1,1,1,1,2,1
1.015950067738499,-1.4797748796059,0.27237191327648286,-0.011497897746499092,-0.40199490441104246,-0.9383447523158153,0,1,0,1,0,1,0,1,1,0,1,0,0,2,2,1,0,2,0,0
0.3372801582870659,1.6546458014504728,-0.2830761948684726,-1.370862990412113,-1.2179049679093814,0.9955971658881752,1,0,0,1,0,1,0,1,1,0,0,1,0,1,1,2,1,2,1,0
-0.8503921832529416,1.3934440780291084,-0.352507208386592,-1.370862990412113,2.045735286083975,0.028626206786179966,0,1,1,0,1,0,0,1,1,0,0,0,1,1,0,2,0,2,1,0
0.16761268092420772,0.26156994320319593,-0.7690932894953085,-0.011497897746499092,0.4139151590872966,-0.9383447523158153,0,1,1,0,1,0,0,1,1,0,0,1,0,2,2,1,1,0,0,0
-0.002054796438650507,0.26156994320319593,-1.6716964652308612,-0.691180444079306,0.4139151590872966,0.9955971658881752,0,1,0,1,1,0,0,1,1,0,1,0,0,1,1,1,0,2,2,0
1.185617545101357,0.5227716666245603,0.8972510349395577,-0.011497897746499092,-0.40199490441104246,0.028626206786179966,0,1,1,0,1,0,0,1,1,0,0,1,0,1,2,1,1,1,2,1
-0.002054796438650507,0.8710406311863795,0.4806649538308412,0.6681846485863079,0.4139151590872966,0.9955971658881752,1,0,1,0,1,0,0,1,0,1,1,0,0,2,2,1,2,1,0,1
-0.002054796438650507,1.567578560310018,0.5500959673489606,-0.011497897746499092,-1.2179049679093814,0.028626206786179966,1,0,0,1,0,1,1,0,1,0,0,1,0,0,2,1,0,1,0,2
-0.17172227380150873,0.6098389077650151,-1.0468173435677863,2.0275497412519217,0.4139151590872966,0.028626206786179966,0,1,1,0,1,0,0,1,1,0,0,0,1,2,2,2,1,0,0,1
-0.8503921832529416,-1.3056403973249906,-1.3939724111583836,-0.691180444079306,0.4139151590872966,0.028626206786179966,1,0,1,0,0,1,0,1,1,0,0,0,1,1,2,0,1,1,0,0
-0.341389751164367,-1.044438673903626,0.5500959673489606,0.6681846485863079,-0.40199490441104246,-0.9383447523158153,0,1,0,1,0,1,0,1,1,0,0,0,1,1,2,0,0,1,1,0
0.16761268092420772,-1.6539093618868097,1.0361130619757966,-2.05054553674492,0.4139151590872966,0.028626206786179966,0,1,0,1,1,0,0,1,1,0,0,1,0,1,1,0,1,0,0,0
2.7126248413670813,-1.2185731561845357,-1.1856793706040252,0.6681846485863079,-0.40199490441104246,0.028626206786179966,0,1,0,1,0,1,0,1,1,0,0,0,1,0,2,2,1,1,1,2
0.8462825903756406,-1.131505915044081,0.4806649538308412,1.3478671949191148,-0.40199490441104246,0.028626206786179966,1,0,0,1,1,0,0,1,1,0,0,0,1,1,2,1,1,1,2,2
-0.002054796438650507,1.567578560310018,0.20294089975836344,-0.011497897746499092,2.045735286083975,-0.9383447523158153,0,1,0,1,1,0,0,1,1,0,0,1,0,0,0,0,2,2,0,2
-0.17172227380150873,-1.7409766030272644,-0.1442141678322337,0.6681846485863079,1.2298252225856356,0.028626206786179966,0,1,1,0,1,0,0,1,1,0,0,1,0,1,1,2,1,0,0,0
0.6766151130127824,0.9581078723268344,-1.6022654517127417,-0.011497897746499092,-1.2179049679093814,0.9955971658881752,0,1,0,1,1,0,0,1,1,0,0,1,0,1,1,0,2,2,1,0
-0.5110572285272252,-0.5220352270608973,0.8278200214214383,0.6681846485863079,2.045735286083975,0.028626206786179966,0,1,0,1,0,1,0,1,1,0,0,0,1,1,1,1,0,0,1,0
0.16761268092420772,-0.34790074477998767,1.6609921836388715,-2.05054553674492,-1.2179049679093814,0.028626206786179966,0,1,0,1,0,1,0,1,1,0,0,0,1,0,0,2,0,0,1,2
1.5249524998270736,1.3934440780291084,-1.324541397640264,1.3478671949191148,-1.2179049679093814,0.9955971658881752,0,1,1,0,0,1,0,1,1,0,0,1,0,2,2,0,0,2,0,0
1.185617545101357,1.6546458014504728,-1.5328344381946224,-0.011497897746499092,0.4139151590872966,0.028626206786179966,0,1,0,1,1,0,0,1,1,0,0,1,0,2,1,0,0,2,1,0
-0.002054796438650507,0.7839733900459247,-1.6716964652308612,0.6681846485863079,1.2298252225856356,0.028626206786179966,1,0,0,1,0,1,0,1,1,0,0,0,1,1,1,1,1,2,2,0
-0.002054796438650507,1.6546458014504728,1.5221301566026326,-1.370862990412113,2.045735286083975,0.028626206786179966,1,0,0,1,0,1,0,1,1,0,0,1,0,1,0,0,2,1,1,0
3.0519597960927975,0.8710406311863795,-1.0468173435677863,-2.05054553674492,0.4139151590872966,0.9955971658881752,0,1,0,1,0,1,0,1,1,0,0,1,0,2,1,0,0,1,1,1
-2.0380645247929494,0.0003682197818315326,0.6889579943851994,-0.691180444079306,-0.40199490441104246,0.028626206786179966,0,1,0,1,0,1,0,1,1,0,1,0,0,0,1,1,0,2,2,0
0.6766151130127824,-0.8703041916227164,-1.4634034246765029,-0.691180444079306,-0.40199490441104246,-1.9053157114178105,1,0,0,1,1,0,0,1,1,0,0,1,0,1,2,0,2,1,0,1
0.3372801582870659,-1.2185731561845357,-0.8385243030134281,-0.691180444079306,-0.40199490441104246,1.9625681249901703,0,1,1,0,1,0,0,1,1,0,0,1,0,1,1,2,0,1,2,2
2.3732898866413645,1.045175113467289,-0.49136923542283084,-0.011497897746499092,-1.2179049679093814,1.9625681249901703,1,0,0,1,1,0,0,1,1,0,0,0,1,2,1,0,1,2,1,0
1.8642874545527899,1.132242354607744,0.4806649538308412,0.6681846485863079,0.4139151590872966,-1.9053157114178105,0,1,1,0,1,0,0,1,1,0,0,1,0,1,0,0,2,2,0,0
-0.6807247058900834,-1.6539093618868097,0.7583890079033189,1.3478671949191148,0.4139151590872966,-0.9383447523158153,0,1,0,1,1,0,0,1,1,0,0,0,1,1,1,0,0,2,0,0
1.5249524998270736,1.4805113191695631,0.7583890079033189,-0.011497897746499092,-1.2179049679093814,0.028626206786179966,1,0,0,1,1,0,0,1,1,0,0,0,1,2,1,1,1,1,1,0
0.8462825903756406,1.4805113191695631,0.6889579943851994,-1.370862990412113,0.4139151590872966,-0.9383447523158153,0,1,0,1,0,1,0,1,1,0,0,0,1,0,2,1,2,1,0,0
-0.002054796438650507,-1.566842120746355,0.6889579943851994,-0.691180444079306,0.4139151590872966,0.028626206786179966,1,0,0,1,0,1,0,1,1,0,0,1,0,2,1,1,1,1,1,0
-1.189727137978658,-0.08669902135862327,-1.1856793706040252,-0.691180444079306,0.4139151590872966,0.9955971658881752,0,1,0,1,0,1,0,1,1,0,0,0,1,0,0,2,1,1,1,1
-0.341389751164367,-0.08669902135862327,1.452699143084513,-0.691180444079306,1.2298252225856356,0.028626206786179966,0,1,0,1,0,1,0,1,0,1,0,0,1,1,2,1,1,0,2,0
0.3372801582870659,0.0003682197818315326,-0.8385243030134281,-0.011497897746499092,-0.40199490441104246,0.028626206786179966,0,1,0,1,1,0,0,1,1,0,0,0,1,1,2,1,2,1,1,0
-0.5110572285272252,-1.044438673903626,-0.8385243030134281,-0.011497897746499092,-1.2179049679093814,0.028626206786179966,0,1,0,1,0,1,1,0,1,0,0,1,0,1,1,1,0,1,0,1
-0.8503921832529416,0.26156994320319593,0.61952698086708,2.0275497412519217,-0.40199490441104246,-0.9383447523158153,0,1,0,1,0,1,0,1,1,0,1,0,0,2,1,1,2,2,1,0
0.16761268092420772,0.69690614890547,0.7583890079033189,-0.011497897746499092,-0.40199490441104246,-0.9383447523158153,0,1,1,0,1,0,0,1,1,0,0,0,1,2,0,1,0,1,0,1
0.5069476356499242,1.567578560310018,-0.2830761948684726,0.6681846485863079,-1.2179049679093814,1.9625681249901703,0,1,0,1,0,1,0,1,1,0,0,0,1,1,1,1,2,2,0,1
-0.002054796438650507,-1.7409766030272644,-0.5608002489409503,0.6681846485863079,-0.40199490441104246,0.9955971658881752,1,0,0,1,0,1,0,1,1,0,0,1,0,1,1,0,1,1,2,1
1.185617545101357,0.0003682197818315326,0.3418029267946023,1.3478671949191148,-1.2179049679093814,-0.9383447523158153,0,1,0,1,0,1,0,1,0,1,0,1,0,1,0,1,2,1,0,1
-0.8503921832529416,0.9581078723268344,1.105544075493916,-0.691180444079306,-1.2179049679093814,0.028626206786179966,1,0,0,1,0,1,0,1,1,0,0,0,1,1,0,0,1,1,1,1
-1.0200596606158,-1.044438673903626,-0.6996622759771891,-0.691180444079306,-0.40199490441104246,0.028626206786179966,0,1,0,1,1,0,0,1,0,1,0,1,0,2,1,1,2,1,1,0
-2.3773994795186657,-1.2185731561845357,-0.9079553165315475,-0.011497897746499092,0.4139151590872966,0.9955971658881752,0,1,0,1,0,1,0,1,1,0,0,1,0,2,1,0,0,1,2,0
0.16761268092420772,-0.6961697093418069,-0.1442141678322337,-1.370862990412113,-0.40199490441104246,0.028626206786179966,0,1,0,1,1,0,0,1,1,0,0,1,0,2,2,1,1,1,0,0
-0.002054796438650507,-1.3056403973249906,1.3138371160482742,-0.691180444079306,-0.40199490441104246,-0.9383447523158153,1,0,0,1,1,0,0,1,1,0,0,0,1,0,1,1,0,2,2,0
-1.0200596606158,1.2193095957481987,0.6889579943851994,-0.011497897746499092,-0.40199490441104246,0.028626206786179966,1,0,0,1,0,1,0,1,1,0,0,1,0,0,0,0,2,1,0,1
-1.3593946153415164,-0.8703041916227164,0.4112339403127217,-0.691180444079306,-0.40199490441104246,-0.9383447523158153,0,1,0,1,0,1,0,1,0,1,1,0,0,1,1,0,0,1,0,2
0.16761268092420772,-0.5220352270608973,-0.6302312624590697,-0.691180444079306,-0.40199490441104246,0.9955971658881752,0,1,1,0,1,0,0,1,1,0,1,0,0,1,2,0,1,2,0,0
0.5069476356499242,0.08743546092228634,-1.1162483570859056,1.3478671949191148,0.4139151590872966,-0.9383447523158153,0,1,0,1,1,0,0,1,1,0,0,1,0,1,2,0,1,2,1,0
-1.6987295700672327,0.43570442548410554,-1.5328344381946224,-0.691180444079306,-0.40199490441104246,0.028626206786179966,0,1,1,0,0,1,0,1,0,1,0,1,0,0,0,2,0,1,0,1
2.5429573640042227,0.5227716666245603,-1.1162483570859056,0.6681846485863079,0.4139151590872966,-0.9383447523158153,1,0,0,1,1,0,0,1,1,0,0,0,1,0,1,1,0,0,1,1
1.185617545101357,1.045175113467289,1.730423197156991,1.3478671949191148,0.4139151590872966,-2.872286670519806,1,0,0,1,0,1,0,1,1,0,0,0,1,1,0,2,1,2,2,1
-0.6807247058900834,0.43570442548410554,0.8278200214214383,0.6681846485863079,2.045735286083975,0.028626206786179966,0,1,1,0,1,0,0,1,1,0,1,0,0,1,1,2,0,1,0,2
0.3372801582870659,-0.17376626249907806,-0.4219382219047114,0.6681846485863079,0.4139151590872966,-0.9383447523158153,1,0,0,1,0,1,0,1,1,0,1,0,0,0,2,2,0,1,0,0
0.5069476356499242,0.69690614890547,-1.1856793706040252,-0.691180444079306,0.4139151590872966,-0.9383447523158153,0,1,0,1,0,1,0,1,1,0,0,1,0,2,0,1,0,1,0,1
0.3372801582870659,0.8710406311863795,0.4112339403127217,1.3478671949191148,-1.2179049679093814,0.9955971658881752,0,1,0,1,0,1,0,1,1,0,0,1,0,0,1,1,1,1,0,0
-0.002054796438650507,1.132242354607744,-0.49136923542283084,0.6681846485863079,-0.40199490441104246,0.028626206786179966,0,1,0,1,0,1,0,1,1,0,0,1,0,1,1,1,0,0,0,1
0.5069476356499242,-1.3927076384654453,-1.1162483570859056,-0.011497897746499092,1.2298252225856356,-0.9383447523158153,1,0,0,1,0,1,0,1,1,0,0,0,1,1,1,2,1,1,0,1
0.6766151130127824,0.7839733900459247,-1.1856793706040252,-1.370862990412113,1.2298252225856356,0.028626206786179966,1,0,0,1,1,0,0,1,1,0,0,0,1,0,1,1,2,1,0,0
1.185617545101357,1.3063768368886535,1.3138371160482742,-0.691180444079306,0.4139151590872966,0.9955971658881752,1,0,0,1,0,1,0,1,1,0,0,1,0,0,2,2,1,1,2,2
-0.341389751164367,0.43570442548410554,0.7583890079033189,-0.691180444079306,-0.40199490441104246,0.028626206786179966,1,0,1,0,0,1,1,0,1,0,0,1,0,1,2,2,1,1,0,0
-0.002054796438650507,0.08743546092228634,-0.4219382219047114,0.6681846485863079,-0.40199490441104246,-0.9383447523158153,1,0,1,0,1,0,0,1,1,0,0,1,0,1,0,1,1,1,0,0
-1.6987295700672327,0.43570442548410554,-0.7690932894953085,-0.691180444079306,-0.40199490441104246,0.028626206786179966,0,1,0,1,0,1,0,1,1,0,1,0,0,1,1,0,1,1,1,0
0.3372801582870659,-0.4349679859204425,0.133509886240244,2.0275497412519217,0.4139151590872966,-0.9383447523158153,0,1,0,1,0,1,0,1,1,0,0,1,0,1,1,2,0,0,0,0
-0.17172227380150873,0.17450270206274113,-0.5608002489409503,2.0275497412519217,-1.2179049679093814,-0.9383447523158153,0,1,0,1,1,0,0,1,1,0,0,0,1,1,1,1,0,0,2,2
1.015950067738499,-1.6539093618868097,-1.6716964652308612,-1.370862990412113,-1.2179049679093814,1.9625681249901703,1,0,1,0,0,1,0,1,1,0,0,1,0,0,1,2,0,1,0,1
0.16761268092420772,1.3934440780291084,-0.2830761948684726,-0.691180444079306,1.2298252225856356,0.028626206786179966,1,0,0,1,0,1,1,0,1,0,1,0,0,2,1,2,1,1,0,0
-0.17172227380150873,-0.8703041916227164,-0.8385243030134281,-0.011497897746499092,1.2298252225856356,1.9625681249901703,0,1,0,1,1,0,1,0,1,0,0,1,0,1,1,0,0,0,0,0
-0.8503921832529416,1.3063768368886535,-1.324541397640264,1.3478671949191148,1.2298252225856356,-1.9053157114178105,0,1,0,1,1,0,1,0,1,0,0,0,1,1,1,1,0,2,0,0
-1.0200596606158,0.6098389077650151,-0.9773863300496669,-0.011497897746499092,-1.2179049679093814,0.028626206786179966,0,1,0,1,0,1,0,1,1,0,0,1,0,1,2,1,0,1,0,2
1.015950067738499,-0.2608335036395329,1.730423197156991,-1.370862990412113,-0.40199490441104246,1.9625681249901703,1,0,1,0,0,1,0,1,1,0,0,0,1,1,1,0,0,2,0,0
1.5249524998270736,1.3063768368886535,1.105544075493916,-0.011497897746499092,-0.40199490441104246,0.028626206786179966,1,0,0,1,0,1,0,1,1,0,0,1,0,2,1,0,0,1,0,1
1.8642874545527899,0.17450270206274113,-0.8385243030134281,-0.011497897746499092,0.4139151590872966,-0.9383447523158153,0,1,1,0,0,1,1,0,1,0,0,0,1,2,1,1,2,1,2,1
0.5069476356499242,-0.2608335036395329,-1.6716964652308612,-0.011497897746499092,-0.40199490441104246,0.028626206786179966,0,1,1,0,0,1,0,1,1,0,0,0,1,2,2,1,0,0,1,1
0.3372801582870659,0.69690614890547,0.20294089975836344,2.0275497412519217,-1.2179049679093814,-0.9383447523158153,0,1,1,0,0,1,0,1,1,0,0,0,1,2,2,1,1,2,0,1
-0.5110572285272252,-0.6961697093418069,1.3138371160482742,-0.011497897746499092,2.045735286083975,-0.9383447523158153,1,0,0,1,1,0,0,1,1,0,0,0,1,0,1,0,1,1,0,2
1.015950067738499,-0.7832369504822617,0.06407887272212458,-0.011497897746499092,1.2298252225856356,-0.9383447523158153,0,1,0,1,0,1,0,1,1,0,0,0,1,2,1,1,0,1,2,1
0.5069476356499242,0.08743546092228634,1.3138371160482742,2.0275497412519217,-0.40199490441104246,-0.9383447523158153,1,0,0,1,0,1,0,1,1,0,0,1,0,2,0,2,1,2,1,0
0.16761268092420772,1.2193095957481987,-0.1442141678322337,-1.370862990412113,-1.2179049679093814,0.028626206786179966,1,0,0,1,1,0,0,1,1,0,0,1,0,1,2,0,1,2,2,2
-0.8503921832529416,0.5227716666245603,0.27237191327648286,0.6681846485863079,1.2298252225856356,0.028626206786179966,1,0,0,1,1,0,0,1,1,0,0,0,1,2,0,1,0,1,1,0
0.3372801582870659,-1.4797748796059,0.3418029267946023,-0.011497897746499092,0.4139151590872966,-0.9383447523158153,1,0,1,0,0,1,0,1,1,0,1,0,0,1,0,1,2,2,1,1
1.3552850224642152,-1.3056403973249906,0.133509886240244,-0.011497897746499092,-0.40199490441104246,0.028626206786179966,0,1,0,1,0,1,0,1,1,0,0,0,1,0,1,2,0,2,1,0
0.5069476356499242,-0.2608335036395329,-0.49136923542283084,-1.370862990412113,-1.2179049679093814,0.028626206786179966,0,1,1,0,1,0,0,1,0,1,0,0,1,2,1,0,2,2,0,0
2.3732898866413645,-1.566842120746355,0.9666820484576771,0.6681846485863079,1.2298252225856356,0.9955971658881752,1,0,1,0,1,0,0,1,1,0,0,1,0,2,0,0,0,1,1,1
0.3372801582870659,-0.6961697093418069,-0.5608002489409503,0.6681846485863079,0.4139151590872966,0.9955971658881752,0,1,0,1,0,1,0,1,1,0,1,0,0,0,0,2,1,1,1,2
-1.5290620927043745,-0.08669902135862327,1.591561170120752,0.6681846485863079,0.4139151590872966,0.9955971658881752,1,0,0,1,0,1,0,1,1,0,0,1,0,1,1,1,0,1,0,0
1.185617545101357,0.17450270206274113,-0.5608002489409503,1.3478671949191148,-0.40199490441104246,-0.9383447523158153,0,1,1,0,0,1,0,1,1,0,0,1,0,1,1,0,0,2,0,1
1.185617545101357,-1.4797748796059,0.3418029267946023,-0.011497897746499092,0.4139151590872966,-0.9383447523158153,1,0,0,1,1,0,1,0,1,0,0,0,1,2,0,1,1,2,0,0
0.5069476356499242,0.34863718434365076,-1.1162483570859056,0.6681846485863079,-0.40199490441104246,0.9955971658881752,1,0,0,1,1,0,0,1,0,1,0,0,1,1,1,0,0,2,2,2
-1.189727137978658,-0.2608335036395329,-1.1856793706040252,-0.011497897746499092,0.4139151590872966,0.028626206786179966,0,1,0,1,1,0,0,1,1,0,0,0,1,2,2,1,0,1,0,0
-0.17172227380150873,0.8710406311863795,0.6889579943851994,0.6681846485863079,0.4139151590872966,0.9955971658881752,0,1,0,1,1,0,0,1,1,0,0,1,0,2,2,1,1,1,1,0
0.6766151130127824,1.045175113467289,-1.2551103841221445,0.6681846485863079,1.2298252225856356,0.028626206786179966,1,0,1,0,1,0,0,1,1,0,0,0,1,2,0,1,1,1,1,0
-1.5290620927043745,-0.9573714327631713,1.730423197156991,1.3478671949191148,-0.40199490441104246,1.9625681249901703,0,1,0,1,0,1,0,1,1,0,0,1,0,2,1,0,0,1,0,0
-0.8503921832529416,0.6098389077650151,-0.8385243030134281,0.6681846485863079,-1.2179049679093814,0.028626206786179966,1,0,0,1,0,1,0,1,1,0,0,1,0,2,2,1,2,1,1,0
0.6766151130127824,0.34863718434365076,1.244406102530155,1.3478671949191148,1.2298252225856356,0.9955971658881752,0,1,0,1,1,0,0,1,1,0,0,1,0,2,2,1,2,1,0,2
1.6946199771899317,-0.2608335036395329,0.5500959673489606,0.6681846485863079,-0.40199490441104246,0.028626206786179966,0,1,0,1,0,1,0,1,1,0,0,0,1,1,0,1,0,0,1,0
-1.3593946153415164,1.132242354607744,-1.1162483570859056,-0.691180444079306,0.4139151590872966,0.028626206786179966,1,0,1,0,1,0,0,1,1,0,0,0,1,1,2,1,0,1,0,1
0.5069476356499242,-0.17376626249907806,0.9666820484576771,-0.011497897746499092,-0.40199490441104246,0.028626206786179966,0,1,0,1,1,0,0,1,1,0,0,1,0,1,2,1,1,0,0,2
1.5249524998270736,-1.4797748796059,1.3138371160482742,0.6681846485863079,-1.2179049679093814,-0.9383447523158153,1,0,1,0,0,1,0,1,1,0,0,0,1,1,2,1,1,2,2,0
-0.8503921832529416,-0.17376626249907806,-0.005352140795994853,1.3478671949191148,-0.40199490441104246,-1.9053157114178105,0,1,0,1,1,0,0,1,1,0,1,0,0,2,2,0,0,1,0,0
-0.002054796438650507,-1.044438673903626,0.8972510349395577,0.6681846485863079,2.861645349582314,0.028626206786179966,0,1,1,0,1,0,0,1,1,0,0,1,0,0,0,1,0,0,0,1
1.6946199771899317,0.17450270206274113,-0.2830761948684726,-0.011497897746499092,1.2298252225856356,0.028626206786179966,1,0,0,1,0,1,0,1,1,0,0,1,0,1,2,1,0,2,2,2
0.6766151130127824,-0.17376626249907806,1.105544075493916,1.3478671949191148,-1.2179049679093814,0.028626206786179966,1,0,0,1,0,1,0,1,1,0,1,0,0,1,1,0,2,2,2,2
0.16761268092420772,1.4805113191695631,-1.5328344381946224,-0.691180444079306,-1.2179049679093814,0.028626206786179966,0,1,0,1,0,1,0,1,0,1,1,0,0,1,2,0,0,1,0,1
-1.0200596606158,-0.6961697093418069,-0.005352140795994853,0.6681846485863079,2.045735286083975,-0.9383447523158153,0,1,1,0,1,0,0,1,0,1,0,0,1,1,0,2,2,1,1,0
0.3372801582870659,-0.8703041916227164,-0.005352140795994853,0.6681846485863079,-1.2179049679093814,0.028626206786179966,0,1,1,0,0,1,0,1,1,0,0,0,1,1,2,2,1,1,2,0
-0.8503921832529416,-0.4349679859204425,1.105544075493916,-0.011497897746499092,-1.2179049679093814,0.028626206786179966,0,1,0,1,0,1,0,1,1,0,0,1,0,1,2,2,1,2,1,1
0.3372801582870659,-0.4349679859204425,-1.324541397640264,-0.691180444079306,1.2298252225856356,0.028626206786179966,0,1,1,0,1,0,0,1,1,0,0,0,1,1,1,0,1,1,0,2
0.6766151130127824,-0.4349679859204425,0.9666820484576771,2.0275497412519217,-1.2179049679093814,0.028626206786179966,1,0,1,0,0,1,0,1,1,0,0,0,1,0,1,0,1,2,1,0
1.8642874545527899,0.69690614890547,-0.9079553165315475,-0.691180444079306,0.4139151590872966,0.9955971658881752,0,1,1,0,1,0,0,1,1,0,0,0,1,1,0,1,0,1,0,0
-0.6807247058900834,0.34863718434365076,-1.6716964652308612,0.6681846485863079,-1.2179049679093814,0.028626206786179966,1,0,0,1,0,1,0,1,1,0,1,0,0,1,2,0,1,1,2,0
-0.6807247058900834,1.132242354607744,-1.324541397640264,-0.691180444079306,0.4139151590872966,0.9955971658881752,0,1,0,1,1,0,0,1,1,0,0,0,1,2,0,1,0,1,0,0
-1.5290620927043745,1.4805113191695631,0.5500959673489606,0.6681846485863079,2.045735286083975,-0.9383447523158153,0,1,1,0,0,1,0,1,1,0,1,0,0,1,1,0,1,2,0,2
0.6766151130127824,1.045175113467289,-0.2830761948684726,-0.691180444079306,0.4139151590872966,-0.9383447523158153,0,1,0,1,0,1,0,1,1,0,0,0,1,0,2,0,0,2,0,0
1.6946199771899317,1.7417130425909275,1.0361130619757966,-0.691180444079306,-1.2179049679093814,-0.9383447523158153,0,1,0,1,0,1,0,1,0,1,0,0,1,2,2,0,1,0,0,0
-0.002054796438650507,-0.08669902135862327,0.8278200214214383,-0.011497897746499092,0.4139151590872966,0.9955971658881752,1,0,1,0,0,1,1,0,0,1,0,1,0,2,0,0,1,2,0,0
0.3372801582870659,-0.08669902135862327,-1.1162483570859056,-0.011497897746499092,-1.2179049679093814,0.028626206786179966,0,1,0,1,1,0,0,1,1,0,0,0,1,2,0,1,1,1,1,0
-0.17172227380150873,-1.6539093618868097,0.61952698086708,0.6681846485863079,0.4139151590872966,0.9955971658881752,0,1,0,1,0,1,0,1,1,0,0,0,1,1,2,2,1,2,0,0
-0.8503921832529416,-0.9573714327631713,0.27237191327648286,1.3478671949191148,-0.40199490441104246,-0.9383447523158153,1,0,1,0,1,0,0,1,1,0,0,0,1,2,0,0,1,1,0,1
-0.8503921832529416,0.0003682197818315326,-0.7690932894953085,-2.05054553674492,-0.40199490441104246,-1.9053157114178105,0,1,0,1,0,1,0,1,1,0,0,1,0,1,2,1,1,1,0,0
0.5069476356499242,-1.566842120746355,-1.6716964652308612,-0.691180444079306,2.861645349582314,-0.9383447523158153,0,1,0,1,1,0,0,1,1,0,1,0,0,1,1,1,2,1,1,0
-1.868397047430091,-0.17376626249907806,1.591561170120752,-0.011497897746499092,1.2298252225856356,-0.9383447523158153,0,1,0,1,1,0,0,1,1,0,0,0,1,1,1,0,0,1,0,0
0.16761268092420772,-0.609102468201352,-1.324541397640264,-1.370862990412113,2.861645349582314,0.028626206786179966,0,1,1,0,1,0,0,1,1,0,0,1,0,1,1,1,2,1,0,1
-1.189727137978658,0.43570442548410554,-0.1442141678322337,1.3478671949191148,1.2298252225856356,-0.9383447523158153,0,1,0,1,0,1,0,1,1,0,0,0,1,0,2,2,1,2,2,1
0.16761268092420772,-1.4797748796059,1.3832681295663938,0.6681846485863079,0.4139151590872966,1.9625681249901703,0,1,0,1,0,1,0,1,1,0,0,1,0,0,2,1,2,1,0,0
-1.3593946153415164,0.0003682197818315326,1.1749750890120354,2.0275497412519217,-0.40199490441104246,0.028626206786179966,0,1,0,1,0,1,0,1,1,0,0,0,1,2,2,2,2,2,2,1
0.16761268092420772,-0.609102468201352,0.6889579943851994,-0.691180444079306,3.677555413080653,1.9625681249901703,0,1,0,1,1,0,0,1,1,0,0,1,0,1,1,1,1,2,1,0
-0.17172227380150873,0.69690614890547,0.06407887272212458,1.3478671949191148,-0.40199490441104246,0.028626206786179966,0,1,0,1,0,1,0,1,1,0,0,0,1,1,1,0,1,2,0,2
-1.3593946153415164,0.8710406311863795,-0.005352140795994853,-0.691180444079306,0.4139151590872966,0.028626206786179966,0,1,0,1,0,1,1,0,1,0,0,1,0,2,2,0,1,1,2,0
-0.6807247058900834,1.7417130425909275,0.4806649538308412,-0.011497897746499092,0.4139151590872966,-0.9383447523158153,0,1,0,1,0,1,0,1,1,0,0,0,1,2,2,1,2,1,0,0
-1.3593946153415164,0.8710406311863795,0.133509886240244,1.3478671949191148,1.2298252225856356,0.028626206786179966,0,1,0,1,0,1,0,1,1,0,0,0,1,1,2,1,1,1,2,0
0.16761268092420772,1.045175113467289,-1.324541397640264,-0.011497897746499092,-1.2179049679093814,0.9955971658881752,1,0,1,0,1,0,0,1,1,0,0,1,0,1,1,1,0,1,0,1
0.6766151130127824,1.045175113467289,-0.4219382219047114,-1.370862990412113,0.4139151590872966,0.9955971658881752,1,0,1,0,1,0,0,1,1,0,1,0,0,1,1,1,1,1,0,0
2.3732898866413645,1.3934440780291084,1.3138371160482742,-1.370862990412113,-0.40199490441104246,1.9625681249901703,1,0,0,1,0,1,0,1,0,1,1,0,0,1,1,2,1,2,0,1
-0.6807247058900834,1.6546458014504728,0.133509886240244,-0.011497897746499092,-1.2179049679093814,0.028626206786179966,1,0,0,1,0,1,0,1,0,1,0,1,0,0,2,2,0,1,0,1
-0.8503921832529416,-0.4349679859204425,-0.6996622759771891,-2.05054553674492,-0.40199490441104246,0.9955971658881752,1,0,1,0,0,1,0,1,1,0,0,0,1,1,2,2,0,0,2,1
1.015950067738499,0.8710406311863795,-0.2830761948684726,1.3478671949191148,-1.2179049679093814,-0.9383447523158153,1,0,1,0,1,0,0,1,1,0,1,0,0,2,2,0,2,0,1,0
-0.6807247058900834,-1.131505915044081,-1.5328344381946224,-1.370862990412113,0.4139151590872966,0.028626206786179966,0,1,1,0,0,1,0,1,1,0,0,0,1,1,1,0,1,1,0,1
0.5069476356499242,0.5227716666245603,-1.1162483570859056,0.6681846485863079,-0.40199490441104246,0.028626206786179966,1,0,0,1,0,1,0,1,1,0,0,1,0,1,1,0,0,1,2,1
0.6766151130127824,0.34863718434365076,-1.6022654517127417,-0.011497897746499092,-1.2179049679093814,0.028626206786179966,0,1,0,1,0,1,0,1,1,0,0,1,0,0,1,1,0,2,0,0
-0.5110572285272252,-1.2185731561845357,-0.7690932894953085,-1.370862990412113,-1.2179049679093814,-0.9383447523158153,0,1,1,0,1,0,0,1,1,0,0,1,0,2,2,0,1,2,1,0
1.6946199771899317,0.69690614890547,1.0361130619757966,-0.691180444079306,2.045735286083975,-0.9383447523158153,0,1,1,0,0,1,0,1,1,0,1,0,0,0,1,2,2,1,1,1
0.3372801582870659,-0.08669902135862327,1.5221301566026326,-0.691180444079306,0.4139151590872966,-0.9383447523158153,1,0,0,1,1,0,1,0,1,0,0,0,1,2,1,1,2,1,1,1
1.3552850224642152,0.9581078723268344,1.591561170120752,-0.011497897746499092,0.4139151590872966,1.9625681249901703,0,1,1,0,1,0,0,1,1,0,0,0,1,2,1,0,0,1,2,0
1.015950067738499,0.26156994320319593,0.27237191327648286,2.0275497412519217,-0.40199490441104246,-0.9383447523158153,1,0,0,1,1,0,0,1,1,0,0,1,0,1,1,1,2,1,0,1
-1.189727137978658,1.7417130425909275,-0.1442141678322337,0.6681846485863079,-0.40199490441104246,0.028626206786179966,0,1,0,1,0,1,0,1,1,0,0,1,0,1,0,0,0,1,2,0
-0.002054796438650507,1.132242354607744,0.27237191327648286,-0.011497897746499092,-0.40199490441104246,0.028626206786179966,1,0,0,1,1,0,0,1,1,0,0,1,0,1,0,1,1,0,2,0
0.16761268092420772,-0.5220352270608973,1.3832681295663938,0.6681846485863079,-0.40199490441104246,1.9625681249901703,1,0,1,0,0,1,0,1,0,1,0,0,1,2,1,0,1,1,0,2
-0.341389751164367,-0.9573714327631713,0.61952698086708,-0.691180444079306,0.4139151590872966,0.9955971658881752,0,1,0,1,0,1,0,1,1,0,0,0,1,1,1,1,0,1,0,0
0.6766151130127824,-1.131505915044081,0.133509886240244,-0.011497897746499092,-1.2179049679093814,-0.9383447523158153,1,0,0,1,0,1,0,1,1,0,0,0,1,2,2,0,2,1,1,0
-0.5110572285272252,1.3063768368886535,0.133509886240244,-1.370862990412113,0.4139151590872966,0.9955971658881752,1,0,0,1,1,0,0,1,1,0,0,0,1,0,2,1,1,1,0,1
1.015950067738499,1.4805113191695631,-0.6302312624590697,-0.691180444079306,0.4139151590872966,-1.9053157114178105,1,0,0,1,0,1,0,1,1,0,0,0,1,2,0,1,1,1,1,0
-0.6807247058900834,1.6546458014504728,1.6609921836388715,-1.370862990412113,-1.2179049679093814,1.9625681249901703,1,0,1,0,1,0,1,0,1,0,0,1,0,1,1,0,0,1,1,1
1.015950067738499,-0.5220352270608973,-0.9079553165315475,-0.691180444079306,-1.2179049679093814,0.028626206786179966,1,0,1,0,1,0,0,1,1,0,0,1,0,2,1,1,0,1,0,0
-0.6807247058900834,0.9581078723268344,1.105544075493916,-0.691180444079306,-0.40199490441104246,-0.9383447523158153,1,0,0,1,0,1,0,1,1,0,0,1,0,1,1,1,1,1,0,1
-0.6807247058900834,1.4805113191695631,0.4112339403127217,0.6681846485863079,-1.2179049679093814,-0.9383447523158153,0,1,1,0,0,1,0,1,1,0,0,0,1,1,0,2,2,2,0,0
-0.8503921832529416,0.9581078723268344,-1.7411274787489806,-2.05054553674492,-0.40199490441104246,0.028626206786179966,1,0,0,1,0,1,0,1,1,0,0,1,0,0,2,2,1,1,0,1
-0.002054796438650507,0.8710406311863795,0.8972510349395577,-2.05054553674492,1.2298252225856356,0.028626206786179966,0,1,0,1,1,0,0,1,1,0,1,0,0,2,0,1,0,1,0,1
-0.6807247058900834,1.132242354607744,-1.0468173435677863,-0.011497897746499092,-0.40199490441104246,-1.9053157114178105,1,0,0,1,0,1,0,1,1,0,0,0,1,0,1,1,1,1,0,1
-0.6807247058900834,-1.6539093618868097,-1.4634034246765029,-2.05054553674492,-0.40199490441104246,-0.9383447523158153,1,0,1,0,1,0,0,1,1,0,0,1,0,2,1,0,0,1,0,0
-0.002054796438650507,-0.8703041916227164,-0.1442141678322337,-0.011497897746499092,-1.2179049679093814,1.9625681249901703,1,0,0,1,1,0,0,1,1,0,1,0,0,0,1,1,0,1,0,0
1.8642874545527899,-1.131505915044081,1.1749750890120354,-0.011497897746499092,0.4139151590872966,0.028626206786179966,1,0,0,1,1,0,0,1,1,0,1,0,0,1,0,2,1,1,0,2
1.5249524998270736,0.26156994320319593,-1.3939724111583836,-0.011497897746499092,0.4139151590872966,0.9955971658881752,1,0,1,0,1,0,0,1,1,0,1,0,0,1,1,2,0,0,0,0
-0.17172227380150873,-0.2608335036395329,0.7583890079033189,-1.370862990412113,-1.2179049679093814,0.9955971658881752,0,1,0,1,0,1,0,1,0,1,1,0,0,2,1,2,1,0,0,0
-0.002054796438650507,-0.7832369504822617,0.8278200214214383,-0.011497897746499092,-0.40199490441104246,1.9625681249901703,0,1,0,1,1,0,0,1,1,0,1,0,0,1,0,2,1,1,0,0
-0.6807247058900834,0.9581078723268344,-0.21364518135035315,-0.691180444079306,-1.2179049679093814,-0.9383447523158153,1,0,0,1,0,1,0,1,1,0,1,0,0,2,1,2,2,2,2,0
-0.341389751164367,-0.5220352270608973,0.20294089975836344,-0.691180444079306,-1.2179049679093814,-0.9383447523158153,1,0,0,1,1,0,0,1,1,0,0,0,1,1,1,2,2,1,0,1
-1.3593946153415164,1.7417130425909275,-0.6996622759771891,-0.011497897746499092,-0.40199490441104246,-0.9383447523158153,0,1,1,0,0,1,0,1,1,0,0,0,1,0,1,1,0,1,0,0
1.6946199771899317,0.5227716666245603,0.6889579943851994,-2.05054553674492,0.4139151590872966,1.9625681249901703,0,1,1,0,1,0,0,1,0,1,0,1,0,1,2,2,1,1,2,2
-0.6807247058900834,-0.8703041916227164,0.27237191327648286,-0.691180444079306,-1.2179049679093814,0.028626206786179966,1,0,0,1,0,1,0,1,1,0,1,0,0,0,1,2,2,2,1,0
-1.3593946153415164,-0.8703041916227164,0.4112339403127217,-0.011497897746499092,-1.2179049679093814,0.028626206786179966,0,1,0,1,1,0,0,1,1,0,0,0,1,1,2,2,0,1,0,0
-1.0200596606158,0.08743546092228634,-0.7690932894953085,-0.011497897746499092,0.4139151590872966,0.9955971658881752,0,1,0,1,0,1,0,1,0,1,0,0,1,1,1,1,1,1,1,0
0.6766151130127824,1.132242354607744,1.452699143084513,0.6681846485863079,-1.2179049679093814,-1.9053157114178105,0,1,0,1,0,1,0,1,1,0,0,0,1,2,1,1,1,1,2,1
-1.5290620927043745,1.4805113191695631,-0.49136923542283084,-0.011497897746499092,-1.2179049679093814,-0.9383447523158153,1,0,1,0,0,1,0,1,1,0,1,0,0,1,1,0,0,1,0,1
-1.189727137978658,-1.6539093618868097,0.9666820484576771,0.6681846485863079,2.045735286083975,0.9955971658881752,1,0,1,0,0,1,0,1,1,0,0,1,0,1,1,0,0,1,0,2
-1.0200596606158,0.7839733900459247,-1.1162483570859056,-0.691180444079306,0.4139151590872966,1.9625681249901703,0,1,0,1,1,0,0,1,1,0,0,1,0,0,2,0,0,2,2,1
1.3552850224642152,-0.5220352270608973,1.452699143084513,1.3478671949191148,-1.2179049679093814,0.028626206786179966,1,0,1,0,1,0,0,1,1,0,0,1,0,1,1,0,1,1,0,0
-0.17172227380150873,0.17450270206274113,-0.2830761948684726,1.3478671949191148,-0.40199490441104246,0.028626206786179966,1,0,1,0,1,0,0,1,1,0,0,1,0,2,0,1,0,2,1,0
-0.5110572285272252,-1.044438673903626,0.8278200214214383,-0.691180444079306,-1.2179049679093814,0.9955971658881752,0,1,1,0,0,1,0,1,0,1,0,0,1,0,2,2,0,1,1,0
0.16761268092420772,-0.08669902135862327,0.7583890079033189,-1.370862990412113,-0.40199490441104246,-0.9383447523158153,1,0,1,0,1,0,0,1,1,0,0,0,1,1,0,0,2,1,0,1
-0.002054796438650507,1.7417130425909275,-0.7690932894953085,0.6681846485863079,-1.2179049679093814,-0.9383447523158153,0,1,0,1,0,1,0,1,1,0,0,1,0,1,1,1,0,1,0,1
0.6766151130127824,-0.8703041916227164,-0.8385243030134281,-0.691180444079306,-1.2179049679093814,0.028626206786179966,0,1,0,1,1,0,1,0,1,0,0,1,0,2,2,0,0,1,0,0
1.6946199771899317,-1.3927076384654453,0.4112339403127217,-0.691180444079306,1.2298252225856356,-0.9383447523158153,1,0,0,1,1,0,0,1,1,0,1,0,0,2,1,0,1,1,1,0
-1.189727137978658,-1.3056403973249906,1.6609921836388715,-0.691180444079306,-1.2179049679093814,0.9955971658881752,0,1,1,0,1,0,0,1,1,0,1,0,0,0,2,1,0,1,0,0
-2.716734434244382,0.0003682197818315326,-1.6716964652308612,0.6681846485863079,2.045735286083975,1.9625681249901703,0,1,0,1,0,1,0,1,1,0,1,0,0,0,1,1,1,2,0,0
-0.5110572285272252,0.0003682197818315326,-1.2551103841221445,1.3478671949191148,2.045735286083975,-0.9383447523158153,0,1,0,1,1,0,0,1,1,0,0,0,1,2,2,1,0,1,1,0
0.5069476356499242,0.69690614890547,-0.352507208386592,0.6681846485863079,0.4139151590872966,0.9955971658881752,1,0,0,1,1,0,0,1,1,0,0,1,0,1,1,1,1,2,0,0
-0.002054796438650507,0.6098389077650151,-1.1856793706040252,0.6681846485863079,0.4139151590872966,-0.9383447523158153,0,1,0,1,0,1,0,1,0,1,1,0,0,2,1,0,0,1,2,0
-0.5110572285272252,1.567578560310018,-0.005352140795994853,-1.370862990412113,-0.40199490441104246,0.028626206786179966,0,1,1,0,1,0,0,1,0,1,0,0,1,0,2,0,0,0,1,0
-0.8503921832529416,-0.609102468201352,0.06407887272212458,-0.011497897746499092,0.4139151590872966,0.9955971658881752,1,0,0,1,1,0,0,1,1,0,0,0,1,1,1,2,0,1,0,2
-0.341389751164367,0.9581078723268344,-0.8385243030134281,-0.011497897746499092,-0.40199490441104246,0.9955971658881752,0,1,0,1,1,0,0,1,1,0,1,0,0,1,1,1,1,1,1,0
1.185617545101357,0.9581078723268344,-0.1442141678322337,1.3478671949191148,-1.2179049679093814,0.028626206786179966,0,1,1,0,0,1,0,1,1,0,0,1,0,0,1,0,0,1,1,0
0.8462825903756406,-1.6539093618868097,0.4112339403127217,-0.011497897746499092,-1.2179049679093814,0.9955971658881752,1,0,0,1,1,0,0,1,1,0,0,0,1,1,1,2,1,1,0,1
-1.6987295700672327,1.3934440780291084,0.3418029267946023,-0.691180444079306,-1.2179049679093814,0.9955971658881752,1,0,0,1,1,0,1,0,1,0,0,1,0,2,2,1,1,1,0,1
-0.6807247058900834,-0.34790074477998767,1.0361130619757966,-0.011497897746499092,-1.2179049679093814,0.028626206786179966,0,1,0,1,1,0,0,1,1,0,0,1,0,1,1,1,0,1,2,1
-0.002054796438650507,-1.4797748796059,-1.5328344381946224,1.3478671949191148,-0.40199490441104246,0.9955971658881752,0,1,0,1,1,0,0,1,1,0,0,0,1,0,0,0,1,1,0,0
-0.6807247058900834,-1.7409766030272644,-0.352507208386592,-0.011497897746499092,1.2298252225856356,0.9955971658881752,1,0,1,0,1,0,0,1,1,0,1,0,0,1,2,0,2,2,0,0
1.3552850224642152,0.17450270206274113,1.3832681295663938,-1.370862990412113,-1.2179049679093814,0.028626206786179966,0,1,0,1,0,1,0,1,1,0,0,1,0,0,1,1,2,0,0,0
-0.002054796438650507,-1.566842120746355,1.105544075493916,-0.011497897746499092,-0.40199490441104246,0.028626206786179966,0,1,0,1,0,1,0,1,1,0,1,0,0,2,1,0,1,0,1,0
0.3372801582870659,-0.6961697093418069,-0.7690932894953085,1.3478671949191148,-0.40199490441104246,-0.9383447523158153,1,0,0,1,0,1,0,1,1,0,1,0,0,2,1,0,1,1,1,0
-0.17172227380150873,1.6546458014504728,-0.21364518135035315,-1.370862990412113,1.2298252225856356,0.9955971658881752,0,1,1,0,0,1,0,1,1,0,0,1,0,1,1,0,1,2,2,0
0.5069476356499242,-0.6961697093418069,1.1749750890120354,-0.691180444079306,0.4139151590872966,0.028626206786179966,0,1,0,1,0,1,0,1,1,0,1,0,0,2,0,0,2,1,1,0
-1.189727137978658,1.3934440780291084,1.730423197156991,-0.011497897746499092,2.045735286083975,0.028626206786179966,0,1,0,1,0,1,1,0,1,0,1,0,0,1,2,1,1,2,0,0
-1.0200596606158,0.34863718434365076,-0.9773863300496669,-0.691180444079306,-0.40199490441104246,-0.9383447523158153,0,1,0,1,1,0,0,1,1,0,0,0,1,0,2,0,2,1,1,2
-1.3593946153415164,0.34863718434365076,1.591561170120752,-0.011497897746499092,-0.40199490441104246,0.028626206786179966,1,0,0,1,0,1,0,1,1,0,0,0,1,2,1,2,0,1,0,0
0.5069476356499242,0.69690614890547,-0.4219382219047114,-0.011497897746499092,1.2298252225856356,0.028626206786179966,0,1,0,1,1,0,0,1,1,0,1,0,0,1,1,1,0,2,0,0
-0.5110572285272252,-1.4797748796059,1.244406102530155,2.0275497412519217,-1.2179049679093814,-0.9383447523158153,1,0,0,1,0,1,0,1,0,1,0,0,1,1,1,1,0,1,2,0
-0.17172227380150873,0.17450270206274113,0.4806649538308412,0.6681846485863079,0.4139151590872966,0.028626206786179966,1,0,1,0,0,1,0,1,1,0,0,0,1,1,1,2,1,1,1,1
-0.17172227380150873,0.0003682197818315326,-0.8385243030134281,2.0275497412519217,-0.40199490441104246,-0.9383447523158153,1,0,0,1,0,1,1,0,1,0,0,1,0,0,1,2,1,1,1,0
-1.0200596606158,-0.34790074477998767,-0.07478315431411428,-0.691180444079306,-1.2179049679093814,-0.9383447523158153,0,1,1,0,1,0,0,1,0,1,0,0,1,2,1,0,2,1,1,2
1.015950067738499,-0.2608335036395329,-1.5328344381946224,-0.011497897746499092,1.2298252225856356,0.028626206786179966,1,0,1,0,1,0,1,0,1,0,0,0,1,1,0,2,1,2,0,0
2.2036224092785064,0.69690614890547,0.61952698086708,1.3478671949191148,-0.40199490441104246,0.028626206786179966,0,1,0,1,1,0,0,1,1,0,1,0,0,1,0,1,0,1,0,0
-0.341389751164367,1.4805113191695631,0.8972510349395577,1.3478671949191148,-1.2179049679093814,0.9955971658881752,1,0,0,1,1,0,0,1,1,0,0,1,0,1,0,1,0,1,0,1
-2.0380645247929494,0.17450270206274113,-1.1162483570859056,-2.05054553674492,-0.40199490441104246,-0.9383447523158153,0,1,0,1,1,0,0,1,1,0,0,1,0,2,0,1,1,1,1,0
-1.0200596606158,0.17450270206274113,-1.6022654517127417,-0.011497897746499092,1.2298252225856356,-0.9383447523158153,1,0,0,1,0,1,0,1,1,0,1,0,0,2,1,2,0,1,0,0
-0.5110572285272252,-0.8703041916227164,-0.005352140795994853,-0.011497897746499092,-0.40199490441104246,0.9955971658881752,0,1,1,0,1,0,0,1,0,1,0,1,0,2,1,1,0,1,1,2
-0.341389751164367,-1.4797748796059,-1.3939724111583836,1.3478671949191148,0.4139151590872966,-0.9383447523158153,1,0,1,0,1,0,0,1,1,0,0,0,1,2,2,1,2,2,2,0
-1.0200596606158,-0.34790074477998767,0.133509886240244,-0.011497897746499092,0.4139151590872966,0.9955971658881752,0,1,0,1,1,0,1,0,1,0,0,0,1,2,0,0,2,1,1,0
-1.5290620927043745,-1.044438673903626,1.6609921836388715,-1.370862990412113,-0.40199490441104246,0.9955971658881752,1,0,0,1,0,1,0,1,1,0,0,1,0,1,2,1,2,1,2,0
-1.3593946153415164,1.3934440780291084,0.61952698086708,-1.370862990412113,1.2298252225856356,0.9955971658881752,1,0,0,1,0,1,0,1,1,0,0,0,1,2,2,0,2,1,2,0
-0.5110572285272252,1.4805113191695631,-0.8385243030134281,1.3478671949191148,0.4139151590872966,-0.9383447523158153,0,1,0,1,0,1,0,1,1,0,0,0,1,2,1,1,0,1,0,0
-0.17172227380150873,0.9581078723268344,-0.5608002489409503,1.3478671949191148,-1.2179049679093814,0.028626206786179966,1,0,1,0,1,0,0,1,1,0,1,0,0,1,0,1,1,1,1,0
0.16761268092420772,-0.2608335036395329,1.730423197156991,-0.011497897746499092,0.4139151590872966,0.9955971658881752,1,0,0,1,0,1,0,1,1,0,0,0,1,2,0,0,2,2,1,0
-0.17172227380150873,-1.131505915044081,1.105544075493916,-0.011497897746499092,-0.40199490441104246,0.028626206786179966,1,0,0,1,1,0,0,1,1,0,0,1,0,1,1,1,0,2,0,0
1.015950067738499,1.567578560310018,-0.1442141678322337,1.3478671949191148,-0.40199490441104246,2.929539084092166,0,1,0,1,0,1,0,1,1,0,0,1,0,1,0,2,2,0,2,1
1.185617545101357,-1.566842120746355,-0.8385243030134281,-1.370862990412113,2.045735286083975,0.9955971658881752,1,0,0,1,0,1,0,1,1,0,1,0,0,1,2,0,2,1,0,0
-1.868397047430091,-1.566842120746355,1.0361130619757966,1.3478671949191148,2.045735286083975,0.9955971658881752,0,1,0,1,0,1,0,1,1,0,0,1,0,2,2,2,2,1,1,2
-0.002054796438650507,1.132242354607744,-0.4219382219047114,0.6681846485863079,0.4139151590872966,0.9955971658881752,0,1,0,1,0,1,0,1,1,0,0,1,0,0,0,1,0,1,0,1
-1.189727137978658,-1.7409766030272644,-0.7690932894953085,2.0275497412519217,-0.40199490441104246,0.9955971658881752,0,1,0,1,1,0,0,1,1,0,0,1,0,2,0,0,1,1,1,2
1.015950067738499,-0.4349679859204425,-0.21364518135035315,-0.691180444079306,-1.2179049679093814,0.028626206786179966,0,1,0,1,1,0,0,1,1,0,0,1,0,0,1,1,0,2,0,0
0.16761268092420772,1.2193095957481987,-0.1442141678322337,-0.011497897746499092,-0.40199490441104246,1.9625681249901703,1,0,1,0,0,1,0,1,1,0,0,0,1,1,1,1,1,1,1,0
-1.6987295700672327,1.3063768368886535,-0.07478315431411428,-0.011497897746499092,0.4139151590872966,0.028626206786179966,0,1,0,1,0,1,0,1,1,0,1,0,0,2,0,2,0,1,0,2
-0.5110572285272252,-1.4797748796059,1.1749750890120354,-2.05054553674492,0.4139151590872966,0.9955971658881752,1,0,0,1,1,0,0,1,1,0,1,0,0,1,1,1,0,1,0,0
-1.189727137978658,0.34863718434365076,0.20294089975836344,-1.370862990412113,-0.40199490441104246,-0.9383447523158153,0,1,0,1,1,0,0,1,1,0,0,0,1,1,1,1,0,2,0,0
1.015950067738499,-0.5220352270608973,0.9666820484576771,-1.370862990412113,1.2298252225856356,-0.9383447523158153,0,1,1,0,1,0,0,1,1,0,1,0,0,0,0,0,2,2,0,0
1.015950067738499,-0.5220352270608973,-1.2551103841221445,0.6681846485863079,-1.2179049679093814,-1.9053157114178105,0,1,1,0,1,0,0,1,1,0,0,0,1,0,1,1,1,1,0,0
0.3372801582870659,-1.2185731561845357,1.3832681295663938,-2.05054553674492,-0.40199490441104246,1.9625681249901703,0,1,0,1,1,0,0,1,1,0,0,1,0,1,2,1,0,0,1,1
-0.5110572285272252,-1.3056403973249906,-0.9773863300496669,-0.691180444079306,2.861645349582314,0.9955971658881752,1,0,0,1,1,0,0,1,1,0,0,0,1,1,1,1,0,1,0,0
1.5249524998270736,-1.044438673903626,-0.352507208386592,-0.691180444079306,-1.2179049679093814,-0.9383447523158153,0,1,0,1,1,0,0,1,1,0,1,0,0,1,0,0,1,1,2,0
-0.17172227380150873,0.7839733900459247,-0.07478315431411428,2.0275497412519217,-0.40199490441104246,-0.9383447523158153,1,0,0,1,1,0,0,1,1,0,0,0,1,1,0,1,0,1,0,1
0.8462825903756406,-1.3056403973249906,1.244406102530155,0.6681846485863079,0.4139151590872966,0.028626206786179966,1,0,0,1,0,1,1,0,1,0,1,0,0,1,2,0,1,1,1,1
0.6766151130127824,1.045175113467289,0.6889579943851994,-0.011497897746499092,-1.2179049679093814,0.028626206786179966,1,0,0,1,1,0,0,1,1,0,0,0,1,2,2,2,1,1,1,0
1.185617545101357,-1.131505915044081,1.0361130619757966,-0.691180444079306,0.4139151590872966,0.028626206786179966,0,1,1,0,0,1,0,1,1,0,0,1,0,0,1,1,2,2,0,1
-0.002054796438650507,0.26156994320319593,0.20294089975836344,-0.011497897746499092,1.2298252225856356,-0.9383447523158153,1,0,1,0,0,1,0,1,1,0,0,1,0,2,2,2,0,1,1,0
-0.17172227380150873,0.34863718434365076,-0.8385243030134281,-1.370862990412113,-0.40199490441104246,-0.9383447523158153,0,1,1,0,0,1,0,1,1,0,0,0,1,1,1,1,2,1,0,0
1.185617545101357,-0.6961697093418069,-1.5328344381946224,0.6681846485863079,1.2298252225856356,0.028626206786179966,1,0,0,1,0,1,0,1,1,0,0,1,0,2,2,1,1,0,0,2
-0.341389751164367,-1.6539093618868097,-0.5608002489409503,-0.011497897746499092,2.861645349582314,-0.9383447523158153,0,1,0,1,0,1,0,1,1,0,0,0,1,0,1,1,2,2,2,0
-0.002054796438650507,0.7839733900459247,0.61952698086708,-0.011497897746499092,-0.40199490441104246,0.9955971658881752,0,1,0,1,0,1,0,1,1,0,0,1,0,1,2,0,2,2,0,1
2.0339549319156482,0.26156994320319593,1.1749750890120354,-0.691180444079306,-0.40199490441104246,0.028626206786179966,0,1,0,1,0,1,0,1,1,0,0,1,0,1,1,0,2,1,0,0
-1.189727137978658,1.567578560310018,0.4112339403127217,-0.011497897746499092,-0.40199490441104246,0.028626206786179966,0,1,1,0,0,1,0,1,1,0,1,0,0,2,0,1,1,0,2,0
-0.341389751164367,-0.08669902135862327,0.133509886240244,-1.370862990412113,-0.40199490441104246,0.028626206786179966,0,1,0,1,0,1,0,1,1,0,0,1,0,1,1,0,0,2,0,0
1.3552850224642152,-1.566842120746355,0.6889579943851994,0.6681846485863079,0.4139151590872966,0.028626206786179966,1,0,0,1,1,0,0,1,1,0,0,0,1,0,2,1,0,2,0,1
2.5429573640042227,-1.4797748796059,1.0361130619757966,-0.691180444079306,-1.2179049679093814,0.028626206786179966,0,1,0,1,0,1,0,1,1,0,0,0,1,2,2,0,1,1,1,0
1.015950067738499,-1.6539093618868097,-0.4219382219047114,0.6681846485863079,0.4139151590872966,0.028626206786179966,0,1,0,1,0,1,0,1,1,0,0,0,1,1,1,2,1,2,0,0
-0.17172227380150873,1.045175113467289,-1.3939724111583836,-0.011497897746499092,-0.40199490441104246,1.9625681249901703,0,1,0,1,1,0,0,1,1,0,0,1,0,0,1,1,1,1,0,2
-1.6987295700672327,-1.3056403973249906,-1.3939724111583836,-0.011497897746499092,-1.2179049679093814,0.028626206786179966,1,0,0,1,1,0,0,1,1,0,0,1,0,0,2,1,0,2,0,0
-0.17172227380150873,0.17450270206274113,0.4806649538308412,0.6681846485863079,0.4139151590872966,0.9955971658881752,1,0,1,0,1,0,0,1,1,0,1,0,0,2,1,0,0,1,2,0
-1.0200596606158,0.69690614890547,0.133509886240244,0.6681846485863079,0.4139151590872966,0.028626206786179966,0,1,0,1,0,1,0,1,1,0,0,0,1,2,2,1,1,1,1,2
-0.5110572285272252,1.4805113191695631,-0.9773863300496669,0.6681846485863079,0.4139151590872966,-0.9383447523158153,0,1,0,1,0,1,0,1,1,0,0,1,0,1,1,0,0,1,0,0
-1.189727137978658,-0.2608335036395329,0.5500959673489606,-2.05054553674492,-0.40199490441104246,-0.9383447523158153,0,1,0,1,1,0,0,1,1,0,1,0,0,1,2,1,1,2,2,1
0.5069476356499242,-0.6961697093418069,-0.4219382219047114,-0.691180444079306,0.4139151590872966,0.9955971658881752,0,1,0,1,0,1,0,1,1,0,0,0,1,1,1,0,2,1,0,0
0.8462825903756406,0.17450270206274113,-0.21364518135035315,1.3478671949191148,-1.2179049679093814,-2.872286670519806,1,0,0,1,1,0,0,1,1,0,0,0,1,2,1,2,2,1,1,0
-1.0200596606158,-0.609102468201352,-1.1856793706040252,0.6681846485863079,0.4139151590872966,-0.9383447523158153,0,1,0,1,1,0,0,1,1,0,1,0,0,1,2,1,0,2,1,1
-0.8503921832529416,-0.2608335036395329,-1.1856793706040252,-1.370862990412113,-0.40199490441104246,0.028626206786179966,1,0,0,1,0,1,0,1,1,0,0,0,1,1,1,1,0,1,1,1
0.8462825903756406,-0.5220352270608973,0.133509886240244,0.6681846485863079,-0.40199490441104246,-0.9383447523158153,1,0,0,1,0,1,0,1,1,0,0,1,0,2,0,0,0,1,2,1
-0.6807247058900834,0.9581078723268344,-0.8385243030134281,0.6681846485863079,0.4139151590872966,0.028626206786179966,1,0,0,1,1,0,0,1,1,0,0,1,0,1,1,2,1,2,1,0
-0.341389751164367,-0.609102468201352,1.3138371160482742,-0.011497897746499092,-0.40199490441104246,0.028626206786179966,1,0,1,0,0,1,0,1,1,0,0,1,0,1,2,2,2,1,2,1
0.6766151130127824,1.567578560310018,-1.5328344381946224,1.3478671949191148,1.2298252225856356,-0.9383447523158153,0,1,1,0,1,0,0,1,1,0,1,0,0,1,0,1,2,0,2,2
0.8462825903756406,-0.5220352270608973,0.3418029267946023,1.3478671949191148,2.045735286083975,0.028626206786179966,1,0,0,1,0,1,0,1,1,0,0,0,1,2,1,1,1,1,1,1
-2.2077320021558076,1.2193095957481987,-1.2551103841221445,1.3478671949191148,0.4139151590872966,0.028626206786179966,1,0,0,1,0,1,0,1,1,0,1,0,0,1,0,2,1,1,2,0
-0.8503921832529416,-1.131505915044081,-0.07478315431411428,-2.05054553674492,-1.2179049679093814,0.028626206786179966,0,1,0,1,1,0,0,1,1,0,1,0,0,1,1,1,0,1,1,1
-0.5110572285272252,-0.6961697093418069,-0.6996622759771891,-0.691180444079306,1.2298252225856356,-0.9383447523158153,0,1,0,1,0,1,0,1,1,0,0,0,1,2,2,0,0,2,2,2
-1.0200596606158,1.2193095957481987,-1.6716964652308612,-1.370862990412113,-1.2179049679093814,0.028626206786179966,0,1,0,1,1,0,0,1,1,0,0,1,0,1,1,1,1,2,1,0
0.5069476356499242,0.69690614890547,-1.6022654517127417,-0.011497897746499092,-1.2179049679093814,0.9955971658881752,0,1,0,1,0,1,0,1,1,0,0,1,0,1,0,1,1,0,0,0
-0.8503921832529416,0.26156994320319593,1.730423197156991,0.6681846485863079,-1.2179049679093814,0.028626206786179966,1,0,0,1,0,1,0,1,1,0,0,0,1,2,2,1,1,1,1,0
-1.0200596606158,0.08743546092228634,-0.7690932894953085,-0.691180444079306,0.4139151590872966,-0.9383447523158153,1,0,0,1,0,1,1,0,1,0,0,1,0,1,2,0,2,2,0,2
0.5069476356499242,0.7839733900459247,0.4112339403127217,-0.011497897746499092,0.4139151590872966,-0.9383447523158153,0,1,0,1,1,0,0,1,1,0,0,1,0,0,2,1,0,2,2,1
1.3552850224642152,-1.7409766030272644,-1.5328344381946224,-0.011497897746499092,1.2298252225856356,0.028626206786179966,1,0,1,0,0,1,0,1,1,0,0,1,0,1,2,0,0,1,0,0
2.0339549319156482,0.34863718434365076,-0.49136923542283084,2.0275497412519217,-0.40199490441104246,1.9625681249901703,0,1,0,1,0,1,0,1,1,0,0,0,1,1,2,1,0,1,0,0
-0.002054796438650507,-1.4797748796059,1.3138371160482742,-0.691180444079306,0.4139151590872966,0.028626206786179966,1,0,0,1,0,1,1,0,1,0,0,1,0,1,1,1,1,1,0,2
1.185617545101357,-0.8703041916227164,0.8972510349395577,-0.011497897746499092,-0.40199490441104246,0.028626206786179966,0,1,0,1,0,1,1,0,1,0,0,1,0,0,0,1,2,1,0,0
-1.3593946153415164,1.3934440780291084,1.3832681295663938,-2.05054553674492,1.2298252225856356,-2.872286670519806,0,1,1,0,1,0,0,1,0,1,0,1,0,2,1,1,1,1,0,0
0.6766151130127824,0.5227716666245603,0.8972510349395577,-0.011497897746499092,-0.40199490441104246,0.028626206786179966,0,1,0,1,0,1,0,1,1,0,0,1,0,1,1,1,0,1,0,2
1.6946199771899317,1.7417130425909275,-0.005352140795994853,-0.691180444079306,-1.2179049679093814,0.9955971658881752,1,0,0,1,1,0,0,1,1,0,0,1,0,2,2,1,0,1,1,1
-0.8503921832529416,-0.9573714327631713,-1.5328344381946224,0.6681846485863079,-1.2179049679093814,0.028626206786179966,0,1,1,0,0,1,1,0,1,0,1,0,0,1,1,0,2,1,0,0
-0.5110572285272252,0.0003682197818315326,-1.6022654517127417,-0.011497897746499092,0.4139151590872966,0.028626206786179966,1,0,1,0,0,1,0,1,1,0,0,1,0,1,1,2,1,1,2,0
0.8462825903756406,0.69690614890547,-1.6022654517127417,0.6681846485863079,-0.40199490441104246,-0.9383447523158153,0,1,0,1,0,1,0,1,1,0,0,0,1,2,1,0,1,1,0,0
-0.6807247058900834,-1.6539093618868097,0.4806649538308412,-0.011497897746499092,0.4139151590872966,0.028626206786179966,1,0,0,1,0,1,0,1,1,0,1,0,0,2,1,1,0,1,0,0
-0.17172227380150873,-0.17376626249907806,-1.3939724111583836,-0.011497897746499092,-1.2179049679093814,0.028626206786179966,0,1,0,1,1,0,0,1,1,0,0,0,1,1,1,0,1,1,1,0
-1.189727137978658,0.5227716666245603,-1.4634034246765029,-1.370862990412113,1.2298252225856356,0.028626206786179966,0,1,0,1,0,1,0,1,0,1,0,1,0,1,0,1,2,2,1,0
-0.17172227380150873,1.2193095957481987,0.06407887272212458,-2.05054553674492,2.045735286083975,0.028626206786179966,1,0,1,0,1,0,0,1,1,0,1,0,0,1,0,1,0,2,0,1
1.015950067738499,0.7839733900459247,1.730423197156991,-0.011497897746499092,-1.2179049679093814,0.028626206786179966,1,0,0,1,1,0,0,1,1,0,0,1,0,1,0,0,1,0,0,0
1.015950067738499,-0.609102468201352,-1.3939724111583836,-0.691180444079306,-0.40199490441104246,0.9955971658881752,0,1,0,1,1,0,0,1,1,0,0,0,1,1,1,1,1,0,2,0
-0.8503921832529416,1.6546458014504728,-0.2830761948684726,-1.370862990412113,-1.2179049679093814,-0.9383447523158153,0,1,0,1,0,1,0,1,1,0,0,1,0,1,1,1,1,1,1,1
-0.17172227380150873,1.3063768368886535,1.5221301566026326,1.3478671949191148,-1.2179049679093814,-0.9383447523158153,0,1,0,1,0,1,0,1,1,0,0,1,0,0,2,0,1,1,2,0
0.5069476356499242,-0.7832369504822617,-0.2830761948684726,0.6681846485863079,-0.40199490441104246,-0.9383447523158153,1,0,0,1,0,1,0,1,1,0,0,1,0,0,1,0,0,0,2,0
0.5069476356499242,-0.34790074477998767,1.591561170120752,0.6681846485863079,-1.2179049679093814,-0.9383447523158153,1,0,0,1,0,1,0,1,1,0,0,1,0,1,2,1,1,0,2,1
-1.3593946153415164,-0.5220352270608973,-1.4634034246765029,0.6681846485863079,0.4139151590872966,1.9625681249901703,1,0,1,0,1,0,0,1,1,0,0,0,1,0,1,1,1,1,2,1
0.16761268092420772,-0.9573714327631713,0.3418029267946023,1.3478671949191148,0.4139151590872966,1.9625681249901703,0,1,0,1,0,1,0,1,1,0,0,0,1,1,1,2,1,2,1,0
0.5069476356499242,-1.044438673903626,-0.352507208386592,-0.691180444079306,2.045735286083975,-0.9383447523158153,0,1,0,1,0,1,0,1,1,0,0,0,1,1,2,1,1,1,0,0
-0.341389751164367,1.2193095957481987,0.27237191327648286,-0.011497897746499092,0.4139151590872966,0.9955971658881752,1,0,1,0,1,0,0,1,1,0,0,1,0,2,0,2,2,1,0,0
-1.3593946153415164,-0.7832369504822617,0.20294089975836344,0.6681846485863079,0.4139151590872966,-0.9383447523158153,1,0,0,1,0,1,0,1,1,0,1,0,0,1,2,0,1,1,2,0
-0.17172227380150873,-0.4349679859204425,1.452699143084513,-0.691180444079306,0.4139151590872966,0.9955971658881752,1,0,0,1,0,1,0,1,1,0,0,0,1,2,2,1,1,1,0,0
1.6946199771899317,-0.4349679859204425,1.3832681295663938,1.3478671949191148,-0.40199490441104246,1.9625681249901703,0,1,0,1,0,1,0,1,1,0,1,0,0,1,0,0,2,1,2,0
-0.341389751164367,-0.4349679859204425,-0.6302312624590697,-0.011497897746499092,-0.40199490441104246,0.9955971658881752,0,1,0,1,0,1,0,1,1,0,0,0,1,1,1,2,2,2,0,0
0.16761268092420772,-1.6539093618868097,1.244406102530155,-0.011497897746499092,-0.40199490441104246,1.9625681249901703,0,1,1,0,0,1,0,1,1,0,1,0,0,1,0,0,0,2,0,0
0.16761268092420772,-1.2185731561845357,-0.9773863300496669,-0.011497897746499092,0.4139151590872966,-0.9383447523158153,0,1,0,1,1,0,0,1,1,0,0,1,0,2,1,1,2,2,1,0
0.16761268092420772,0.6098389077650151,-0.6996622759771891,-0.011497897746499092,0.4139151590872966,0.028626206786179966,0,1,0,1,1,0,0,1,0,1,1,0,0,0,1,2,1,1,1,0
-0.17172227380150873,-0.4349679859204425,1.591561170120752,0.6681846485863079,-0.40199490441104246,0.028626206786179966,0,1,0,1,1,0,0,1,1,0,0,1,0,2,1,0,0,1,2,1
1.185617545101357,0.5227716666245603,-0.5608002489409503,0.6681846485863079,2.861645349582314,-0.9383447523158153,1,0,0,1,0,1,0,1,0,1,0,0,1,2,1,2,2,2,2,0
-0.341389751164367,0.9581078723268344,-1.0468173435677863,-1.370862990412113,-1.2179049679093814,0.9955971658881752,0,1,1,0,0,1,0,1,1,0,0,0,1,0,1,0,2,2,0,1
0.8462825903756406,-0.8703041916227164,-0.8385243030134281,-0.011497897746499092,-0.40199490441104246,0.028626206786179966,0,1,1,0,0,1,0,1,1,0,0,0,1,2,2,1,1,2,1,1
-0.8503921832529416,-0.609102468201352,1.452699143084513,-0.011497897746499092,-0.40199490441104246,-0.9383447523158153,0,1,0,1,1,0,0,1,1,0,1,0,0,1,2,0,0,1,1,0
0.16761268092420772,1.4805113191695631,1.6609921836388715,-0.011497897746499092,-0.40199490441104246,-1.9053157114178105,0,1,0,1,0,1,0,1,1,0,0,1,0,1,2,2,1,2,2,1
-0.5110572285272252,-0.609102468201352,-1.1162483570859056,-2.05054553674492,0.4139151590872966,0.9955971658881752,1,0,1,0,1,0,0,1,1,0,1,0,0,1,0,2,0,2,0,1
-0.002054796438650507,-1.044438673903626,1.105544075493916,-2.05054553674492,2.045735286083975,0.9955971658881752,0,1,1,0,0,1,0,1,1,0,0,0,1,1,2,2,2,1,1,0
0.6766151130127824,-1.4797748796059,-1.0468173435677863,0.6681846485863079,1.2298252225856356,0.028626206786179966,0,1,0,1,1,0,0,1,1,0,0,1,0,1,1,1,2,1,0,0
2.3732898866413645,-0.2608335036395329,-1.6022654517127417,1.3478671949191148,-1.2179049679093814,0.9955971658881752,1,0,1,0,1,0,0,1,1,0,0,1,0,1,2,1,1,1,0,1
1.5249524998270736,-0.17376626249907806,-0.6302312624590697,1.3478671949191148,0.4139151590872966,0.9955971658881752,0,1,0,1,0,1,0,1,1,0,0,1,0,2,1,1,0,1,0,1
0.6766151130127824,-1.566842120746355,-1.7411274787489806,-0.011497897746499092,-0.40199490441104246,-0.9383447523158153,0,1,1,0,0,1,0,1,1,0,1,0,0,1,0,1,2,2,2,0
-0.5110572285272252,-0.7832369504822617,0.3418029267946023,0.6681846485863079,0.4139151590872966,0.028626206786179966,1,0,0,1,1,0,0,1,1,0,0,1,0,1,1,0,2,0,0,0
-1.868397047430091,0.34863718434365076,1.1749750890120354,-0.011497897746499092,-0.40199490441104246,0.9955971658881752,0,1,0,1,1,0,0,1,1,0,1,0,0,2,0,2,0,2,2,0
-0.5110572285272252,0.17450270206274113,0.61952698086708,-0.691180444079306,0.4139151590872966,0.028626206786179966,1,0,0,1,0,1,0,1,1,0,1,0,0,1,0,2,0,0,0,1
-0.341389751164367,0.43570442548410554,1.452699143084513,0.6681846485863079,-1.2179049679093814,0.028626206786179966,0,1,0,1,1,0,0,1,1,0,1,0,0,1,1,1,2,2,1,1
4.069964660269947,-1.044438673903626,-0.005352140795994853,1.3478671949191148,1.2298252225856356,-0.9383447523158153,1,0,1,0,1,0,0,1,1,0,1,0,0,2,0,0,1,2,0,1
0.16761268092420772,0.17450270206274113,-1.6022654517127417,-0.011497897746499092,2.045735286083975,0.028626206786179966,0,1,0,1,1,0,0,1,1,0,0,1,0,2,1,1,0,1,0,2
-0.17172227380150873,1.4805113191695631,-1.0468173435677863,1.3478671949191148,1.2298252225856356,0.9955971658881752,1,0,0,1,0,1,0,1,1,0,1,0,0,2,1,2,1,1,2,1
-0.002054796438650507,0.43570442548410554,-1.1162483570859056,0.6681846485863079,-0.40199490441104246,0.028626206786179966,1,0,0,1,1,0,0,1,1,0,0,0,1,1,2,1,1,1,2,2
0.6766151130127824,0.34863718434365076,-0.9773863300496669,-0.011497897746499092,0.4139151590872966,-0.9383447523158153,0,1,0,1,0,1,0,1,1,0,0,0,1,1,1,1,1,1,0,2
-0.002054796438650507,0.34863718434365076,0.6889579943851994,-0.691180444079306,-1.2179049679093814,0.028626206786179966,0,1,1,0,1,0,0,1,1,0,0,0,1,1,1,1,1,1,0,1
0.3372801582870659,0.69690614890547,-0.21364518135035315,2.0275497412519217,0.4139151590872966,-0.9383447523158153,1,0,0,1,0,1,0,1,1,0,0,1,0,1,1,1,0,2,0,1
0.8462825903756406,0.26156994320319593,1.5221301566026326,-0.691180444079306,-1.2179049679093814,0.9955971658881752,0,1,0,1,0,1,0,1,1,0,0,1,0,1,2,0,0,0,0,0
-2.716734434244382,-1.2185731561845357,0.61952698086708,0.6681846485863079,0.4139151590872966,0.028626206786179966,1,0,0,1,1,0,0,1,1,0,0,1,0,0,2,0,0,2,2,0
1.5249524998270736,-0.17376626249907806,0.3418029267946023,-0.011497897746499092,0.4139151590872966,0.9955971658881752,1,0,0,1,0,1,0,1,1,0,0,0,1,1,2,1,1,1,2,0
0.8462825903756406,-0.6961697093418069,1.3138371160482742,0.6681846485863079,0.4139151590872966,0.9955971658881752,1,0,1,0,0,1,0,1,1,0,0,0,1,2,2,0,0,1,1,1
-1.3593946153415164,-1.044438673903626,-0.005352140795994853,-0.011497897746499092,-0.40199490441104246,0.9955971658881752,0,1,1,0,0,1,0,1,1,0,0,0,1,2,2,1,1,0,0,0
-0.002054796438650507,1.4805113191695631,0.5500959673489606,1.3478671949191148,1.2298252225856356,0.028626206786179966,1,0,0,1,0,1,0,1,1,0,0,0,1,0,1,2,1,2,2,0
1.185617545101357,-0.5220352270608973,-0.2830761948684726,-0.011497897746499092,-0.40199490441104246,0.028626206786179966,1,0,0,1,1,0,0,1,1,0,0,0,1,1,2,1,1,1,0,0
-1.3593946153415164,-0.08669902135862327,0.3418029267946023,1.3478671949191148,-0.40199490441104246,-0.9383447523158153,0,1,0,1,1,0,0,1,1,0,0,0,1,1,0,0,2,1,1,1
-0.5110572285272252,0.43570442548410554,-0.6302312624590697,-0.691180444079306,-1.2179049679093814,-0.9383447523158153,1,0,0,1,0,1,0,1,1,0,0,1,0,2,2,1,1,2,1,1
0.3372801582870659,-0.17376626249907806,-1.4634034246765029,-0.011497897746499092,-0.40199490441104246,0.028626206786179966,0,1,0,1,1,0,0,1,0,1,1,0,0,2,1,1,1,1,0,1
1.3552850224642152,0.7839733900459247,0.27237191327648286,1.3478671949191148,-1.2179049679093814,-1.9053157114178105,1,0,1,0,0,1,0,1,1,0,0,0,1,0,2,2,0,1,1,1
1.3552850224642152,-1.3927076384654453,0.133509886240244,-0.011497897746499092,-0.40199490441104246,-0.9383447523158153,0,1,0,1,0,1,0,1,1,0,0,0,1,1,1,1,2,1,0,0
1.185617545101357,0.5227716666245603,-0.5608002489409503,0.6681846485863079,-0.40199490441104246,0.9955971658881752,0,1,0,1,1,0,0,1,1,0,0,0,1,2,1,1,0,1,1,0
-0.5110572285272252,0.08743546092228634,-0.7690932894953085,1.3478671949191148,-1.2179049679093814,0.028626206786179966,0,1,0,1,1,0,0,1,0,1,0,0,1,2,1,1,2,1,0,2
-0.341389751164367,0.9581078723268344,1.3832681295663938,-0.011497897746499092,0.4139151590872966,-0.9383447523158153,0,1,0,1,1,0,0,1,1,0,0,0,1,0,1,1,0,2,2,0
-0.341389751164367,0.7839733900459247,-0.21364518135035315,-1.370862990412113,2.045735286083975,-0.9383447523158153,1,0,0,1,0,1,0,1,1,0,0,1,0,1,2,0,1,0,0,0
-0.6807247058900834,-0.5220352270608973,-1.324541397640264,0.6681846485863079,-0.40199490441104246,-0.9383447523158153,1,0,1,0,0,1,0,1,1,0,0,0,1,2,2,0,0,1,0,0
-1.3593946153415164,-0.5220352270608973,1.591561170120752,-0.691180444079306,0.4139151590872966,0.028626206786179966,0,1,0,1,1,0,0,1,1,0,0,1,0,1,1,2,0,1,1,0
0.8462825903756406,-0.08669902135862327,-1.6022654517127417,-0.011497897746499092,-0.40199490441104246,-0.9383447523158153,1,0,0,1,0,1,0,1,1,0,1,0,0,2,1,1,1,1,2,1
0.3372801582870659,-1.7409766030272644,1.1749750890120354,-0.691180444079306,0.4139151590872966,-0.9383447523158153,0,1,0,1,1,0,0,1,1,0,1,0,0,1,1,0,0,2,0,0
1.185617545101357,-1.4797748796059,1.591561170120752,-0.691180444079306,-0.40199490441104246,-0.9383447523158153,1,0,0,1,0,1,0,1,1,0,0,0,1,2,1,1,0,2,0,1
-1.3593946153415164,-0.2608335036395329,-0.7690932894953085,-0.011497897746499092,0.4139151590872966,0.9955971658881752,1,0,0,1,1,0,0,1,1,0,0,0,1,0,1,0,2,2,1,1
-0.8503921832529416,1.3063768368886535,-0.9079553165315475,1.3478671949191148,0.4139151590872966,0.028626206786179966,0,1,0,1,0,1,0,1,1,0,0,0,1,1,2,1,1,1,0,2
1.185617545101357,0.69690614890547,1.244406102530155,-0.011497897746499092,-1.2179049679093814,0.9955971658881752,0,1,0,1,0,1,0,1,1,0,0,1,0,1,2,1,0,1,0,1
-0.17172227380150873,1.045175113467289,-0.6996622759771891,-0.691180444079306,1.2298252225856356,0.9955971658881752,1,0,0,1,0,1,0,1,1,0,0,1,0,1,1,1,1,2,1,0
-0.6807247058900834,1.567578560310018,-1.6022654517127417,0.6681846485863079,1.2298252225856356,0.028626206786179966,1,0,0,1,0,1,0,1,1,0,0,1,0,2,0,1,0,2,1,1
2.2036224092785064,1.132242354607744,1.452699143084513,-0.011497897746499092,-0.40199490441104246,-1.9053157114178105,1,0,0,1,1,0,0,1,1,0,0,0,1,2,1,1,0,2,2,1
-0.8503921832529416,-0.7832369504822617,1.730423197156991,-0.011497897746499092,0.4139151590872966,0.9955971658881752,0,1,0,1,1,0,0,1,1,0,0,1,0,2,2,0,0,0,0,0
1.015950067738499,-0.609102468201352,-0.005352140795994853,-0.011497897746499092,1.2298252225856356,1.9625681249901703,0,1,0,1,1,0,0,1,1,0,0,0,1,2,2,0,0,1,1,0
0.5069476356499242,0.7839733900459247,0.8278200214214383,-0.691180444079306,2.045735286083975,0.028626206786179966,1,0,1,0,1,0,0,1,1,0,0,1,0,2,2,1,1,2,1,0
0.3372801582870659,-1.7409766030272644,1.6609921836388715,-0.011497897746499092,-0.40199490441104246,0.028626206786179966,0,1,0,1,1,0,0,1,1,0,0,1,0,0,1,1,0,2,1,1
-0.002054796438650507,0.7839733900459247,1.105544075493916,-0.691180444079306,-1.2179049679093814,0.9955971658881752,0,1,1,0,0,1,0,1,1,0,0,0,1,0,1,2,1,1,1,0
-0.002054796438650507,-1.3056403973249906,-0.2830761948684726,0.6681846485863079,0.4139151590872966,0.028626206786179966,1,0,1,0,0,1,0,1,0,1,0,1,0,2,1,0,0,1,1,0
-1.3593946153415164,-0.6961697093418069,1.6609921836388715,-0.691180444079306,-1.2179049679093814,0.9955971658881752,1,0,0,1,0,1,0,1,1,0,0,0,1,0,0,2,0,1,1,2
-0.17172227380150873,-0.9573714327631713,-0.21364518135035315,-0.691180444079306,-0.40199490441104246,-1.9053157114178105,1,0,0,1,0,1,1,0,1,0,0,1,0,1,2,1,0,1,1,0
0.5069476356499242,0.0003682197818315326,-0.21364518135035315,-0.011497897746499092,-1.2179049679093814,1.9625681249901703,0,1,0,1,1,0,0,1,1,0,1,0,0,0,1,0,0,2,0,0
-0.341389751164367,-1.2185731561845357,-0.9079553165315475,1.3478671949191148,0.4139151590872966,0.9955971658881752,1,0,0,1,1,0,0,1,1,0,0,1,0,2,2,1,2,1,0,1
2.3732898866413645,-1.4797748796059,-1.0468173435677863,2.0275497412519217,-0.40199490441104246,0.9955971658881752,1,0,0,1,0,1,0,1,1,0,1,0,0,1,2,0,1,1,0,0
-1.0200596606158,0.9581078723268344,-0.9079553165315475,-0.011497897746499092,0.4139151590872966,-0.9383447523158153,0,1,0,1,0,1,0,1,1,0,0,1,0,1,1,1,0,2,1,0
-1.3593946153415164,0.34863718434365076,-0.07478315431411428,-0.691180444079306,-0.40199490441104246,0.028626206786179966,1,0,0,1,0,1,0,1,1,0,1,0,0,1,2,2,1,2,1,1
1.8642874545527899,0.34863718434365076,-1.7411274787489806,-1.370862990412113,0.4139151590872966,0.028626206786179966,0,1,1,0,1,0,1,0,1,0,0,0,1,1,1,1,0,2,0,0
0.3372801582870659,-0.8703041916227164,-0.21364518135035315,0.6681846485863079,0.4139151590872966,0.028626206786179966,0,1,0,1,0,1,0,1,1,0,0,1,0,1,2,1,2,1,0,0
-0.8503921832529416,-1.2185731561845357,-1.5328344381946224,-0.011497897746499092,0.4139151590872966,0.028626206786179966,1,0,0,1,1,0,0,1,1,0,1,0,0,0,1,1,1,2,1,0
-2.0380645247929494,-0.4349679859204425,1.1749750890120354,-1.370862990412113,2.861645349582314,0.9955971658881752,0,1,0,1,1,0,0,1,1,0,0,0,1,1,1,1,2,2,0,1
2.2036224092785064,-1.566842120746355,-0.07478315431411428,-0.011497897746499092,0.4139151590872966,-0.9383447523158153,0,1,0,1,1,0,0,1,1,0,0,1,0,1,1,0,1,1,1,1
-0.5110572285272252,-0.5220352270608973,-0.9079553165315475,-0.011497897746499092,0.4139151590872966,0.9955971658881752,0,1,0,1,0,1,0,1,1,0,0,0,1,1,1,1,2,1,0,0
-0.17172227380150873,0.0003682197818315326,1.6609921836388715,0.6681846485863079,-0.40199490441104246,0.9955971658881752,0,1,0,1,1,0,0,1,1,0,0,0,1,0,0,2,0,1,2,0
1.015950067738499,-0.609102468201352,-0.49136923542283084,1.3478671949191148,2.045735286083975,-0.9383447523158153,0,1,0,1,0,1,0,1,1,0,0,1,0,1,1,2,1,1,0,2
-0.6807247058900834,1.3063768368886535,-1.6022654517127417,0.6681846485863079,-1.2179049679093814,0.028626206786179966,0,1,1,0,0,1,0,1,1,0,0,0,1,1,2,1,0,1,2,1
-1.189727137978658,-0.8703041916227164,0.20294089975836344,2.0275497412519217,-0.40199490441104246,-0.9383447523158153,1,0,0,1,1,0,0,1,1,0,1,0,0,2,1,1,0,1,0,2
0.16761268092420772,-0.6961697093418069,0.3418029267946023,1.3478671949191148,-0.40199490441104246,0.028626206786179966,1,0,0,1,0,1,0,1,1,0,0,1,0,1,2,0,1,1,0,0
-0.6807247058900834,-1.044438673903626,0.133509886240244,2.0275497412519217,-0.40199490441104246,0.028626206786179966,0,1,0,1,1,0,0,1,1,0,0,0,1,2,1,1,2,1,2,0
1.015950067738499,-0.5220352270608973,0.133509886240244,-0.691180444079306,1.2298252225856356,-0.9383447523158153,0,1,1,0,0,1,0,1,1,0,1,0,0,1,0,1,1,1,0,2
-0.341389751164367,-1.3056403973249906,1.452699143084513,-1.370862990412113,-0.40199490441104246,-0.9383447523158153,1,0,1,0,0,1,0,1,1,0,0,1,0,2,1,1,2,1,0,0
-0.5110572285272252,0.34863718434365076,0.6889579943851994,-0.011497897746499092,-1.2179049679093814,-0.9383447523158153,0,1,1,0,1,0,0,1,1,0,0,0,1,0,2,2,1,1,1,1
0.16761268092420772,-1.3927076384654453,-1.6716964652308612,-0.691180444079306,-1.2179049679093814,0.028626206786179966,1,0,0,1,0,1,0,1,1,0,1,0,0,0,2,0,2,0,1,1
-1.189727137978658,0.5227716666245603,-1.1162483570859056,0.6681846485863079,1.2298252225856356,0.028626206786179966,0,1,0,1,1,0,0,1,1,0,0,1,0,1,2,1,1,1,0,0
-0.17172227380150873,-0.34790074477998767,-0.49136923542283084,-0.691180444079306,0.4139151590872966,0.028626206786179966,1,0,0,1,0,1,0,1,1,0,0,0,1,1,0,1,2,1,0,1
0.5069476356499242,0.26156994320319593,-0.07478315431411428,-1.370862990412113,1.2298252225856356,-0.9383447523158153,0,1,0,1,1,0,0,1,1,0,1,0,0,2,1,1,0,1,2,0
-1.6987295700672327,-1.566842120746355,-0.49136923542283084,-0.011497897746499092,1.2298252225856356,0.028626206786179966,0,1,0,1,1,0,0,1,1,0,0,1,0,1,0,2,1,1,2,0
1.5249524998270736,0.34863718434365076,-1.324541397640264,2.0275497412519217,1.2298252225856356,0.9955971658881752,1,0,0,1,0,1,0,1,1,0,0,1,0,2,1,2,0,2,2,2
-0.002054796438650507,-0.17376626249907806,0.9666820484576771,0.6681846485863079,-1.2179049679093814,0.9955971658881752,1,0,1,0,1,0,1,0,1,0,0,1,0,0,1,2,1,1,1,0
-1.189727137978658,0.6098389077650151,1.452699143084513,-2.05054553674492,1.2298252225856356,0.028626206786179966,0,1,0,1,0,1,0,1,0,1,0,1,0,2,1,0,0,0,1,0
-0.17172227380150873,-0.34790074477998767,0.20294089975836344,1.3478671949191148,-0.40199490441104246,-1.9053157114178105,1,0,0,1,0,1,0,1,1,0,1,0,0,2,0,0,0,1,2,0
-2.547066956881524,0.34863718434365076,1.244406102530155,0.6681846485863079,2.045735286083975,0.028626206786179966,0,1,0,1,0,1,0,1,1,0,0,0,1,1,1,2,2,2,1,1
0.8462825903756406,1.3063768368886535,0.133509886240244,-0.011497897746499092,-1.2179049679093814,0.028626206786179966,0,1,0,1,0,1,1,0,1,0,0,1,0,1,1,2,0,2,2,0
0.5069476356499242,-0.17376626249907806,-0.6996622759771891,1.3478671949191148,-0.40199490441104246,-0.9383447523158153,1,0,0,1,1,0,0,1,0,1,0,1,0,2,0,2,0,2,1,2
-0.5110572285272252,-1.3056403973249906,-0.21364518135035315,0.6681846485863079,-0.40199490441104246,0.9955971658881752,0,1,0,1,0,1,0,1,1,0,0,0,1,2,2,0,0,1,1,1
0.3372801582870659,-0.9573714327631713,0.61952698086708,1.3478671949191148,-1.2179049679093814,0.028626206786179966,0,1,0,1,1,0,0,1,1,0,0,1,0,0,1,1,1,1,1,1
1.185617545101357,-1.6539093618868097,-0.352507208386592,-1.370862990412113,0.4139151590872966,-0.9383447523158153,0,1,0,1,1,0,0,1,1,0,0,1,0,1,1,1,0,0,1,0
-0.002054796438650507,0.7839733900459247,1.105544075493916,0.6681846485863079,0.4139151590872966,0.028626206786179966,1,0,0,1,0,1,0,1,1,0,0,0,1,1,2,1,1,1,0,0
-0.8503921832529416,-0.08669902135862327,1.730423197156991,-0.691180444079306,2.045735286083975,0.028626206786179966,1,0,0,1,0,1,0,1,1,0,0,1,0,2,2,1,0,1,1,0
0.8462825903756406,0.6098389077650151,1.452699143084513,-0.691180444079306,1.2298252225856356,-0.9383447523158153,1,0,0,1,0,1,1,0,1,0,0,0,1,2,2,0,1,1,0,1
0.3372801582870659,-0.34790074477998767,0.5500959673489606,-0.011497897746499092,-1.2179049679093814,-1.9053157114178105,0,1,0,1,0,1,0,1,1,0,0,0,1,2,0,0,0,1,1,0
0.5069476356499242,-0.4349679859204425,-0.2830761948684726,-0.691180444079306,-1.2179049679093814,-0.9383447523158153,0,1,0,1,1,0,0,1,1,0,0,1,0,0,2,0,1,1,1,0
-1.189727137978658,-1.6539093618868097,-0.1442141678322337,-0.011497897746499092,0.4139151590872966,-0.9383447523158153,1,0,0,1,1,0,0,1,1,0,0,0,1,0,0,0,2,1,0,0
-2.2077320021558076,1.6546458014504728,1.3138371160482742,1.3478671949191148,1.2298252225856356,-0.9383447523158153,0,1,0,1,0,1,0,1,1,0,0,0,1,2,1,1,2,2,2,1
-1.6987295700672327,-0.34790074477998767,-0.49136923542283084,-2.05054553674492,-0.40199490441104246,2.929539084092166,0,1,1,0,1,0,0,1,1,0,0,1,0,1,0,1,2,0,1,0
0.6766151130127824,-0.17376626249907806,0.8278200214214383,0.6681846485863079,0.4139151590872966,0.028626206786179966,0,1,0,1,0,1,0,1,1,0,0,1,0,2,2,1,1,1,0,0
0.6766151130127824,0.0003682197818315326,0.6889579943851994,1.3478671949191148,1.2298252225856356,0.9955971658881752,0,1,0,1,1,0,0,1,1,0,0,0,1,1,1,0,0,1,0,0
0.16761268092420772,1.6546458014504728,-1.6716964652308612,-0.011497897746499092,0.4139151590872966,-0.9383447523158153,1,0,1,0,1,0,0,1,1,0,0,1,0,1,2,2,1,0,2,0
-0.002054796438650507,-0.08669902135862327,-0.6302312624590697,-0.011497897746499092,1.2298252225856356,0.028626206786179966,1,0,0,1,1,0,0,1,1,0,1,0,0,2,1,0,2,1,1,0
2.0339549319156482,0.69690614890547,0.5500959673489606,-0.011497897746499092,-0.40199490441104246,0.9955971658881752,0,1,1,0,0,1,0,1,1,0,0,0,1,1,0,0,0,2,2,0
0.16761268092420772,-1.2185731561845357,-1.324541397640264,-0.011497897746499092,-0.40199490441104246,0.9955971658881752,0,1,1,0,0,1,0,1,1,0,0,1,0,2,1,1,0,1,2,1
-1.5290620927043745,0.26156994320319593,-0.5608002489409503,-1.370862990412113,-0.40199490441104246,-0.9383447523158153,0,1,0,1,0,1,0,1,1,0,0,0,1,2,0,1,1,1,2,0
-1.6987295700672327,-0.4349679859204425,1.0361130619757966,-2.05054553674492,1.2298252225856356,0.028626206786179966,0,1,0,1,0,1,0,1,0,1,0,0,1,1,1,1,1,2,2,1
0.16761268092420772,-0.08669902135862327,0.4806649538308412,-0.011497897746499092,-0.40199490441104246,0.028626206786179966,1,0,0,1,0,1,0,1,1,0,1,0,0,0,2,1,2,1,0,0
-1.0200596606158,1.4805113191695631,-1.4634034246765029,-1.370862990412113,1.2298252225856356,-0.9383447523158153,1,0,0,1,0,1,0,1,1,0,1,0,0,1,1,1,1,1,1,0
-1.5290620927043745,-0.17376626249907806,-1.6716964652308612,0.6681846485863079,0.4139151590872966,0.028626206786179966,0,1,0,1,0,1,0,1,1,0,0,1,0,1,2,1,0,1,2,0
-0.5110572285272252,-1.7409766030272644,1.5221301566026326,-1.370862990412113,-0.40199490441104246,0.9955971658881752,0,1,1,0,0,1,0,1,1,0,1,0,0,1,1,1,1,1,1,2
0.16761268092420772,-0.8703041916227164,-0.21364518135035315,0.6681846485863079,1.2298252225856356,-1.9053157114178105,1,0,0,1,0,1,0,1,1,0,0,1,0,2,2,0,1,0,2,1
0.16761268092420772,0.0003682197818315326,-0.9773863300496669,-1.370862990412113,0.4139151590872966,0.028626206786179966,0,1,0,1,0,1,0,1,1,0,0,0,1,1,0,1,2,1,0,0
-0.5110572285272252,0.7839733900459247,0.4806649538308412,-0.691180444079306,1.2298252225856356,0.028626206786179966,1,0,1,0,0,1,0,1,1,0,0,0,1,1,1,1,1,1,1,0
-1.868397047430091,-0.2608335036395329,0.5500959673489606,-0.011497897746499092,-0.40199490441104246,0.9955971658881752,0,1,1,0,0,1,0,1,0,1,0,1,0,0,2,1,0,2,0,2
-1.0200596606158,0.08743546092228634,-1.1856793706040252,-1.370862990412113,1.2298252225856356,0.9955971658881752,0,1,0,1,0,1,0,1,1,0,1,0,0,1,1,2,0,2,2,1
0.5069476356499242,-0.34790074477998767,-0.9773863300496669,-0.011497897746499092,1.2298252225856356,0.9955971658881752,0,1,0,1,0,1,0,1,1,0,0,0,1,1,1,1,1,0,0,0
-1.189727137978658,-0.9573714327631713,1.452699143084513,1.3478671949191148,-1.2179049679093814,0.9955971658881752,1,0,1,0,0,1,0,1,1,0,0,1,0,1,0,0,2,1,0,2
2.3732898866413645,-1.6539093618868097,-0.005352140795994853,1.3478671949191148,-0.40199490441104246,-0.9383447523158153,0,1,0,1,1,0,0,1,1,0,0,1,0,0,1,1,0,1,1,2
-1.3593946153415164,-0.9573714327631713,-1.5328344381946224,-0.011497897746499092,0.4139151590872966,0.028626206786179966,0,1,0,1,0,1,0,1,1,0,0,1,0,2,2,0,0,2,1,0
0.16761268092420772,0.26156994320319593,-0.005352140795994853,0.6681846485863079,-0.40199490441104246,-0.9383447523158153,0,1,0,1,0,1,0,1,1,0,0,1,0,1,1,2,0,2,0,2
-2.0380645247929494,-1.044438673903626,1.452699143084513,-0.011497897746499092,0.4139151590872966,0.028626206786179966,1,0,0,1,0,1,0,1,1,0,0,0,1,2,1,1,0,2,2,0
0.16761268092420772,-0.5220352270608973,-1.6022654517127417,-0.011497897746499092,-0.40199490441104246,0.9955971658881752,0,1,0,1,0,1,0,1,1,0,1,0,0,1,0,0,2,1,0,2
-0.5110572285272252,0.8710406311863795,0.5500959673489606,-0.011497897746499092,2.861645349582314,0.028626206786179966,0,1,0,1,1,0,0,1,0,1,1,0,0,1,1,0,1,2,0,0
1.3552850224642152,1.6546458014504728,-0.9773863300496669,-0.691180444079306,-0.40199490441104246,0.028626206786179966,0,1,0,1,0,1,1,0,1,0,0,0,1,1,1,1,0,1,0,0
-2.2077320021558076,-1.6539093618868097,0.06407887272212458,-2.05054553674492,-0.40199490441104246,1.9625681249901703,1,0,1,0,0,1,0,1,1,0,0,0,1,0,2,2,1,1,0,2
-0.17172227380150873,-0.2608335036395329,-1.2551103841221445,1.3478671949191148,2.045735286083975,0.028626206786179966,1,0,0,1,1,0,0,1,0,1,0,1,0,1,0,0,1,1,0,0
1.015950067738499,1.132242354607744,0.9666820484576771,1.3478671949191148,-1.2179049679093814,0.028626206786179966,0,1,0,1,0,1,0,1,1,0,0,1,0,1,2,1,0,1,1,1
0.16761268092420772,0.7839733900459247,1.5221301566026326,-0.691180444079306,-0.40199490441104246,0.028626206786179966,1,0,1,0,1,0,1,0,1,0,1,0,0,1,1,1,0,1,2,2
1.3552850224642152,0.26156994320319593,0.06407887272212458,-0.011497897746499092,-0.40199490441104246,0.028626206786179966,0,1,0,1,0,1,0,1,1,0,0,0,1,1,1,1,1,1,1,0
-0.6807247058900834,-0.4349679859204425,-1.5328344381946224,2.0275497412519217,-1.2179049679093814,0.9955971658881752,1,0,0,1,0,1,0,1,1,0,0,0,1,2,0,2,0,0,1,0
2.0339549319156482,-1.044438673903626,-1.4634034246765029,-0.011497897746499092,-0.40199490441104246,-1.9053157114178105,0,1,1,0,0,1,0,1,1,0,0,1,0,0,1,1,0,1,2,0
0.6766151130127824,0.69690614890547,0.8278200214214383,-0.691180444079306,-0.40199490441104246,0.028626206786179966,1,0,1,0,0,1,0,1,1,0,0,0,1,2,1,1,2,0,0,0
-0.341389751164367,-1.044438673903626,-0.4219382219047114,-0.011497897746499092,-0.40199490441104246,0.9955971658881752,1,0,0,1,1,0,0,1,0,1,0,1,0,1,2,1,0,2,0,1
-1.0200596606158,-0.9573714327631713,1.244406102530155,-0.691180444079306,0.4139151590872966,-2.872286670519806,0,1,1,0,0,1,1,0,1,0,0,1,0,1,2,0,0,1,0,0
-1.0200596606158,-1.7409766030272644,-0.6996622759771891,2.0275497412519217,-1.2179049679093814,0.028626206786179966,0,1,1,0,0,1,0,1,1,0,0,0,1,1,0,0,2,1,1,0
0.6766151130127824,-0.8703041916227164,-0.6996622759771891,1.3478671949191148,1.2298252225856356,0.028626206786179966,0,1,1,0,0,1,0,1,1,0,0,0,1,2,1,1,1,0,0,1
1.6946199771899317,-1.566842120746355,1.5221301566026326,-0.011497897746499092,-1.2179049679093814,1.9625681249901703,1,0,1,0,0,1,0,1,1,0,0,1,0,0,0,1,2,1,1,0
-3.225736866332957,0.08743546092228634,-0.6302312624590697,0.6681846485863079,-0.40199490441104246,-0.9383447523158153,0,1,0,1,0,1,0,1,1,0,1,0,0,1,1,1,0,1,1,0
-0.8503921832529416,-1.566842120746355,1.452699143084513,2.0275497412519217,-1.2179049679093814,0.9955971658881752,0,1,1,0,1,0,0,1,1,0,0,0,1,0,2,0,1,2,0,2
-0.5110572285272252,1.3934440780291084,-1.4634034246765029,-0.691180444079306,-0.40199490441104246,0.9955971658881752,0,1,1,0,0,1,0,1,1,0,0,0,1,1,1,1,1,1,0,0
-0.17172227380150873,1.3063768368886535,1.105544075493916,-0.691180444079306,-0.40199490441104246,0.9955971658881752,0,1,0,1,0,1,0,1,1,0,0,1,0,0,2,2,1,2,1,0
-0.002054796438650507,0.5227716666245603,-1.2551103841221445,1.3478671949191148,-1.2179049679093814,0.9955971658881752,0,1,0,1,1,0,0,1,1,0,0,0,1,0,1,1,1,2,0,1
-1.6987295700672327,1.045175113467289,-1.1162483570859056,-0.691180444079306,-1.2179049679093814,-0.9383447523158153,1,0,0,1,0,1,0,1,1,0,1,0,0,2,0,2,0,1,0,1
-0.6807247058900834,-1.044438673903626,0.6889579943851994,-0.011497897746499092,-0.40199490441104246,0.028626206786179966,1,0,1,0,0,1,0,1,1,0,0,0,1,0,1,2,0,2,2,1
-2.2077320021558076,-0.08669902135862327,0.6889579943851994,1.3478671949191148,-1.2179049679093814,-0.9383447523158153,0,1,0,1,0,1,0,1,1,0,1,0,0,0,2,1,1,1,0,0
-0.6807247058900834,1.7417130425909275,-0.8385243030134281,0.6681846485863079,0.4139151590872966,0.028626206786179966,0,1,0,1,0,1,0,1,1,0,1,0,0,2,0,2,0,1,0,1
2.0339549319156482,-0.34790074477998767,-0.8385243030134281,-0.011497897746499092,-1.2179049679093814,0.028626206786179966,1,0,0,1,1,0,0,1,1,0,0,0,1,1,1,1,1,0,0,0
0.3372801582870659,0.26156994320319593,1.6609921836388715,0.6681846485863079,2.045735286083975,0.9955971658881752,1,0,0,1,1,0,0,1,0,1,1,0,0,2,1,0,2,2,0,0
1.015950067738499,1.2193095957481987,0.9666820484576771,1.3478671949191148,-1.2179049679093814,0.028626206786179966,1,0,0,1,1,0,0,1,0,1,0,1,0,1,1,1,0,1,0,0
1.6946199771899317,0.08743546092228634,-0.21364518135035315,0.6681846485863079,-1.2179049679093814,-0.9383447523158153,0,1,0,1,1,0,0,1,1,0,0,1,0,1,2,0,0,1,0,1
0.5069476356499242,0.7839733900459247,-0.6302312624590697,-0.691180444079306,-1.2179049679093814,0.028626206786179966,0,1,1,0,0,1,0,1,1,0,0,0,1,2,2,0,0,2,0,1
-0.5110572285272252,-1.131505915044081,-1.4634034246765029,-1.370862990412113,-1.2179049679093814,-0.9383447523158153,0,1,0,1,0,1,0,1,1,0,1,0,0,1,2,1,0,1,0,1
-0.341389751164367,-0.609102468201352,-1.5328344381946224,0.6681846485863079,-0.40199490441104246,0.028626206786179966,0,1,0,1,1,0,1,0,1,0,0,1,0,1,2,1,0,2,2,1
-0.5110572285272252,-0.609102468201352,-0.9079553165315475,-0.691180444079306,0.4139151590872966,0.028626206786179966,0,1,1,0,0,1,0,1,1,0,1,0,0,1,2,0,0,1,1,2
-1.3593946153415164,0.08743546092228634,-0.7690932894953085,-0.011497897746499092,0.4139151590872966,0.028626206786179966,0,1,0,1,0,1,0,1,1,0,0,1,0,1,1,2,2,1,0,0
-0.002054796438650507,1.2193095957481987,0.9666820484576771,0.6681846485863079,-0.40199490441104246,0.9955971658881752,0,1,0,1,0,1,0,1,1,0,0,0,1,0,2,1,0,1,0,0
-0.341389751164367,1.7417130425909275,-0.6302312624590697,0.6681846485863079,1.2298252225856356,0.028626206786179966,0,1,0,1,0,1,1,0,1,0,1,0,0,1,0,2,0,1,1,0
0.8462825903756406,1.2193095957481987,0.7583890079033189,-0.011497897746499092,0.4139151590872966,0.9955971658881752,0,1,1,0,1,0,1,0,1,0,1,0,0,2,1,0,0,1,1,1
-1.868397047430091,0.7839733900459247,1.452699143084513,-0.691180444079306,-1.2179049679093814,0.9955971658881752,0,1,0,1,0,1,0,1,1,0,1,0,0,1,1,1,2,0,0,0
-0.17172227380150873,-1.131505915044081,-1.3939724111583836,0.6681846485863079,-1.2179049679093814,0.9955971658881752,0,1,1,0,0,1,1,0,1,0,0,0,1,1,0,1,1,2,0,0
-2.0380645247929494,-1.3927076384654453,-0.6302312624590697,-0.011497897746499092,-0.40199490441104246,0.028626206786179966,0,1,1,0,0,1,0,1,1,0,0,0,1,1,1,1,0,1,1,0
0.5069476356499242,-1.566842120746355,0.6889579943851994,-0.691180444079306,-0.40199490441104246,0.028626206786179966,0,1,0,1,0,1,0,1,0,1,1,0,0,0,2,1,0,1,1,1
-0.5110572285272252,1.045175113467289,-0.6302312624590697,0.6681846485863079,0.4139151590872966,0.028626206786179966,1,0,0,1,0,1,0,1,1,0,0,0,1,1,2,1,0,1,0,0
-0.17172227380150873,-1.044438673903626,-0.6302312624590697,-0.691180444079306,0.4139151590872966,0.028626206786179966,1,0,0,1,1,0,0,1,1,0,0,1,0,2,2,1,1,1,0,2
0.16761268092420772,0.0003682197818315326,0.61952698086708,-1.370862990412113,2.045735286083975,-0.9383447523158153,1,0,1,0,0,1,0,1,1,0,0,1,0,1,1,0,0,1,2,0
-0.17172227380150873,-1.566842120746355,0.9666820484576771,-0.691180444079306,1.2298252225856356,-1.9053157114178105,0,1,0,1,1,0,0,1,1,0,0,0,1,1,0,2,1,1,0,1
0.16761268092420772,-1.7409766030272644,0.20294089975836344,0.6681846485863079,0.4139151590872966,-0.9383447523158153,1,0,0,1,1,0,0,1,1,0,0,0,1,2,0,1,1,2,0,0
1.6946199771899317,-0.17376626249907806,0.61952698086708,0.6681846485863079,-0.40199490441104246,-1.9053157114178105,0,1,1,0,0,1,0,1,1,0,1,0,0,1,2,1,2,0,1,0
-0.002054796438650507,-1.044438673903626,0.3418029267946023,-0.011497897746499092,-1.2179049679093814,0.9955971658881752,1,0,1,0,0,1,0,1,1,0,0,1,0,1,1,0,0,1,0,0
1.015950067738499,1.7417130425909275,-0.07478315431411428,-0.011497897746499092,-0.40199490441104246,-0.9383447523158153,1,0,0,1,0,1,0,1,1,0,0,1,0,1,2,2,1,1,0,0
0.3372801582870659,1.3063768368886535,-1.3939724111583836,-1.370862990412113,0.4139151590872966,-2.872286670519806,1,0,0,1,1,0,0,1,0,1,0,1,0,2,0,1,2,2,1,0
-0.8503921832529416,-0.2608335036395329,1.3138371160482742,0.6681846485863079,-1.2179049679093814,0.028626206786179966,0,1,0,1,0,1,0,1,1,0,0,0,1,1,1,0,2,2,1,1
-0.002054796438650507,-1.6539093618868097,0.20294089975836344,0.6681846485863079,-1.2179049679093814,1.9625681249901703,1,0,1,0,0,1,0,1,1,0,0,0,1,0,2,1,0,1,0,0
-1.5290620927043745,0.6098389077650151,-1.5328344381946224,0.6681846485863079,-0.40199490441104246,0.028626206786179966,1,0,0,1,1,0,0,1,1,0,0,0,1,0,1,2,1,1,0,0
0.16761268092420772,0.08743546092228634,-0.1442141678322337,0.6681846485863079,1.2298252225856356,-0.9383447523158153,0,1,0,1,1,0,0,1,0,1,0,0,1,2,1,1,0,1,0,0
-1.3593946153415164,-1.6539093618868097,1.1749750890120354,0.6681846485863079,0.4139151590872966,0.9955971658881752,0,1,0,1,0,1,0,1,0,1,0,1,0,0,1,1,2,1,0,1
-0.17172227380150873,0.43570442548410554,1.591561170120752,-0.011497897746499092,0.4139151590872966,0.028626206786179966,1,0,0,1,0,1,0,1,0,1,1,0,0,1,1,2,1,1,0,1
-0.17172227380150873,1.567578560310018,-0.5608002489409503,-0.011497897746499092,-0.40199490441104246,0.9955971658881752,1,0,1,0,0,1,0,1,1,0,1,0,0,0,2,2,1,1,0,1
1.015950067738499,-1.3927076384654453,1.105544075493916,-0.691180444079306,-0.40199490441104246,0.9955971658881752,0,1,1,0,1,0,0,1,1,0,0,1,0,1,2,1,0,1,0,1
-1.189727137978658,1.3063768368886535,-0.8385243030134281,0.6681846485863079,1.2298252225856356,-0.9383447523158153,1,0,1,0,0,1,0,1,1,0,0,1,0,1,2,1,1,1,2,0
-0.341389751164367,0.9581078723268344,1.452699143084513,-0.691180444079306,0.4139151590872966,0.028626206786179966,0,1,1,0,1,0,0,1,1,0,0,0,1,0,2,1,0,1,2,0
-0.8503921832529416,0.08743546092228634,0.9666820484576771,-2.05054553674492,-1.2179049679093814,0.028626206786179966,1,0,1,0,1,0,0,1,1,0,1,0,0,1,1,2,0,1,2,0
-0.17172227380150873,-1.2185731561845357,-1.1856793706040252,-0.011497897746499092,2.861645349582314,0.9955971658881752,1,0,0,1,1,0,0,1,1,0,0,0,1,1,0,1,1,0,1,1
-1.3593946153415164,0.26156994320319593,-0.9773863300496669,0.6681846485863079,1.2298252225856356,1.9625681249901703,0,1,0,1,1,0,0,1,0,1,0,1,0,1,2,1,2,1,0,0
0.8462825903756406,1.3934440780291084,-0.4219382219047114,-1.370862990412113,-1.2179049679093814,0.9955971658881752,0,1,0,1,0,1,0,1,1,0,0,1,0,1,2,0,0,1,0,1
-0.17172227380150873,-1.131505915044081,1.1749750890120354,-1.370862990412113,-1.2179049679093814,0.028626206786179966,0,1,0,1,1,0,0,1,1,0,0,0,1,0,1,2,1,1,1,0
0.5069476356499242,0.6098389077650151,0.8972510349395577,0.6681846485863079,0.4139151590872966,0.028626206786179966,0,1,0,1,1,0,0,1,1,0,0,1,0,0,1,2,1,2,0,0
0.6766151130127824,0.43570442548410554,-1.4634034246765029,-0.011497897746499092,0.4139151590872966,0.028626206786179966,1,0,0,1,0,1,1,0,1,0,0,1,0,0,1,1,1,0,1,1
0.16761268092420772,-1.4797748796059,-1.4634034246765029,-0.011497897746499092,-0.40199490441104246,0.028626206786179966,1,0,1,0,0,1,0,1,1,0,0,0,1,1,0,0,1,1,1,1
0.5069476356499242,0.7839733900459247,-1.324541397640264,-0.011497897746499092,2.045735286083975,0.9955971658881752,1,0,1,0,0,1,0,1,1,0,0,0,1,0,0,0,1,0,2,0
-1.6987295700672327,-0.609102468201352,-1.1856793706040252,1.3478671949191148,2.861645349582314,0.028626206786179966,0,1,1,0,0,1,0,1,1,0,1,0,0,1,0,0,0,1,0,1
-0.5110572285272252,0.34863718434365076,0.6889579943851994,-0.691180444079306,-0.40199490441104246,-0.9383447523158153,1,0,0,1,1,0,0,1,1,0,0,0,1,0,2,1,1,0,1,0
-1.189727137978658,-0.609102468201352,-1.6716964652308612,-0.011497897746499092,-0.40199490441104246,0.9955971658881752,0,1,0,1,0,1,0,1,1,0,0,0,1,1,1,1,0,1,2,0
-0.6807247058900834,1.132242354607744,-0.6996622759771891,-1.370862990412113,-1.2179049679093814,0.028626206786179966,1,0,0,1,0,1,0,1,1,0,1,0,0,0,2,0,1,1,0,0
1.6946199771899317,-1.2185731561845357,-1.5328344381946224,-0.691180444079306,0.4139151590872966,-0.9383447523158153,0,1,0,1,1,0,1,0,1,0,0,0,1,1,2,0,0,1,0,0
-1.189727137978658,-1.131505915044081,0.06407887272212458,-0.011497897746499092,0.4139151590872966,1.9625681249901703,0,1,1,0,0,1,0,1,1,0,0,1,0,2,2,1,0,1,0,0
-0.5110572285272252,-1.131505915044081,0.4806649538308412,0.6681846485863079,-1.2179049679093814,0.9955971658881752,1,0,0,1,1,0,0,1,1,0,0,0,1,2,1,1,1,1,0,0
-0.17172227380150873,-0.6961697093418069,-1.1856793706040252,0.6681846485863079,-1.2179049679093814,0.028626206786179966,1,0,0,1,0,1,0,1,1,0,0,1,0,1,0,1,1,0,0,0
0.6766151130127824,0.69690614890547,-0.2830761948684726,-0.011497897746499092,-0.40199490441104246,0.028626206786179966,0,1,0,1,0,1,1,0,1,0,0,1,0,1,0,0,0,2,1,1
-0.17172227380150873,-0.609102468201352,-1.6022654517127417,-0.691180444079306,-0.40199490441104246,0.028626206786179966,0,1,0,1,1,0,0,1,1,0,0,0,1,2,1,1,1,1,0,0
-1.0200596606158,-0.5220352270608973,1.730423197156991,0.6681846485863079,-0.40199490441104246,0.028626206786179966,0,1,0,1,1,0,0,1,1,0,0,1,0,2,1,1,0,1,1,0
1.8642874545527899,0.7839733900459247,-1.2551103841221445,-0.011497897746499092,-0.40199490441104246,-0.9383447523158153,1,0,0,1,0,1,0,1,1,0,0,0,1,1,1,1,2,0,1,1
-0.002054796438650507,0.08743546092228634,-0.49136923542283084,0.6681846485863079,-1.2179049679093814,0.028626206786179966,0,1,0,1,0,1,0,1,1,0,0,1,0,1,2,1,1,1,1,0
1.5249524998270736,-0.7832369504822617,1.1749750890120354,-0.011497897746499092,-0.40199490441104246,0.028626206786179966,1,0,0,1,1,0,0,1,1,0,0,0,1,2,1,0,0,1,0,0
-0.17172227380150873,-0.8703041916227164,0.7583890079033189,1.3478671949191148,0.4139151590872966,-0.9383447523158153,0,1,0,1,0,1,0,1,0,1,0,1,0,1,0,0,2,1,0,0
1.3552850224642152,-1.044438673903626,1.6609921836388715,0.6681846485863079,-0.40199490441104246,0.028626206786179966,1,0,0,1,0,1,0,1,1,0,0,1,0,0,2,1,2,1,0,0
-0.5110572285272252,-0.08669902135862327,-0.5608002489409503,-0.011497897746499092,-0.40199490441104246,0.028626206786179966,1,0,1,0,1,0,0,1,1,0,0,0,1,1,1,0,0,1,0,0
0.16761268092420772,1.2193095957481987,1.6609921836388715,-0.691180444079306,-0.40199490441104246,-0.9383447523158153,0,1,1,0,1,0,0,1,1,0,0,1,0,1,2,1,1,2,0,0
0.5069476356499242,1.045175113467289,-0.2830761948684726,-0.691180444079306,0.4139151590872966,-0.9383447523158153,0,1,0,1,0,1,0,1,1,0,0,0,1,0,2,2,0,1,0,1
0.3372801582870659,1.567578560310018,1.244406102530155,-0.691180444079306,2.045735286083975,0.9955971658881752,1,0,0,1,0,1,0,1,1,0,0,1,0,1,1,1,0,1,0,0
-0.6807247058900834,0.17450270206274113,-0.1442141678322337,0.6681846485863079,1.2298252225856356,-1.9053157114178105,0,1,0,1,0,1,0,1,1,0,0,0,1,0,2,0,0,2,1,0
-0.8503921832529416,0.34863718434365076,1.1749750890120354,-0.691180444079306,1.2298252225856356,0.028626206786179966,1,0,0,1,0,1,0,1,1,0,0,0,1,0,1,1,1,1,1,0
0.3372801582870659,1.2193095957481987,0.4112339403127217,-0.011497897746499092,0.4139151590872966,0.9955971658881752,0,1,0,1,0,1,0,1,1,0,0,1,0,0,2,1,1,2,0,2
0.6766151130127824,1.2193095957481987,-0.005352140795994853,-0.691180444079306,-0.40199490441104246,0.9955971658881752,1,0,0,1,0,1,0,1,1,0,1,0,0,0,1,0,0,2,0,0
-1.3593946153415164,-1.131505915044081,-1.2551103841221445,1.3478671949191148,-1.2179049679093814,-0.9383447523158153,0,1,1,0,0,1,0,1,1,0,0,0,1,2,1,0,0,1,1,1
-0.5110572285272252,-1.131505915044081,-0.2830761948684726,-2.05054553674492,1.2298252225856356,-0.9383447523158153,1,0,0,1,0,1,0,1,1,0,1,0,0,1,1,1,1,2,0,1
1.5249524998270736,-1.3056403973249906,1.1749750890120354,-2.05054553674492,-1.2179049679093814,0.9955971658881752,1,0,1,0,0,1,1,0,1,0,0,0,1,0,1,1,1,1,0,0
-0.17172227380150873,-0.08669902135862327,-1.1162483570859056,2.0275497412519217,-0.40199490441104246,0.028626206786179966,0,1,0,1,0,1,0,1,0,1,0,1,0,2,1,0,1,1,1,1
0.16761268092420772,1.567578560310018,-1.3939724111583836,-0.691180444079306,-0.40199490441104246,0.028626206786179966,0,1,0,1,0,1,0,1,1,0,0,0,1,2,0,0,1,1,0,0
-1.5290620927043745,-1.044438673903626,0.3418029267946023,-0.691180444079306,0.4139151590872966,0.028626206786179966,1,0,0,1,1,0,0,1,1,0,0,0,1,1,1,1,1,1,1,1
1.185617545101357,1.3063768368886535,-1.2551103841221445,0.6681846485863079,-0.40199490441104246,0.028626206786179966,1,0,1,0,0,1,0,1,1,0,0,0,1,1,1,2,1,0,0,1
1.015950067738499,0.08743546092228634,-1.0468173435677863,0.6681846485863079,0.4139151590872966,1.9625681249901703,1,0,0,1,1,0,0,1,1,0,0,0,1,2,0,2,0,2,2,0
-0.17172227380150873,-1.566842120746355,0.4806649538308412,-0.011497897746499092,-1.2179049679093814,1.9625681249901703,0,1,1,0,1,0,0,1,0,1,0,1,0,2,1,0,0,0,2,0
-0.17172227380150873,-1.044438673903626,1.5221301566026326,2.0275497412519217,-1.2179049679093814,0.028626206786179966,1,0,0,1,1,0,1,0,1,0,0,0,1,0,2,0,0,1,1,2
-1.5290620927043745,1.2193095957481987,1.3138371160482742,0.6681846485863079,0.4139151590872966,-0.9383447523158153,0,1,0,1,0,1,0,1,1,0,0,0,1,0,0,1,0,1,1,0
-0.002054796438650507,-1.3927076384654453,-1.5328344381946224,0.6681846485863079,-0.40199490441104246,-0.9383447523158153,0,1,0,1,0,1,0,1,1,0,0,0,1,1,0,0,0,1,0,0
-0.8503921832529416,-1.044438673903626,1.3832681295663938,-1.370862990412113,-0.40199490441104246,-0.9383447523158153,1,0,1,0,1,0,0,1,0,1,0,0,1,1,2,2,1,1,1,0
-1.189727137978658,-0.5220352270608973,1.591561170120752,0.6681846485863079,-0.40199490441104246,-0.9383447523158153,0,1,0,1,0,1,0,1,1,0,1,0,0,1,2,2,2,2,0,0
-0.17172227380150873,-1.3056403973249906,-1.4634034246765029,0.6681846485863079,-1.2179049679093814,0.028626206786179966,1,0,1,0,0,1,0,1,1,0,0,1,0,1,2,1,0,2,0,2
0.6766151130127824,1.2193095957481987,-1.0468173435677863,0.6681846485863079,-1.2179049679093814,0.028626206786179966,0,1,0,1,1,0,0,1,1,0,0,1,0,0,1,0,1,1,0,0
0.5069476356499242,0.9581078723268344,0.9666820484576771,-0.691180444079306,1.2298252225856356,0.028626206786179966,0,1,1,0,0,1,0,1,1,0,1,0,0,2,1,1,1,1,2,0
-0.341389751164367,-0.6961697093418069,1.244406102530155,-0.011497897746499092,-0.40199490441104246,0.028626206786179966,1,0,0,1,0,1,0,1,1,0,0,0,1,1,1,1,1,1,1,0
1.5249524998270736,1.045175113467289,-0.8385243030134281,2.0275497412519217,-0.40199490441104246,0.9955971658881752,0,1,1,0,0,1,0,1,1,0,1,0,0,1,1,2,0,2,0,1
-0.341389751164367,0.6098389077650151,-1.0468173435677863,2.0275497412519217,0.4139151590872966,0.028626206786179966,1,0,0,1,0,1,0,1,1,0,0,0,1,1,0,2,1,1,0,0
0.6766151130127824,-0.8703041916227164,-1.1162483570859056,0.6681846485863079,0.4139151590872966,1.9625681249901703,0,1,0,1,1,0,0,1,1,0,0,0,1,1,2,0,0,2,0,0
-0.8503921832529416,-0.34790074477998767,0.27237191327648286,-1.370862990412113,2.045735286083975,0.9955971658881752,1,0,0,1,0,1,0,1,1,0,0,1,0,2,2,1,1,1,2,1
0.8462825903756406,0.43570442548410554,0.20294089975836344,-0.691180444079306,0.4139151590872966,-1.9053157114178105,1,0,0,1,1,0,0,1,1,0,0,1,0,2,1,0,1,2,0,2
0.3372801582870659,1.3063768368886535,-0.4219382219047114,-0.691180444079306,-0.40199490441104246,0.028626206786179966,1,0,0,1,0,1,0,1,1,0,0,0,1,1,2,1,0,1,1,0
-0.8503921832529416,-1.131505915044081,-0.6996622759771891,-1.370862990412113,2.045735286083975,-0.9383447523158153,0,1,1,0,0,1,0,1,1,0,1,0,0,0,1,1,1,1,1,0
-0.341389751164367,-0.7832369504822617,1.244406102530155,1.3478671949191148,-0.40199490441104246,0.9955971658881752,0,1,1,0,0,1,0,1,1,0,0,1,0,2,2,1,0,2,1,1
-0.6807247058900834,-0.34790074477998767,0.8972510349395577,-0.011497897746499092,-1.2179049679093814,-0.9383447523158153,0,1,0,1,1,0,0,1,1,0,0,0,1,1,0,2,0,1,2,0
0.3372801582870659,-0.609102468201352,-0.5608002489409503,-0.011497897746499092,1.2298252225856356,-0.9383447523158153,0,1,1,0,0,1,0,1,1,0,0,0,1,0,1,1,2,1,0,2
-0.6807247058900834,-0.08669902135862327,0.27237191327648286,-0.011497897746499092,0.4139151590872966,-0.9383447523158153,0,1,0,1,0,1,0,1,1,0,0,0,1,2,1,2,2,2,0,1
1.185617545101357,1.4805113191695631,-0.6302312624590697,1.3478671949191148,-0.40199490441104246,0.028626206786179966,0,1,0,1,0,1,0,1,1,0,0,0,1,2,2,0,0,1,0,2
-0.002054796438650507,-0.609102468201352,-0.07478315431411428,0.6681846485863079,-0.40199490441104246,0.9955971658881752,0,1,1,0,0,1,0,1,1,0,1,0,0,2,2,0,0,0,0,1
0.3372801582870659,-0.609102468201352,-0.352507208386592,-0.011497897746499092,0.4139151590872966,0.028626206786179966,0,1,0,1,0,1,1,0,1,0,0,0,1,2,1,0,0,1,1,0
-0.5110572285272252,0.6098389077650151,-0.49136923542283084,-0.011497897746499092,-0.40199490441104246,-0.9383447523158153,0,1,0,1,0,1,0,1,1,0,0,0,1,2,2,2,1,2,0,0
0.16761268092420772,-1.3927076384654453,0.4806649538308412,1.3478671949191148,0.4139151590872966,0.028626206786179966,0,1,0,1,1,0,0,1,1,0,0,1,0,1,1,1,0,1,1,1
1.3552850224642152,-1.3927076384654453,0.61952698086708,-0.691180444079306,0.4139151590872966,-0.9383447523158153,0,1,1,0,0,1,0,1,1,0,0,0,1,1,2,0,1,1,2,0
0.5069476356499242,-0.34790074477998767,0.6889579943851994,-1.370862990412113,-0.40199490441104246,0.028626206786179966,1,0,0,1,0,1,0,1,1,0,0,1,0,1,0,1,1,0,0,0
0.6766151130127824,0.26156994320319593,0.6889579943851994,-0.691180444079306,-0.40199490441104246,0.9955971658881752,1,0,0,1,1,0,0,1,1,0,0,1,0,0,2,0,0,2,0,1
-1.189727137978658,0.17450270206274113,-1.324541397640264,0.6681846485863079,0.4139151590872966,0.028626206786179966,0,1,1,0,1,0,0,1,1,0,0,1,0,1,2,0,0,2,2,0
-0.002054796438650507,0.26156994320319593,0.8278200214214383,1.3478671949191148,-1.2179049679093814,-0.9383447523158153,0,1,0,1,0,1,0,1,1,0,0,1,0,2,1,0,2,1,0,0
0.3372801582870659,1.2193095957481987,-0.005352140795994853,-0.011497897746499092,0.4139151590872966,-0.9383447523158153,1,0,0,1,0,1,0,1,1,0,0,1,0,0,1,2,2,1,1,0
0.3372801582870659,1.4805113191695631,-0.005352140795994853,0.6681846485863079,-0.40199490441104246,0.9955971658881752,0,1,1,0,1,0,0,1,1,0,0,0,1,0,1,1,1,1,2,0
-1.5290620927043745,0.17450270206274113,-0.9773863300496669,-0.691180444079306,0.4139151590872966,-0.9383447523158153,1,0,0,1,1,0,0,1,1,0,0,1,0,0,0,0,1,1,0,0
0.8462825903756406,1.045175113467289,-0.07478315431411428,-2.05054553674492,1.2298252225856356,-0.9383447523158153,1,0,0,1,0,1,0,1,0,1,0,0,1,1,1,1,0,2,0,1
-0.002054796438650507,-0.7832369504822617,-0.6302312624590697,1.3478671949191148,-0.40199490441104246,1.9625681249901703,1,0,1,0,0,1,0,1,0,1,1,0,0,1,1,1,1,0,1,0
-0.6807247058900834,-1.566842120746355,-0.1442141678322337,-0.011497897746499092,1.2298252225856356,0.028626206786179966,1,0,0,1,1,0,0,1,1,0,1,0,0,1,1,0,2,1,0,0
0.5069476356499242,0.7839733900459247,0.8972510349395577,1.3478671949191148,-0.40199490441104246,1.9625681249901703,0,1,0,1,1,0,0,1,1,0,0,1,0,0,1,2,2,1,2,0
1.8642874545527899,1.3934440780291084,1.452699143084513,-1.370862990412113,1.2298252225856356,-0.9383447523158153,1,0,1,0,1,0,0,1,1,0,0,1,0,1,0,0,0,2,1,0
-1.0200596606158,0.17450270206274113,-0.6996622759771891,0.6681846485863079,-0.40199490441104246,0.028626206786179966,0,1,1,0,1,0,0,1,1,0,0,0,1,1,1,1,0,1,1,0
-0.341389751164367,1.6546458014504728,0.7583890079033189,-0.011497897746499092,-0.40199490441104246,0.9955971658881752,1,0,0,1,0,1,1,0,1,0,0,1,0,1,1,1,2,1,0,1
0.16761268092420772,-1.131505915044081,-1.3939724111583836,-0.011497897746499092,0.4139151590872966,0.028626206786179966,1,0,1,0,0,1,0,1,1,0,0,0,1,0,2,2,2,2,0,1
0.3372801582870659,1.567578560310018,-1.324541397640264,-0.011497897746499092,-0.40199490441104246,-1.9053157114178105,1,0,1,0,1,0,0,1,1,0,0,1,0,0,1,2,2,1,1,0
1.6946199771899317,1.3934440780291084,-1.6022654517127417,2.0275497412519217,-1.2179049679093814,0.9955971658881752,1,0,0,1,0,1,0,1,1,0,0,0,1,2,1,1,2,2,1,1
-1.5290620927043745,-1.044438673903626,-1.7411274787489806,0.6681846485863079,0.4139151590872966,0.9955971658881752,1,0,1,0,0,1,0,1,1,0,0,0,1,0,2,0,0,2,0,0
-0.002054796438650507,0.5227716666245603,0.3418029267946023,0.6681846485863079,0.4139151590872966,-0.9383447523158153,0,1,0,1,0,1,0,1,1,0,0,1,0,1,1,2,1,1,1,0
-0.341389751164367,0.7839733900459247,-0.21364518135035315,-1.370862990412113,1.2298252225856356,0.028626206786179966,0,1,0,1,1,0,0,1,1,0,0,0,1,2,1,0,1,1,1,1
-0.8503921832529416,-0.8703041916227164,0.6889579943851994,-0.691180444079306,-1.2179049679093814,-0.9383447523158153,0,1,1,0,1,0,0,1,1,0,0,0,1,2,2,2,0,1,1,1
-0.341389751164367,-1.044438673903626,0.8278200214214383,-0.011497897746499092,1.2298252225856356,0.9955971658881752,0,1,0,1,0,1,0,1,1,0,0,0,1,2,2,2,1,1,0,0
0.16761268092420772,1.045175113467289,0.06407887272212458,-0.691180444079306,0.4139151590872966,1.9625681249901703,0,1,0,1,1,0,0,1,1,0,0,0,1,2,0,0,0,1,1,0
-1.189727137978658,1.6546458014504728,-1.4634034246765029,-0.011497897746499092,1.2298252225856356,0.028626206786179966,0,1,0,1,1,0,0,1,1,0,1,0,0,0,1,2,2,1,0,2
-1.5290620927043745,-0.17376626249907806,-0.8385243030134281,0.6681846485863079,-0.40199490441104246,0.028626206786179966,1,0,0,1,1,0,0,1,1,0,0,1,0,2,2,0,0,1,0,0
0.3372801582870659,-1.131505915044081,-0.2830761948684726,-0.691180444079306,0.4139151590872966,-0.9383447523158153,0,1,0,1,1,0,0,1,1,0,0,0,1,2,1,0,1,1,1,1
-0.341389751164367,1.3063768368886535,-1.7411274787489806,-0.011497897746499092,1.2298252225856356,0.028626206786179966,1,0,1,0,0,1,0,1,1,0,0,1,0,0,0,0,1,1,0,1
-0.002054796438650507,1.4805113191695631,1.244406102530155,-0.691180444079306,-0.40199490441104246,-1.9053157114178105,0,1,0,1,0,1,0,1,1,0,0,0,1,2,0,0,2,2,1,2
-0.341389751164367,0.6098389077650151,-0.9773863300496669,-1.370862990412113,0.4139151590872966,-1.9053157114178105,0,1,0,1,1,0,0,1,1,0,0,0,1,1,1,2,1,1,0,0
-1.3593946153415164,0.17450270206274113,1.452699143084513,-0.691180444079306,-1.2179049679093814,0.9955971658881752,0,1,1,0,0,1,0,1,0,1,0,0,1,2,1,2,0,0,1,0
1.6946199771899317,-0.4349679859204425,-0.1442141678322337,0.6681846485863079,-0.40199490441104246,0.028626206786179966,0,1,0,1,1,0,0,1,1,0,1,0,0,1,1,2,1,1,1,0
-0.6807247058900834,0.0003682197818315326,-0.1442141678322337,1.3478671949191148,0.4139151590872966,0.9955971658881752,0,1,1,0,1,0,0,1,1,0,1,0,0,1,1,1,1,1,1,0
0.5069476356499242,1.3934440780291084,1.244406102530155,-0.691180444079306,2.861645349582314,0.9955971658881752,1,0,0,1,0,1,0,1,1,0,1,0,0,0,2,0,0,1,0,0
0.3372801582870659,-0.2608335036395329,-0.49136923542283084,0.6681846485863079,1.2298252225856356,0.9955971658881752,0,1,0,1,0,1,0,1,1,0,0,0,1,0,1,1,2,2,0,1
-2.2077320021558076,1.3934440780291084,1.105544075493916,1.3478671949191148,-1.2179049679093814,0.9955971658881752,0,1,0,1,1,0,0,1,1,0,0,1,0,1,2,1,0,1,1,0
0.5069476356499242,0.8710406311863795,-1.5328344381946224,-1.370862990412113,0.4139151590872966,-0.9383447523158153,1,0,1,0,1,0,0,1,1,0,0,0,1,1,2,1,1,2,0,0
-0.8503921832529416,1.3063768368886535,1.6609921836388715,-0.011497897746499092,-1.2179049679093814,-0.9383447523158153,1,0,0,1,0,1,0,1,1,0,0,1,0,0,1,0,2,2,0,0
0.8462825903756406,-0.9573714327631713,-1.6022654517127417,-0.011497897746499092,-0.40199490441104246,0.9955971658881752,0,1,0,1,0,1,0,1,1,0,0,0,1,2,0,2,0,1,0,1
0.3372801582870659,-0.34790074477998767,-1.2551103841221445,2.0275497412519217,-0.40199490441104246,0.028626206786179966,0,1,1,0,0,1,0,1,1,0,0,1,0,1,1,1,1,2,0,2
0.3372801582870659,1.6546458014504728,-0.005352140795994853,-2.05054553674492,0.4139151590872966,0.9955971658881752,1,0,1,0,1,0,0,1,1,0,1,0,0,2,2,0,1,1,0,0
-1.189727137978658,1.6546458014504728,-1.1856793706040252,-0.011497897746499092,-0.40199490441104246,-0.9383447523158153,0,1,0,1,0,1,0,1,1,0,0,1,0,1,1,1,0,1,0,0
-1.189727137978658,-1.2185731561845357,1.591561170120752,-0.691180444079306,-0.40199490441104246,-0.9383447523158153,0,1,0,1,1,0,0,1,1,0,0,0,1,2,2,0,2,2,0,0
1.185617545101357,-1.3927076384654453,-0.352507208386592,-1.370862990412113,-1.2179049679093814,0.9955971658881752,1,0,0,1,0,1,0,1,1,0,0,0,1,0,1,1,0,2,0,0
0.5069476356499242,-0.8703041916227164,1.3138371160482742,-0.011497897746499092,1.2298252225856356,0.028626206786179966,1,0,0,1,1,0,0,1,1,0,0,1,0,1,2,0,1,2,0,0
0.16761268092420772,1.132242354607744,0.20294089975836344,0.6681846485863079,-1.2179049679093814,0.028626206786179966,0,1,1,0,0,1,1,0,1,0,0,1,0,1,1,1,0,1,0,0
-0.002054796438650507,-1.566842120746355,1.591561170120752,-2.05054553674492,-0.40199490441104246,0.9955971658881752,0,1,0,1,1,0,0,1,1,0,1,0,0,1,1,2,2,0,0,0
-2.0380645247929494,-1.2185731561845357,0.5500959673489606,0.6681846485863079,-1.2179049679093814,0.9955971658881752,0,1,1,0,0,1,0,1,1,0,0,0,1,2,2,1,0,1,1,0
-0.002054796438650507,0.0003682197818315326,-1.1856793706040252,-0.011497897746499092,-1.2179049679093814,-0.9383447523158153,1,0,0,1,0,1,1,0,1,0,0,1,0,1,2,0,1,1,1,0
0.16761268092420772,-0.2608335036395329,1.6609921836388715,-0.011497897746499092,1.2298252225856356,0.028626206786179966,0,1,0,1,1,0,0,1,1,0,0,1,0,0,1,2,1,2,2,0
-1.3593946153415164,0.0003682197818315326,-0.2830761948684726,1.3478671949191148,-0.40199490441104246,0.028626206786179966,1,0,1,0,1,0,0,1,0,1,0,0,1,0,0,2,0,0,0,1
-1.6987295700672327,-0.7832369504822617,0.7583890079033189,-0.691180444079306,-0.40199490441104246,-0.9383447523158153,0,1,0,1,0,1,0,1,0,1,1,0,0,1,2,1,1,0,2,0
-0.8503921832529416,0.69690614890547,-1.3939724111583836,0.6681846485863079,-0.40199490441104246,-0.9383447523158153,0,1,1,0,1,0,0,1,1,0,0,1,0,2,1,1,2,2,0,0
-0.8503921832529416,-1.3056403973249906,-1.324541397640264,-0.011497897746499092,1.2298252225856356,0.028626206786179966,1,0,1,0,0,1,1,0,0,1,0,0,1,2,0,1,2,1,0,0
0.3372801582870659,0.8710406311863795,-0.21364518135035315,-0.691180444079306,-1.2179049679093814,0.9955971658881752,0,1,0,1,0,1,0,1,1,0,0,1,0,1,0,1,0,1,1,0
0.8462825903756406,-0.2608335036395329,-1.4634034246765029,-0.011497897746499092,0.4139151590872966,-1.9053157114178105,0,1,0,1,0,1,0,1,1,0,0,1,0,0,1,1,1,1,1,1
-1.868397047430091,1.3934440780291084,-0.8385243030134281,1.3478671949191148,-0.40199490441104246,-1.9053157114178105,0,1,1,0,0,1,0,1,1,0,0,1,0,1,2,1,2,1,0,0
0.6766151130127824,0.0003682197818315326,0.5500959673489606,1.3478671949191148,-0.40199490441104246,-1.9053157114178105,0,1,0,1,0,1,0,1,1,0,1,0,0,0,2,1,0,0,0,0
0.3372801582870659,1.567578560310018,-0.4219382219047114,0.6681846485863079,2.045735286083975,-0.9383447523158153,1,0,1,0,0,1,0,1,1,0,0,0,1,1,0,1,2,1,0,0
-0.17172227380150873,-0.34790074477998767,-1.5328344381946224,0.6681846485863079,-0.40199490441104246,0.9955971658881752,1,0,0,1,0,1,0,1,1,0,1,0,0,2,1,1,1,1,1,0
-0.5110572285272252,-1.131505915044081,0.61952698086708,-0.691180444079306,-0.40199490441104246,0.028626206786179966,1,0,0,1,0,1,0,1,1,0,0,1,0,1,1,2,2,2,2,1
0.16761268092420772,0.26156994320319593,0.20294089975836344,-0.691180444079306,0.4139151590872966,0.028626206786179966,1,0,0,1,1,0,0,1,0,1,0,0,1,2,1,1,2,2,0,0
2.0339549319156482,0.5227716666245603,-0.49136923542283084,-1.370862990412113,-0.40199490441104246,0.9955971658881752,0,1,0,1,0,1,0,1,1,0,1,0,0,1,1,0,1,1,0,1
-0.17172227380150873,-0.9573714327631713,1.591561170120752,-1.370862990412113,-1.2179049679093814,0.9955971658881752,0,1,0,1,0,1,0,1,1,0,0,1,0,2,1,1,2,1,0,1
-1.0200596606158,-0.9573714327631713,1.1749750890120354,-1.370862990412113,1.2298252225856356,-0.9383447523158153,1,0,0,1,0,1,0,1,1,0,1,0,0,1,1,2,0,0,2,1
-2.716734434244382,-0.609102468201352,1.5221301566026326,-1.370862990412113,-0.40199490441104246,-1.9053157114178105,0,1,0,1,0,1,0,1,1,0,1,0,0,0,1,2,0,2,0,0
-1.6987295700672327,-0.4349679859204425,1.0361130619757966,0.6681846485863079,0.4139151590872966,-0.9383447523158153,0,1,0,1,0,1,0,1,1,0,0,0,1,1,2,1,0,1,2,1
-0.5110572285272252,-1.566842120746355,-1.4634034246765029,-0.691180444079306,0.4139151590872966,0.028626206786179966,0,1,0,1,0,1,0,1,1,0,0,1,0,2,0,0,1,2,1,0
-0.17172227380150873,-1.131505915044081,-0.9773863300496669,-0.011497897746499092,-0.40199490441104246,0.9955971658881752,1,0,1,0,1,0,0,1,1,0,0,1,0,1,0,2,1,1,1,1
-0.002054796438650507,1.4805113191695631,0.4112339403127217,-0.011497897746499092,1.2298252225856356,0.028626206786179966,0,1,0,1,1,0,0,1,0,1,0,1,0,1,1,1,1,2,1,0
1.015950067738499,0.08743546092228634,-0.6996622759771891,-0.011497897746499092,-0.40199490441104246,0.028626206786179966,0,1,0,1,1,0,0,1,1,0,0,1,0,0,1,0,1,1,0,2
-0.8503921832529416,0.5227716666245603,0.133509886240244,0.6681846485863079,-1.2179049679093814,0.028626206786179966,0,1,0,1,0,1,0,1,1,0,0,0,1,2,1,1,1,1,2,0
-0.341389751164367,1.6546458014504728,1.6609921836388715,-0.691180444079306,-1.2179049679093814,0.028626206786179966,0,1,0,1,1,0,0,1,1,0,0,1,0,1,1,1,0,1,0,1
1.6946199771899317,1.3934440780291084,-0.07478315431411428,-2.05054553674492,-1.2179049679093814,0.028626206786179966,0,1,0,1,0,1,1,0,1,0,1,0,0,1,0,2,0,0,0,1
-2.716734434244382,-1.6539093618868097,-0.8385243030134281,-0.691180444079306,2.045735286083975,0.028626206786179966,0,1,0,1,0,1,0,1,1,0,0,1,0,0,2,1,1,1,0,1
-0.17172227380150873,-0.5220352270608973,-1.2551103841221445,-0.691180444079306,-0.40199490441104246,-0.9383447523158153,1,0,1,0,0,1,0,1,1,0,0,0,1,1,2,2,1,1,0,0
0.5069476356499242,0.26156994320319593,0.6889579943851994,0.6681846485863079,0.4139151590872966,-0.9383447523158153,0,1,1,0,1,0,0,1,0,1,0,1,0,0,0,1,0,1,0,0
-1.189727137978658,-0.17376626249907806,0.4806649538308412,-0.011497897746499092,-1.2179049679093814,-0.9383447523158153,1,0,0,1,1,0,0,1,1,0,0,1,0,1,2,2,0,2,1,1
-1.3593946153415164,0.0003682197818315326,-1.1162483570859056,-0.011497897746499092,-0.40199490441104246,-0.9383447523158153,1,0,0,1,0,1,0,1,1,0,0,0,1,1,1,2,0,2,0,0
0.16761268092420772,1.2193095957481987,1.0361130619757966,0.6681846485863079,-0.40199490441104246,0.9955971658881752,1,0,0,1,0,1,0,1,1,0,0,0,1,1,0,0,1,1,2,0
1.5249524998270736,-0.17376626249907806,1.452699143084513,-0.011497897746499092,2.861645349582314,0.9955971658881752,0,1,0,1,0,1,0,1,1,0,0,0,1,0,1,2,0,1,1,1
-1.868397047430091,1.7417130425909275,0.27237191327648286,-0.011497897746499092,-0.40199490441104246,-0.9383447523158153,0,1,0,1,1,0,0,1,1,0,0,0,1,0,0,1,0,1,2,0
-0.6807247058900834,-0.609102468201352,-0.2830761948684726,-0.691180444079306,0.4139151590872966,1.9625681249901703,0,1,0,1,0,1,0,1,1,0,0,0,1,1,0,1,2,2,1,0
-0.5110572285272252,-0.609102468201352,-0.49136923542283084,1.3478671949191148,0.4139151590872966,0.028626206786179966,1,0,0,1,0,1,0,1,0,1,0,0,1,0,1,0,1,1,1,0
0.6766151130127824,0.7839733900459247,-0.8385243030134281,-0.691180444079306,0.4139151590872966,0.028626206786179966,0,1,1,0,0,1,0,1,1,0,0,0,1,1,2,1,2,1,1,0
0.16761268092420772,-1.4797748796059,0.133509886240244,-0.691180444079306,1.2298252225856356,-1.9053157114178105,0,1,0,1,0,1,0,1,1,0,1,0,0,0,1,0,1,2,0,0
0.8462825903756406,-0.9573714327631713,-0.8385243030134281,-1.370862990412113,-0.40199490441104246,-0.9383447523158153,0,1,1,0,0,1,0,1,1,0,0,1,0,0,1,1,2,1,0,0
0.16761268092420772,0.0003682197818315326,0.6889579943851994,1.3478671949191148,-0.40199490441104246,0.028626206786179966,1,0,0,1,0,1,0,1,1,0,1,0,0,2,2,0,2,1,1,0
0.16761268092420772,0.26156994320319593,-0.005352140795994853,-1.370862990412113,-0.40199490441104246,0.9955971658881752,0,1,0,1,1,0,0,1,1,0,1,0,0,1,0,0,1,1,1,0
-0.5110572285272252,-1.131505915044081,-1.1162483570859056,-0.691180444079306,-1.2179049679093814,0.028626206786179966,1,0,0,1,1,0,0,1,1,0,1,0,0,1,1,1,1,1,0,0
-1.3593946153415164,-0.08669902135862327,-0.4219382219047114,1.3478671949191148,0.4139151590872966,0.028626206786179966,0,1,0,1,0,1,0,1,1,0,0,1,0,0,1,1,0,2,2,0
0.16761268092420772,-1.131505915044081,1.3832681295663938,1.3478671949191148,-0.40199490441104246,0.9955971658881752,0,1,1,0,0,1,0,1,1,0,0,0,1,1,1,2,1,1,0,0
-1.0200596606158,-0.08669902135862327,-0.07478315431411428,1.3478671949191148,-0.40199490441104246,0.9955971658881752,0,1,0,1,1,0,0,1,1,0,0,1,0,1,1,1,1,1,0,0
0.3372801582870659,1.132242354607744,-0.4219382219047114,-0.691180444079306,-1.2179049679093814,0.028626206786179966,0,1,0,1,0,1,0,1,0,1,1,0,0,1,2,2,2,0,0,0
-0.002054796438650507,-1.131505915044081,0.4806649538308412,0.6681846485863079,1.2298252225856356,0.9955971658881752,0,1,0,1,1,0,0,1,0,1,0,1,0,2,0,1,0,2,0,0
-0.8503921832529416,-0.5220352270608973,-1.0468173435677863,0.6681846485863079,1.2298252225856356,1.9625681249901703,0,1,0,1,1,0,0,1,1,0,0,0,1,2,2,0,0,1,0,1
-0.341389751164367,-0.17376626249907806,-0.5608002489409503,-0.011497897746499092,-1.2179049679093814,0.028626206786179966,0,1,0,1,1,0,1,0,1,0,1,0,0,2,1,0,2,1,1,1
0.8462825903756406,-0.34790074477998767,-1.5328344381946224,1.3478671949191148,-1.2179049679093814,0.028626206786179966,0,1,1,0,0,1,0,1,1,0,0,0,1,1,1,1,2,2,0,1
0.3372801582870659,-0.17376626249907806,-0.352507208386592,-1.370862990412113,0.4139151590872966,-1.9053157114178105,0,1,0,1,0,1,0,1,1,0,0,0,1,1,2,1,0,1,1,0
-0.341389751164367,-0.2608335036395329,1.730423197156991,-0.011497897746499092,0.4139151590872966,0.028626206786179966,0,1,1,0,1,0,0,1,0,1,0,0,1,0,1,1,2,2,0,0
-0.5110572285272252,-0.6961697093418069,1.452699143084513,-1.370862990412113,1.2298252225856356,0.028626206786179966,0,1,0,1,0,1,0,1,1,0,1,0,0,0,1,2,2,1,0,1
1.015950067738499,0.6098389077650151,0.4806649538308412,0.6681846485863079,-0.40199490441104246,-0.9383447523158153,0,1,0,1,0,1,0,1,1,0,1,0,0,1,1,2,0,1,2,0
-0.8503921832529416,-0.5220352270608973,1.1749750890120354,-2.05054553674492,-0.40199490441104246,0.028626206786179966,0,1,1,0,0,1,0,1,1,0,0,0,1,1,1,0,1,1,2,0
-1.0200596606158,-1.3056403973249906,-0.4219382219047114,1.3478671949191148,2.045735286083975,0.028626206786179966,0,1,0,1,1,0,0,1,1,0,0,1,0,1,2,0,1,1,1,0
0.5069476356499242,-0.2608335036395329,-0.4219382219047114,-0.691180444079306,-0.40199490441104246,-0.9383447523158153,1,0,1,0,0,1,0,1,1,0,0,0,1,1,2,0,1,1,0,1
0.8462825903756406,1.6546458014504728,-0.07478315431411428,1.3478671949191148,-0.40199490441104246,0.028626206786179966,0,1,1,0,1,0,0,1,1,0,1,0,0,1,2,1,1,2,0,0
1.015950067738499,-0.4349679859204425,-1.324541397640264,1.3478671949191148,-0.40199490441104246,1.9625681249901703,0,1,0,1,0,1,0,1,1,0,0,0,1,0,1,1,0,1,0,1
-0.341389751164367,-1.6539093618868097,-1.324541397640264,-0.691180444079306,1.2298252225856356,0.028626206786179966,0,1,0,1,0,1,0,1,1,0,0,1,0,1,1,1,0,1,0,1
-0.002054796438650507,-1.4797748796059,-0.1442141678322337,0.6681846485863079,-1.2179049679093814,0.028626206786179966,1,0,0,1,0,1,0,1,1,0,0,1,0,0,0,0,2,1,1,0
1.015950067738499,0.69690614890547,-0.5608002489409503,2.0275497412519217,-1.2179049679093814,0.028626206786179966,0,1,1,0,1,0,0,1,1,0,0,0,1,0,0,0,0,0,0,2
-0.341389751164367,1.3934440780291084,0.8972510349395577,-0.011497897746499092,-0.40199490441104246,0.028626206786179966,1,0,1,0,0,1,0,1,1,0,1,0,0,1,1,1,1,2,0,1
-0.5110572285272252,0.7839733900459247,-0.9079553165315475,0.6681846485863079,-0.40199490441104246,-1.9053157114178105,0,1,0,1,1,0,0,1,1,0,0,0,1,0,2,1,0,2,0,1
-0.6807247058900834,0.08743546092228634,-1.2551103841221445,-0.691180444079306,1.2298252225856356,0.028626206786179966,0,1,1,0,1,0,0,1,1,0,0,0,1,0,1,2,0,0,0,0
0.8462825903756406,-0.17376626249907806,1.105544075493916,0.6681846485863079,1.2298252225856356,0.9955971658881752,0,1,0,1,0,1,0,1,1,0,1,0,0,2,0,1,0,1,0,0
-2.3773994795186657,1.3063768368886535,1.452699143084513,-0.011497897746499092,2.045735286083975,-0.9383447523158153,1,0,0,1,0,1,0,1,1,0,0,1,0,2,1,1,0,1,0,1
0.3372801582870659,-1.6539093618868097,0.133509886240244,-0.691180444079306,-0.40199490441104246,0.9955971658881752,0,1,0,1,1,0,0,1,1,0,0,0,1,2,1,0,1,1,2,1
-0.002054796438650507,-0.9573714327631713,0.06407887272212458,-0.011497897746499092,-0.40199490441104246,0.028626206786179966,1,0,0,1,0,1,0,1,1,0,0,0,1,2,1,2,1,1,0,0
-0.341389751164367,-1.566842120746355,1.591561170120752,-0.691180444079306,1.2298252225856356,-1.9053157114178105,0,1,1,0,1,0,0,1,1,0,0,1,0,1,2,0,1,1,1,0
-0.17172227380150873,-1.3056403973249906,-0.4219382219047114,1.3478671949191148,2.045735286083975,-0.9383447523158153,0,1,0,1,1,0,0,1,1,0,0,1,0,2,0,1,0,2,1,2
0.3372801582870659,0.0003682197818315326,-0.2830761948684726,0.6681846485863079,0.4139151590872966,0.028626206786179966,1,0,1,0,0,1,0,1,1,0,0,0,1,1,1,2,0,1,0,0
0.8462825903756406,-1.3056403973249906,0.61952698086708,-2.05054553674492,-0.40199490441104246,-0.9383447523158153,0,1,0,1,0,1,0,1,1,0,0,0,1,2,1,2,2,1,0,0
0.5069476356499242,0.8710406311863795,1.3832681295663938,-1.370862990412113,0.4139151590872966,-0.9383447523158153,0,1,0,1,1,0,0,1,1,0,1,0,0,2,1,0,0,1,0,1
-0.5110572285272252,-0.4349679859204425,-1.5328344381946224,0.6681846485863079,-0.40199490441104246,0.028626206786179966,1,0,0,1,0,1,0,1,1,0,0,0,1,0,2,1,0,2,1,0
-0.17172227380150873,-0.34790074477998767,-0.6302312624590697,-0.691180444079306,-0.40199490441104246,0.028626206786179966,0,1,0,1,0,1,0,1,1,0,0,0,1,1,0,1,2,1,0,0
-1.6987295700672327,-0.2608335036395329,0.61952698086708,-0.011497897746499092,0.4139151590872966,-1.9053157114178105,0,1,1,0,1,0,0,1,1,0,0,1,0,2,2,0,0,2,0,2
-1.0200596606158,-0.8703041916227164,-1.5328344381946224,-0.011497897746499092,-1.2179049679093814,0.028626206786179966,0,1,0,1,0,1,0,1,1,0,1,0,0,1,2,0,1,1,0,1
1.015950067738499,0.0003682197818315326,0.7583890079033189,-2.05054553674492,-1.2179049679093814,0.9955971658881752,0,1,0,1,0,1,1,0,1,0,0,0,1,2,1,1,0,1,1,1
1.015950067738499,1.3934440780291084,-0.49136923542283084,-0.011497897746499092,1.2298252225856356,0.028626206786179966,1,0,1,0,0,1,0,1,1,0,0,0,1,1,1,1,2,1,1,0
0.8462825903756406,-1.044438673903626,-0.9079553165315475,-0.691180444079306,-0.40199490441104246,0.9955971658881752,1,0,1,0,1,0,0,1,1,0,1,0,0,0,1,0,0,2,1,1
0.8462825903756406,1.132242354607744,-1.0468173435677863,2.0275497412519217,-0.40199490441104246,0.028626206786179966,0,1,0,1,0,1,0,1,1,0,0,0,1,1,1,0,1,1,1,1
1.015950067738499,1.045175113467289,0.61952698086708,-1.370862990412113,-1.2179049679093814,-0.9383447523158153,0,1,0,1,1,0,0,1,1,0,0,1,0,2,2,2,1,2,2,0
0.5069476356499242,1.6546458014504728,0.3418029267946023,-0.011497897746499092,1.2298252225856356,-0.9383447523158153,0,1,1,0,0,1,0,1,1,0,0,1,0,1,1,0,0,0,0,0
1.8642874545527899,-1.044438673903626,0.7583890079033189,-0.011497897746499092,-0.40199490441104246,0.028626206786179966,1,0,1,0,1,0,0,1,1,0,0,0,1,2,1,0,0,1,0,1
-0.002054796438650507,0.6098389077650151,-0.005352140795994853,2.0275497412519217,1.2298252225856356,-0.9383447523158153,1,0,1,0,1,0,0,1,1,0,0,1,0,1,2,0,1,1,1,0
0.8462825903756406,-1.6539093618868097,-0.6996622759771891,1.3478671949191148,0.4139151590872966,0.9955971658881752,1,0,1,0,1,0,0,1,0,1,0,1,0,1,2,1,1,1,0,1
-2.2077320021558076,1.4805113191695631,1.5221301566026326,-0.691180444079306,1.2298252225856356,-0.9383447523158153,1,0,1,0,1,0,0,1,1,0,0,0,1,0,2,1,1,2,1,1
-0.8503921832529416,0.0003682197818315326,0.3418029267946023,0.6681846485863079,-0.40199490441104246,0.9955971658881752,1,0,0,1,1,0,0,1,1,0,0,1,0,2,1,1,0,1,0,1
-1.6987295700672327,0.0003682197818315326,1.244406102530155,-0.691180444079306,2.045735286083975,0.028626206786179966,1,0,0,1,0,1,0,1,1,0,1,0,0,2,1,2,1,1,1,1
1.8642874545527899,1.3934440780291084,-1.1162483570859056,-2.05054553674492,1.2298252225856356,1.9625681249901703,1,0,1,0,0,1,0,1,1,0,0,1,0,2,1,1,0,1,0,0
-2.2077320021558076,1.132242354607744,-1.6022654517127417,1.3478671949191148,-0.40199490441104246,0.028626206786179966,1,0,1,0,0,1,0,1,1,0,1,0,0,2,2,2,1,0,0,1
-1.0200596606158,-1.131505915044081,-1.5328344381946224,2.0275497412519217,0.4139151590872966,0.028626206786179966,0,1,0,1,1,0,0,1,1,0,0,1,0,1,1,1,2,1,1,0
0.3372801582870659,0.9581078723268344,-0.7690932894953085,0.6681846485863079,-0.40199490441104246,0.028626206786179966,0,1,0,1,0,1,0,1,0,1,0,0,1,1,1,1,0,2,0,1
0.3372801582870659,-0.08669902135862327,-0.2830761948684726,-0.011497897746499092,0.4139151590872966,-0.9383447523158153,0,1,1,0,0,1,0,1,1,0,0,1,0,1,1,1,0,1,1,1
-0.8503921832529416,1.045175113467289,-1.6716964652308612,-0.011497897746499092,-0.40199490441104246,0.028626206786179966,1,0,0,1,0,1,0,1,1,0,0,0,1,1,1,1,2,2,1,0
-0.002054796438650507,-0.8703041916227164,1.105544075493916,-0.011497897746499092,-0.40199490441104246,-0.9383447523158153,0,1,0,1,0,1,0,1,1,0,1,0,0,1,1,1,0,1,0,2
-0.17172227380150873,0.34863718434365076,0.61952698086708,-0.691180444079306,1.2298252225856356,-0.9383447523158153,0,1,0,1,0,1,0,1,1,0,0,1,0,1,1,1,1,2,2,1
0.8462825903756406,1.567578560310018,-1.324541397640264,0.6681846485863079,-1.2179049679093814,0.028626206786179966,0,1,1,0,0,1,1,0,1,0,0,1,0,0,2,1,1,2,2,0
-0.8503921832529416,-0.609102468201352,-0.9773863300496669,-1.370862990412113,-0.40199490441104246,-0.9383447523158153,0,1,1,0,1,0,1,0,1,0,0,0,1,1,2,0,0,2,2,1
1.015950067738499,-1.566842120746355,-0.4219382219047114,0.6681846485863079,0.4139151590872966,0.028626206786179966,1,0,0,1,0,1,0,1,1,0,0,0,1,1,1,1,1,2,1,1
-1.5290620927043745,0.26156994320319593,-0.8385243030134281,-1.370862990412113,0.4139151590872966,0.028626206786179966,0,1,0,1,0,1,0,1,1,0,0,1,0,1,1,1,0,1,1,0
-0.8503921832529416,-0.6961697093418069,-1.7411274787489806,0.6681846485863079,0.4139151590872966,0.9955971658881752,1,0,0,1,1,0,0,1,1,0,0,1,0,2,2,1,1,1,0,0
-0.8503921832529416,1.567578560310018,-0.2830761948684726,0.6681846485863079,-0.40199490441104246,0.028626206786179966,0,1,0,1,0,1,0,1,1,0,0,0,1,0,1,0,1,1,0,0
-1.3593946153415164,-0.7832369504822617,0.20294089975836344,-0.011497897746499092,1.2298252225856356,0.9955971658881752,1,0,0,1,0,1,0,1,1,0,0,0,1,2,2,2,0,1,1,1
1.015950067738499,0.8710406311863795,-0.6996622759771891,0.6681846485863079,1.2298252225856356,-0.9383447523158153,1,0,1,0,1,0,0,1,1,0,0,0,1,1,1,2,1,2,0,0
-0.17172227380150873,0.8710406311863795,0.4112339403127217,-0.011497897746499092,0.4139151590872966,-0.9383447523158153,1,0,1,0,1,0,0,1,1,0,0,0,1,0,2,1,1,1,0,0
0.3372801582870659,0.9581078723268344,-1.7411274787489806,-0.011497897746499092,0.4139151590872966,1.9625681249901703,0,1,0,1,0,1,0,1,1,0,0,0,1,2,2,1,0,1,2,1
-2.2077320021558076,-0.4349679859204425,1.591561170120752,-0.011497897746499092,-0.40199490441104246,0.028626206786179966,0,1,0,1,1,0,1,0,1,0,0,0,1,1,1,0,0,2,1,0
-0.002054796438650507,-1.3927076384654453,0.4806649538308412,0.6681846485863079,1.2298252225856356,0.028626206786179966,1,0,0,1,1,0,0,1,1,0,1,0,0,1,2,1,1,0,0,1
0.5069476356499242,1.567578560310018,0.3418029267946023,-0.691180444079306,-0.40199490441104246,-0.9383447523158153,0,1,0,1,0,1,0,1,1,0,0,0,1,2,1,1,1,1,0,1
0.16761268092420772,-0.8703041916227164,1.3138371160482742,-2.05054553674492,-1.2179049679093814,-0.9383447523158153,0,1,1,0,0,1,0,1,1,0,0,1,0,0,2,1,0,2,1,2
-0.341389751164367,1.4805113191695631,-0.352507208386592,-0.011497897746499092,-1.2179049679093814,-0.9383447523158153,1,0,0,1,1,0,0,1,0,1,0,1,0,0,1,0,2,1,0,0
-0.17172227380150873,-0.17376626249907806,0.06407887272212458,-0.011497897746499092,0.4139151590872966,0.028626206786179966,1,0,0,1,1,0,0,1,1,0,0,1,0,1,1,2,1,0,1,1
-0.17172227380150873,0.08743546092228634,-1.5328344381946224,1.3478671949191148,0.4139151590872966,0.028626206786179966,0,1,0,1,0,1,0,1,1,0,0,0,1,1,2,1,2,1,0,0
-1.5290620927043745,0.26156994320319593,-0.8385243030134281,-0.011497897746499092,1.2298252225856356,-0.9383447523158153,1,0,0,1,1,0,0,1,1,0,1,0,0,0,1,2,2,1,0,2
1.5249524998270736,0.26156994320319593,-0.9079553165315475,0.6681846485863079,2.045735286083975,1.9625681249901703,0,1,0,1,1,0,0,1,1,0,1,0,0,1,0,0,2,1,1,0
3.2216272734556557,-1.131505915044081,0.06407887272212458,-1.370862990412113,0.4139151590872966,0.9955971658881752,1,0,1,0,0,1,1,0,1,0,1,0,0,2,2,1,1,1,0,0
-0.6807247058900834,1.045175113467289,-0.8385243030134281,0.6681846485863079,0.4139151590872966,0.9955971658881752,0,1,0,1,0,1,0,1,1,0,0,1,0,0,2,1,0,1,1,1
-0.5110572285272252,-1.6539093618868097,0.4806649538308412,-0.691180444079306,-1.2179049679093814,0.9955971658881752,0,1,0,1,0,1,0,1,1,0,0,1,0,0,1,2,1,2,2,0
-0.8503921832529416,-0.7832369504822617,-1.0468173435677863,0.6681846485863079,-1.2179049679093814,0.028626206786179966,1,0,1,0,1,0,0,1,1,0,1,0,0,2,2,1,0,2,0,2
-0.5110572285272252,0.43570442548410554,0.61952698086708,-0.011497897746499092,1.2298252225856356,-0.9383447523158153,1,0,0,1,0,1,0,1,1,0,0,0,1,0,1,1,1,1,1,2
1.015950067738499,-0.34790074477998767,-1.6022654517127417,-0.691180444079306,2.045735286083975,0.028626206786179966,0,1,0,1,0,1,0,1,1,0,0,1,0,1,2,1,2,0,0,0
-0.002054796438650507,0.34863718434365076,-0.21364518135035315,0.6681846485863079,1.2298252225856356,0.028626206786179966,0,1,0,1,1,0,0,1,1,0,0,1,0,0,0,1,2,1,0,0
0.6766151130127824,0.69690614890547,-0.2830761948684726,1.3478671949191148,0.4139151590872966,0.028626206786179966,1,0,0,1,1,0,0,1,1,0,1,0,0,2,2,1,2,2,0,0
-1.0200596606158,0.34863718434365076,-0.352507208386592,0.6681846485863079,-0.40199490441104246,1.9625681249901703,0,1,0,1,0,1,0,1,1,0,0,1,0,1,1,1,0,2,1,0
0.6766151130127824,-1.3927076384654453,0.6889579943851994,-0.691180444079306,1.2298252225856356,-0.9383447523158153,0,1,0,1,1,0,0,1,1,0,0,0,1,1,0,1,1,1,2,1
-0.6807247058900834,-0.08669902135862327,-0.6302312624590697,-2.05054553674492,0.4139151590872966,-0.9383447523158153,0,1,0,1,0,1,0,1,1,0,0,1,0,1,2,2,1,1,1,1
0.8462825903756406,-0.4349679859204425,-0.8385243030134281,-0.691180444079306,1.2298252225856356,0.9955971658881752,0,1,1,0,0,1,0,1,1,0,0,1,0,1,1,0,2,1,0,0
-2.2077320021558076,-1.7409766030272644,-0.4219382219047114,2.0275497412519217,-1.2179049679093814,0.028626206786179966,1,0,1,0,0,1,0,1,1,0,0,0,1,1,2,0,0,1,1,1
1.5249524998270736,0.9581078723268344,0.8278200214214383,-0.011497897746499092,0.4139151590872966,0.9955971658881752,1,0,1,0,0,1,1,0,1,0,1,0,0,1,2,1,1,2,1,0
0.5069476356499242,1.2193095957481987,-0.005352140795994853,1.3478671949191148,1.2298252225856356,-0.9383447523158153,1,0,1,0,0,1,0,1,1,0,0,1,0,0,0,1,0,1,2,1
-0.002054796438650507,0.8710406311863795,1.5221301566026326,0.6681846485863079,-0.40199490441104246,-0.9383447523158153,1,0,1,0,0,1,0,1,1,0,0,1,0,1,0,0,1,0,0,0
-0.341389751164367,-0.4349679859204425,1.730423197156991,-0.691180444079306,0.4139151590872966,0.028626206786179966,1,0,0,1,0,1,0,1,1,0,0,0,1,1,0,2,0,1,0,0
0.5069476356499242,0.0003682197818315326,-0.6302312624590697,-0.011497897746499092,-0.40199490441104246,0.9955971658881752,1,0,1,0,0,1,0,1,1,0,0,0,1,1,0,2,2,2,1,0
1.3552850224642152,-0.6961697093418069,1.1749750890120354,0.6681846485863079,-0.40199490441104246,-0.9383447523158153,1,0,0,1,0,1,0,1,1,0,1,0,0,2,1,0,1,1,0,0
1.015950067738499,-0.5220352270608973,1.452699143084513,0.6681846485863079,0.4139151590872966,0.028626206786179966,1,0,1,0,0,1,0,1,1,0,0,1,0,1,0,1,1,2,0,0
0.8462825903756406,-1.3056403973249906,1.0361130619757966,-1.370862990412113,0.4139151590872966,0.028626206786179966,1,0,0,1,1,0,0,1,1,0,0,0,1,2,1,1,1,1,1,1
1.6946199771899317,-0.6961697093418069,0.4806649538308412,0.6681846485863079,-0.40199490441104246,-1.9053157114178105,1,0,0,1,0,1,0,1,1,0,0,0,1,2,1,2,0,1,1,1
0.5069476356499242,1.045175113467289,-1.4634034246765029,0.6681846485863079,-1.2179049679093814,-1.9053157114178105,1,0,0,1,1,0,0,1,1,0,0,0,1,0,1,1,2,0,2,0
-1.868397047430091,0.5227716666245603,0.7583890079033189,0.6681846485863079,-0.40199490441104246,-1.9053157114178105,0,1,0,1,1,0,0,1,1,0,0,1,0,2,1,1,0,2,0,0
-0.5110572285272252,-1.4797748796059,-1.5328344381946224,1.3478671949191148,-0.40199490441104246,0.9955971658881752,0,1,0,1,1,0,0,1,1,0,0,1,0,2,1,2,0,2,1,1
0.16761268092420772,1.4805113191695631,-0.9773863300496669,0.6681846485863079,-1.2179049679093814,0.028626206786179966,1,0,0,1,1,0,0,1,0,1,0,1,0,2,2,0,0,2,2,0
-0.17172227380150873,1.4805113191695631,-0.9773863300496669,1.3478671949191148,0.4139151590872966,-1.9053157114178105,0,1,0,1,0,1,0,1,1,0,0,1,0,2,1,2,1,2,2,1
0.6766151130127824,1.045175113467289,0.7583890079033189,-1.370862990412113,1.2298252225856356,-0.9383447523158153,1,0,0,1,0,1,0,1,1,0,0,1,0,1,1,2,1,2,0,0
-1.189727137978658,-1.566842120746355,-1.324541397640264,0.6681846485863079,-0.40199490441104246,0.9955971658881752,1,0,0,1,0,1,0,1,0,1,0,0,1,1,1,0,0,2,0,0
1.185617545101357,-0.7832369504822617,-0.005352140795994853,-0.691180444079306,0.4139151590872966,0.9955971658881752,0,1,1,0,0,1,0,1,1,0,0,1,0,2,1,1,1,2,0,0
0.16761268092420772,1.6546458014504728,-1.5328344381946224,-0.011497897746499092,-1.2179049679093814,0.9955971658881752,1,0,0,1,0,1,0,1,1,0,0,1,0,1,2,1,1,0,2,0
-0.5110572285272252,1.045175113467289,-0.005352140795994853,0.6681846485863079,0.4139151590872966,0.028626206786179966,1,0,0,1,0,1,0,1,1,0,0,1,0,0,0,1,1,2,2,0
-1.189727137978658,-0.8703041916227164,-0.005352140795994853,0.6681846485863079,-0.40199490441104246,-0.9383447523158153,0,1,0,1,0,1,0,1,0,1,0,0,1,2,2,2,2,1,2,1
0.16761268092420772,0.7839733900459247,-0.6996622759771891,0.6681846485863079,0.4139151590872966,0.028626206786179966,1,0,0,1,0,1,0,1,1,0,0,1,0,0,0,1,0,0,1,0
1.5249524998270736,1.4805113191695631,-1.1856793706040252,0.6681846485863079,-0.40199490441104246,0.9955971658881752,1,0,1,0,1,0,0,1,1,0,1,0,0,1,1,1,2,1,1,1
-1.3593946153415164,0.0003682197818315326,1.0361130619757966,-0.011497897746499092,1.2298252225856356,0.028626206786179966,1,0,0,1,1,0,0,1,1,0,0,1,0,1,0,1,0,1,0,0
-0.002054796438650507,0.5227716666245603,1.5221301566026326,-0.691180444079306,-0.40199490441104246,-0.9383447523158153,0,1,1,0,1,0,0,1,1,0,0,1,0,1,1,0,0,1,0,1
-0.17172227380150873,1.045175113467289,-0.352507208386592,-0.691180444079306,0.4139151590872966,0.028626206786179966,1,0,1,0,1,0,0,1,1,0,1,0,0,2,1,2,1,1,0,0
1.5249524998270736,-0.609102468201352,-0.49136923542283084,-0.011497897746499092,-0.40199490441104246,0.9955971658881752,0,1,1,0,1,0,0,1,0,1,0,0,1,2,1,0,0,2,0,1
0.3372801582870659,0.69690614890547,-0.8385243030134281,-0.691180444079306,1.2298252225856356,0.028626206786179966,0,1,0,1,0,1,0,1,1,0,0,0,1,1,0,0,0,1,2,0
-0.002054796438650507,-0.34790074477998767,0.8278200214214383,-0.691180444079306,-0.40199490441104246,0.9955971658881752,0,1,0,1,0,1,0,1,1,0,1,0,0,2,2,0,0,1,2,1
-0.17172227380150873,1.045175113467289,0.8972510349395577,-0.691180444079306,-0.40199490441104246,-0.9383447523158153,0,1,0,1,0,1,0,1,1,0,0,0,1,1,1,0,2,1,2,0
0.8462825903756406,1.6546458014504728,-1.2551103841221445,0.6681846485863079,-0.40199490441104246,0.028626206786179966,0,1,1,0,1,0,0,1,1,0,0,0,1,0,1,1,1,0,2,1
0.16761268092420772,-1.3927076384654453,0.5500959673489606,-0.011497897746499092,0.4139151590872966,0.028626206786179966,1,0,0,1,0,1,0,1,1,0,0,1,0,2,0,2,0,0,0,1
-0.8503921832529416,-1.7409766030272644,-0.21364518135035315,-1.370862990412113,0.4139151590872966,-0.9383447523158153,0,1,0,1,0,1,0,1,1,0,0,0,1,1,0,2,2,2,0,0
0.5069476356499242,-1.4797748796059,-0.4219382219047114,0.6681846485863079,0.4139151590872966,0.9955971658881752,0,1,0,1,1,0,0,1,0,1,1,0,0,1,1,2,1,0,0,0
1.185617545101357,0.69690614890547,-1.324541397640264,-0.011497897746499092,0.4139151590872966,0.9955971658881752,1,0,0,1,1,0,0,1,1,0,0,1,0,1,0,2,0,1,2,0
-0.002054796438650507,0.43570442548410554,-1.1856793706040252,-0.691180444079306,-1.2179049679093814,-0.9383447523158153,0,1,1,0,1,0,0,1,1,0,1,0,0,1,1,0,0,1,2,0
1.6946199771899317,-0.08669902135862327,-0.6996622759771891,-0.691180444079306,-0.40199490441104246,0.9955971658881752,1,0,0,1,1,0,0,1,1,0,1,0,0,2,1,1,0,1,2,0
0.5069476356499242,-1.4797748796059,0.61952698086708,1.3478671949191148,-1.2179049679093814,0.028626206786179966,1,0,0,1,0,1,0,1,1,0,0,1,0,0,1,2,2,1,0,0
0.16761268092420772,1.3063768368886535,-0.9079553165315475,-1.370862990412113,-0.40199490441104246,0.9955971658881752,0,1,0,1,1,0,0,1,1,0,0,0,1,1,1,2,1,0,0,0
0.3372801582870659,-0.8703041916227164,-1.5328344381946224,-0.691180444079306,1.2298252225856356,-0.9383447523158153,1,0,0,1,0,1,0,1,1,0,0,0,1,1,2,1,1,2,0,0
-0.002054796438650507,-0.6961697093418069,1.0361130619757966,0.6681846485863079,0.4139151590872966,-0.9383447523158153,1,0,1,0,1,0,1,0,1,0,0,1,0,1,1,2,0,0,1,0
-0.341389751164367,1.045175113467289,-0.49136923542283084,0.6681846485863079,0.4139151590872966,0.028626206786179966,0,1,1,0,0,1,0,1,1,0,0,0,1,1,1,0,2,2,0,0
-0.5110572285272252,0.08743546092228634,0.7583890079033189,0.6681846485863079,-0.40199490441104246,0.028626206786179966,0,1,1,0,1,0,0,1,1,0,0,1,0,1,2,1,1,1,2,0
-0.6807247058900834,1.2193095957481987,0.06407887272212458,0.6681846485863079,1.2298252225856356,0.9955971658881752,1,0,0,1,0,1,0,1,1,0,1,0,0,1,1,0,1,1,2,0
-0.002054796438650507,-1.7409766030272644,-0.1442141678322337,1.3478671949191148,2.045735286083975,0.9955971658881752,0,1,0,1,1,0,0,1,1,0,1,0,0,1,1,2,1,1,1,0
-0.17172227380150873,1.4805113191695631,1.591561170120752,0.6681846485863079,-0.40199490441104246,0.9955971658881752,0,1,1,0,1,0,0,1,0,1,0,1,0,1,0,1,0,1,0,0
0.5069476356499242,-0.4349679859204425,-0.6302312624590697,0.6681846485863079,2.861645349582314,0.028626206786179966,0,1,0,1,0,1,0,1,1,0,0,1,0,1,0,1,1,0,0,0
-0.17172227380150873,0.26156994320319593,1.0361130619757966,0.6681846485863079,1.2298252225856356,0.028626206786179966,1,0,0,1,1,0,0,1,1,0,0,0,1,2,1,0,0,1,1,1
-0.002054796438650507,1.567578560310018,-0.5608002489409503,0.6681846485863079,-1.2179049679093814,0.028626206786179966,1,0,0,1,0,1,0,1,1,0,0,0,1,0,2,1,2,1,0,0
2.3732898866413645,-1.6539093618868097,-0.8385243030134281,1.3478671949191148,0.4139151590872966,1.9625681249901703,1,0,0,1,1,0,0,1,1,0,0,1,0,1,0,0,1,1,0,1
-0.6807247058900834,1.045175113467289,-0.49136923542283084,0.6681846485863079,-0.40199490441104246,-0.9383447523158153,0,1,0,1,0,1,0,1,1,0,0,0,1,1,2,1,1,2,0,0
-0.6807247058900834,0.17450270206274113,1.6609921836388715,-0.691180444079306,1.2298252225856356,-0.9383447523158153,0,1,0,1,0,1,0,1,1,0,0,0,1,1,1,1,2,1,0,0
0.5069476356499242,-0.34790074477998767,0.61952698086708,0.6681846485863079,0.4139151590872966,0.9955971658881752,1,0,0,1,1,0,0,1,1,0,0,0,1,1,1,2,2,1,1,0
0.8462825903756406,0.34863718434365076,0.5500959673489606,-0.011497897746499092,-0.40199490441104246,0.028626206786179966,0,1,0,1,0,1,0,1,1,0,0,0,1,1,1,2,0,1,0,1
-0.6807247058900834,-1.4797748796059,0.27237191327648286,0.6681846485863079,0.4139151590872966,0.028626206786179966,0,1,0,1,1,0,0,1,1,0,0,0,1,1,1,1,0,2,1,1
-1.189727137978658,-0.8703041916227164,0.8278200214214383,-0.011497897746499092,-0.40199490441104246,1.9625681249901703,0,1,0,1,1,0,0,1,1,0,0,1,0,1,1,1,0,0,0,0
2.3732898866413645,-0.5220352270608973,0.06407887272212458,-0.011497897746499092,0.4139151590872966,-0.9383447523158153,1,0,0,1,0,1,0,1,1,0,0,0,1,2,0,1,0,2,1,0
-0.002054796438650507,-0.2608335036395329,-1.3939724111583836,0.6681846485863079,-0.40199490441104246,0.028626206786179966,1,0,0,1,1,0,0,1,1,0,1,0,0,2,1,0,1,1,1,2
-0.341389751164367,-0.2608335036395329,-1.2551103841221445,1.3478671949191148,-0.40199490441104246,-0.9383447523158153,0,1,0,1,0,1,0,1,1,0,1,0,0,2,1,0,0,2,2,0
-1.3593946153415164,1.2193095957481987,-0.9773863300496669,-0.691180444079306,1.2298252225856356,0.9955971658881752,0,1,0,1,0,1,0,1,1,0,0,1,0,0,2,1,2,2,1,0
-0.17172227380150873,0.43570442548410554,-0.2830761948684726,-2.05054553674492,-0.40199490441104246,0.028626206786179966,1,0,0,1,1,0,0,1,1,0,1,0,0,2,1,0,1,2,0,2
0.5069476356499242,-0.2608335036395329,0.27237191327648286,-0.011497897746499092,-1.2179049679093814,-0.9383447523158153,0,1,0,1,0,1,0,1,1,0,0,1,0,1,1,1,0,2,0,1
-1.868397047430091,0.8710406311863795,-0.6996622759771891,1.3478671949191148,1.2298252225856356,0.028626206786179966,1,0,0,1,0,1,0,1,1,0,0,0,1,2,1,0,1,1,0,0
0.6766151130127824,1.6546458014504728,-1.6022654517127417,0.6681846485863079,-0.40199490441104246,-0.9383447523158153,0,1,0,1,0,1,0,1,1,0,1,0,0,1,0,0,0,2,0,0
-0.002054796438650507,-1.3056403973249906,0.8972510349395577,-0.691180444079306,-1.2179049679093814,0.9955971658881752,0,1,0,1,1,0,0,1,0,1,1,0,0,2,1,1,1,2,0,0
1.3552850224642152,0.43570442548410554,-0.07478315431411428,-0.011497897746499092,-0.40199490441104246,0.028626206786179966,1,0,0,1,0,1,0,1,1,0,0,0,1,1,1,1,1,2,2,0
1.3552850224642152,1.6546458014504728,0.8972510349395577,-0.691180444079306,1.2298252225856356,0.9955971658881752,1,0,0,1,0,1,0,1,1,0,0,0,1,1,1,1,0,1,0,0
0.3372801582870659,1.6546458014504728,1.591561170120752,2.0275497412519217,-0.40199490441104246,-1.9053157114178105,0,1,1,0,1,0,0,1,1,0,0,1,0,1,1,0,1,1,1,0
-0.17172227380150873,-1.131505915044081,1.452699143084513,0.6681846485863079,-0.40199490441104246,0.028626206786179966,0,1,0,1,1,0,1,0,1,0,0,0,1,1,0,2,2,0,1,0
-1.5290620927043745,1.2193095957481987,-0.6302312624590697,0.6681846485863079,-0.40199490441104246,0.9955971658881752,1,0,0,1,0,1,1,0,1,0,0,1,0,1,0,2,2,0,0,0
1.8642874545527899,0.9581078723268344,1.3138371160482742,-0.011497897746499092,0.4139151590872966,0.028626206786179966,0,1,0,1,0,1,0,1,1,0,1,0,0,1,2,2,2,2,0,2
-0.002054796438650507,-1.2185731561845357,-1.3939724111583836,-0.691180444079306,-0.40199490441104246,0.028626206786179966,1,0,0,1,0,1,0,1,1,0,1,0,0,1,1,0,2,2,2,1
-0.6807247058900834,-1.3056403973249906,-0.49136923542283084,1.3478671949191148,-0.40199490441104246,0.028626206786179966,0,1,0,1,1,0,0,1,1,0,0,1,0,1,0,1,2,1,0,1
0.3372801582870659,-1.4797748796059,-1.5328344381946224,-1.370862990412113,1.2298252225856356,-0.9383447523158153,0,1,0,1,0,1,0,1,1,0,1,0,0,2,2,2,0,2,0,0
-0.6807247058900834,-1.131505915044081,1.6609921836388715,1.3478671949191148,0.4139151590872966,-0.9383447523158153,0,1,0,1,1,0,0,1,0,1,0,1,0,2,2,1,1,1,0,1
-0.341389751164367,-1.3927076384654453,0.06407887272212458,-1.370862990412113,-0.40199490441104246,0.9955971658881752,0,1,0,1,0,1,0,1,1,0,0,0,1,1,2,0,0,1,0,1
1.185617545101357,-0.17376626249907806,0.6889579943851994,0.6681846485863079,-1.2179049679093814,0.028626206786179966,0,1,0,1,1,0,0,1,1,0,0,0,1,2,2,1,2,1,1,0
-0.6807247058900834,0.43570442548410554,1.244406102530155,-0.011497897746499092,-0.40199490441104246,0.028626206786179966,0,1,0,1,1,0,0,1,1,0,0,0,1,0,1,2,1,2,0,0
